date,instrument,open,high,low,close
2022-08-01,SYN_POOL_A01,9.89,9.93,9.86,9.89
2022-08-02,SYN_POOL_A01,9.84,9.96,9.81,9.93
2022-08-03,SYN_POOL_A01,9.88,9.99,9.85,9.96
2022-08-04,SYN_POOL_A01,9.92,10.02,9.89,9.99
2022-08-05,SYN_POOL_A01,9.96,10.05,9.94,10.03
2022-08-08,SYN_POOL_A01,9.99,10.08,9.98,10.06
2022-08-09,SYN_POOL_A01,10.03,10.11,10.02,10.1
2022-08-10,SYN_POOL_A01,10.07,10.14,10.07,10.13
2022-08-11,SYN_POOL_A01,10.11,10.17,10.11,10.16
2022-08-12,SYN_POOL_A01,10.15,10.2,10.15,10.2
2022-08-15,SYN_POOL_A01,10.19,10.23,10.18,10.23
2022-08-16,SYN_POOL_A01,10.23,10.27,10.22,10.27
2022-08-17,SYN_POOL_A01,10.27,10.31,10.25,10.3
2022-08-18,SYN_POOL_A01,10.31,10.35,10.29,10.33
2022-08-19,SYN_POOL_A01,10.35,10.39,10.32,10.37
2022-08-22,SYN_POOL_A01,10.39,10.43,10.36,10.4
2022-08-23,SYN_POOL_A01,10.43,10.46,10.4,10.44
2022-08-24,SYN_POOL_A01,10.47,10.5,10.43,10.47
2022-08-25,SYN_POOL_A01,10.51,10.54,10.46,10.51
2022-08-26,SYN_POOL_A01,10.55,10.59,10.49,10.54
2022-08-29,SYN_POOL_A01,10.59,10.63,10.52,10.58
2022-08-30,SYN_POOL_A01,10.63,10.68,10.55,10.61
2022-08-31,SYN_POOL_A01,10.67,10.72,10.58,10.65
2022-09-01,SYN_POOL_A01,10.71,10.77,10.62,10.68
2022-09-02,SYN_POOL_A01,10.75,10.81,10.66,10.71
2022-09-05,SYN_POOL_A01,10.79,10.85,10.7,10.75
2022-09-06,SYN_POOL_A01,10.67,10.84,10.63,10.78
2022-09-07,SYN_POOL_A01,10.72,10.77,10.52,10.56
2022-09-08,SYN_POOL_A01,10.5,10.64,10.46,10.6
2022-09-09,SYN_POOL_A01,10.54,10.67,10.5,10.63
2022-09-12,SYN_POOL_A01,10.58,10.7,10.55,10.67
2022-09-13,SYN_POOL_A01,10.62,10.73,10.59,10.7
2022-09-14,SYN_POOL_A01,10.66,10.76,10.64,10.73
2022-09-15,SYN_POOL_A01,10.7,10.79,10.68,10.77
2022-09-16,SYN_POOL_A01,10.74,10.82,10.73,10.8
2022-09-19,SYN_POOL_A01,10.78,10.85,10.77,10.84
2022-09-20,SYN_POOL_A01,10.82,10.88,10.82,10.87
2022-09-21,SYN_POOL_A01,10.86,10.91,10.86,10.91
2022-09-22,SYN_POOL_A01,10.9,10.94,10.89,10.94
2022-09-23,SYN_POOL_A01,10.94,10.98,10.93,10.98
2022-09-26,SYN_POOL_A01,10.98,11.02,10.97,11.01
2022-09-27,SYN_POOL_A01,11.02,11.06,11.0,11.05
2022-09-28,SYN_POOL_A01,11.06,11.1,11.04,11.08
2022-09-29,SYN_POOL_A01,11.1,11.14,11.07,11.12
2022-09-30,SYN_POOL_A01,11.14,11.18,11.11,11.15
2022-10-03,SYN_POOL_A01,11.18,11.22,11.14,11.19
2022-10-04,SYN_POOL_A01,11.22,11.26,11.18,11.22
2022-10-05,SYN_POOL_A01,11.27,11.31,11.21,11.26
2022-10-06,SYN_POOL_A01,11.31,11.35,11.24,11.29
2022-10-07,SYN_POOL_A01,11.35,11.4,11.27,11.33
2022-10-10,SYN_POOL_A01,11.39,11.45,11.3,11.36
2022-10-11,SYN_POOL_A01,11.43,11.49,11.33,11.4
2022-10-12,SYN_POOL_A01,11.47,11.54,11.37,11.43
2022-10-13,SYN_POOL_A01,11.51,11.58,11.41,11.47
2022-10-14,SYN_POOL_A01,11.39,11.57,11.34,11.51
2022-10-17,SYN_POOL_A01,11.43,11.6,11.38,11.54
2022-10-18,SYN_POOL_A01,11.47,11.52,11.26,11.3
2022-10-19,SYN_POOL_A01,11.24,11.38,11.2,11.34
2022-10-20,SYN_POOL_A01,11.28,11.41,11.25,11.37
2022-10-21,SYN_POOL_A01,11.32,11.44,11.29,11.41
2022-10-24,SYN_POOL_A01,11.36,11.47,11.34,11.44
2022-10-25,SYN_POOL_A01,11.4,11.5,11.38,11.48
2022-10-26,SYN_POOL_A01,11.44,11.53,11.43,11.51
2022-10-27,SYN_POOL_A01,11.48,11.57,11.47,11.55
2022-10-28,SYN_POOL_A01,11.53,11.6,11.52,11.58
2022-10-31,SYN_POOL_A01,11.57,11.63,11.57,11.62
2022-11-01,SYN_POOL_A01,11.61,11.66,11.6,11.65
2022-11-02,SYN_POOL_A01,11.65,11.69,11.64,11.69
2022-11-03,SYN_POOL_A01,11.69,11.73,11.68,11.73
2022-11-04,SYN_POOL_A01,11.73,11.77,11.71,11.76
2022-11-07,SYN_POOL_A01,11.77,11.81,11.75,11.8
2022-11-08,SYN_POOL_A01,11.82,11.86,11.79,11.83
2022-11-09,SYN_POOL_A01,11.86,11.9,11.82,11.87
2022-11-10,SYN_POOL_A01,11.9,11.94,11.86,11.9
2022-11-11,SYN_POOL_A01,11.94,11.98,11.89,11.94
2022-11-14,SYN_POOL_A01,11.98,12.03,11.92,11.97
2022-11-15,SYN_POOL_A01,12.03,12.07,11.95,12.01
2022-11-16,SYN_POOL_A01,12.07,12.12,11.99,12.05
2022-11-17,SYN_POOL_A01,12.11,12.17,12.02,12.08
2022-11-18,SYN_POOL_A01,12.15,12.22,12.05,12.12
2022-11-21,SYN_POOL_A01,12.19,12.26,12.09,12.15
2022-11-22,SYN_POOL_A01,12.24,12.31,12.13,12.19
2022-11-23,SYN_POOL_A01,12.1,12.29,12.05,12.23
2022-11-24,SYN_POOL_A01,12.15,12.32,12.09,12.26
2022-11-25,SYN_POOL_A01,12.19,12.24,11.96,12.01
2022-11-28,SYN_POOL_A01,11.94,12.09,11.9,12.04
2022-11-29,SYN_POOL_A01,11.98,12.12,11.94,12.08
2022-11-30,SYN_POOL_A01,12.02,12.15,11.99,12.11
2022-12-01,SYN_POOL_A01,12.06,12.18,12.04,12.15
2022-12-02,SYN_POOL_A01,12.11,12.22,12.08,12.19
2022-12-05,SYN_POOL_A01,12.15,12.25,12.13,12.22
2022-12-06,SYN_POOL_A01,12.19,12.28,12.18,12.26
2022-12-07,SYN_POOL_A01,12.23,12.31,12.23,12.29
2022-12-08,SYN_POOL_A01,12.27,12.34,12.27,12.33
2022-12-09,SYN_POOL_A01,12.32,12.37,12.31,12.37
2022-12-12,SYN_POOL_A01,12.36,12.4,12.35,12.4
2022-12-13,SYN_POOL_A01,12.4,12.44,12.39,12.44
2022-12-14,SYN_POOL_A01,12.44,12.49,12.42,12.47
2022-12-15,SYN_POOL_A01,12.49,12.53,12.46,12.51
2022-12-16,SYN_POOL_A01,12.53,12.57,12.5,12.55
2022-12-19,SYN_POOL_A01,12.57,12.61,12.54,12.58
2022-12-20,SYN_POOL_A01,12.61,12.65,12.57,12.62
2022-12-21,SYN_POOL_A01,12.66,12.7,12.61,12.65
2022-12-22,SYN_POOL_A01,12.7,12.75,12.64,12.69
2022-12-23,SYN_POOL_A01,12.74,12.79,12.67,12.73
2022-12-26,SYN_POOL_A01,12.79,12.84,12.7,12.76
2022-12-27,SYN_POOL_A01,12.83,12.89,12.73,12.8
2022-12-28,SYN_POOL_A01,12.87,12.94,12.76,12.84
2022-12-29,SYN_POOL_A01,12.92,12.99,12.8,12.87
2022-12-30,SYN_POOL_A01,12.96,13.04,12.84,12.91
2023-01-02,SYN_POOL_A01,13.0,13.07,12.88,12.95
2023-01-03,SYN_POOL_A01,12.86,13.05,12.8,12.98
2023-01-04,SYN_POOL_A01,12.9,12.96,12.66,12.71
2023-01-05,SYN_POOL_A01,12.64,12.8,12.59,12.75
2023-01-06,SYN_POOL_A01,12.68,12.83,12.64,12.78
2023-01-09,SYN_POOL_A01,12.72,12.86,12.69,12.82
2023-01-10,SYN_POOL_A01,12.77,12.89,12.74,12.86
2023-01-11,SYN_POOL_A01,12.81,12.93,12.79,12.89
2023-01-12,SYN_POOL_A01,12.85,12.96,12.83,12.93
2023-01-13,SYN_POOL_A01,12.9,12.99,12.88,12.97
2023-01-16,SYN_POOL_A01,12.94,13.02,12.93,13.0
2023-01-17,SYN_POOL_A01,12.98,13.05,12.98,13.04
2023-01-18,SYN_POOL_A01,13.02,13.08,13.02,13.08
2023-01-19,SYN_POOL_A01,13.07,13.11,13.06,13.11
2023-01-20,SYN_POOL_A01,13.11,13.16,13.1,13.15
2023-01-23,SYN_POOL_A01,13.15,13.2,13.14,13.19
2023-01-24,SYN_POOL_A01,13.2,13.24,13.17,13.22
2023-01-25,SYN_POOL_A01,13.24,13.28,13.21,13.26
2023-01-26,SYN_POOL_A01,13.29,13.33,13.25,13.3
2023-01-27,SYN_POOL_A01,13.33,13.37,13.29,13.33
2023-01-30,SYN_POOL_A01,13.37,13.41,13.32,13.37
2023-01-31,SYN_POOL_A01,13.42,13.46,13.35,13.41
2023-02-01,SYN_POOL_A01,13.46,13.51,13.38,13.44
2023-02-02,SYN_POOL_A01,13.5,13.56,13.42,13.48
2023-02-03,SYN_POOL_A01,13.55,13.61,13.45,13.52
2023-02-06,SYN_POOL_A01,13.59,13.66,13.48,13.56
2023-02-07,SYN_POOL_A01,13.64,13.71,13.51,13.59
2023-02-08,SYN_POOL_A01,13.68,13.76,13.56,13.63
2023-02-09,SYN_POOL_A01,13.73,13.8,13.6,13.67
2023-02-10,SYN_POOL_A01,13.57,13.78,13.51,13.71
2023-02-13,SYN_POOL_A01,13.62,13.68,13.36,13.42
2023-02-14,SYN_POOL_A01,13.34,13.51,13.29,13.45
2023-02-15,SYN_POOL_A01,13.38,13.54,13.34,13.49
2023-02-16,SYN_POOL_A01,13.43,13.57,13.39,13.53
2023-02-17,SYN_POOL_A01,13.47,13.6,13.44,13.56
2023-02-20,SYN_POOL_A01,13.51,13.64,13.49,13.6
2023-02-21,SYN_POOL_A01,13.56,13.67,13.54,13.64
2023-02-22,SYN_POOL_A01,13.6,13.7,13.58,13.68
2023-02-23,SYN_POOL_A01,13.64,13.73,13.63,13.71
2023-02-24,SYN_POOL_A01,13.69,13.76,13.68,13.75
2023-02-27,SYN_POOL_A01,13.73,13.79,13.73,13.79
2023-02-28,SYN_POOL_A01,13.78,13.82,13.77,13.82
2023-03-01,SYN_POOL_A01,13.82,13.87,13.81,13.86
2023-03-02,SYN_POOL_A01,13.87,13.91,13.85,13.9
2023-03-03,SYN_POOL_A01,13.91,13.95,13.88,13.94
2023-03-06,SYN_POOL_A01,13.95,14.0,13.92,13.97
2023-03-07,SYN_POOL_A01,14.0,14.04,13.96,14.01
2023-03-08,SYN_POOL_A01,14.04,14.08,14.0,14.05
2023-03-09,SYN_POOL_A01,14.09,14.13,14.04,14.09
2023-03-10,SYN_POOL_A01,14.13,14.18,14.07,14.12
2023-03-13,SYN_POOL_A01,14.18,14.23,14.1,14.16
2023-03-14,SYN_POOL_A01,14.22,14.28,14.13,14.2
2023-03-15,SYN_POOL_A01,14.27,14.33,14.16,14.24
2023-03-16,SYN_POOL_A01,14.31,14.39,14.19,14.27
2023-03-17,SYN_POOL_A01,14.36,14.44,14.23,14.31
2023-03-20,SYN_POOL_A01,14.4,14.49,14.27,14.35
2023-03-21,SYN_POOL_A01,14.45,14.53,14.32,14.39
2023-03-22,SYN_POOL_A01,14.29,14.5,14.22,14.43
2023-03-23,SYN_POOL_A01,14.33,14.4,14.06,14.12
2023-03-24,SYN_POOL_A01,14.04,14.22,13.98,14.16
2023-03-27,SYN_POOL_A01,14.08,14.25,14.03,14.2
2023-03-28,SYN_POOL_A01,14.13,14.28,14.08,14.23
2023-03-29,SYN_POOL_A01,14.17,14.31,14.13,14.27
2023-03-30,SYN_POOL_A01,14.22,14.35,14.19,14.31
2023-03-31,SYN_POOL_A01,14.26,14.38,14.24,14.35
2023-04-03,SYN_POOL_A01,14.3,14.41,14.29,14.38
2023-04-04,SYN_POOL_A01,14.35,14.44,14.34,14.42
2023-04-05,SYN_POOL_A01,14.39,14.47,14.39,14.46
2023-04-06,SYN_POOL_A01,14.44,14.5,14.44,14.5
2023-04-07,SYN_POOL_A01,14.48,14.54,14.48,14.53
2023-04-10,SYN_POOL_A01,14.53,14.58,14.52,14.57
2023-04-11,SYN_POOL_A01,14.58,14.62,14.56,14.61
2023-04-12,SYN_POOL_A01,14.62,14.67,14.6,14.65
2023-04-13,SYN_POOL_A01,14.67,14.71,14.63,14.69
2023-04-14,SYN_POOL_A01,14.71,14.75,14.67,14.72
2023-04-17,SYN_POOL_A01,14.76,14.8,14.71,14.76
2023-04-18,SYN_POOL_A01,14.8,14.85,14.75,14.8
2023-04-19,SYN_POOL_A01,14.85,14.9,14.78,14.84
2023-04-20,SYN_POOL_A01,14.9,14.95,14.81,14.88
2023-04-21,SYN_POOL_A01,14.94,15.0,14.85,14.92
2023-04-24,SYN_POOL_A01,14.99,15.06,14.88,14.95
2023-04-25,SYN_POOL_A01,15.03,15.11,14.91,14.99
2023-04-26,SYN_POOL_A01,15.08,15.16,14.94,15.03
2023-04-27,SYN_POOL_A01,15.13,15.21,14.99,15.07
2023-04-28,SYN_POOL_A01,15.17,15.26,15.03,15.11
2023-05-01,SYN_POOL_A01,15.0,15.23,14.93,15.15
2023-05-02,SYN_POOL_A01,15.05,15.26,14.98,15.19
2023-05-03,SYN_POOL_A01,15.09,15.16,14.81,14.86
2023-05-04,SYN_POOL_A01,14.78,14.96,14.73,14.9
2023-05-05,SYN_POOL_A01,14.83,14.99,14.78,14.94
2023-05-08,SYN_POOL_A01,14.87,15.02,14.83,14.98
2023-05-09,SYN_POOL_A01,14.92,15.06,14.88,15.02
2023-05-10,SYN_POOL_A01,14.96,15.09,14.94,15.05
2023-05-11,SYN_POOL_A01,15.01,15.12,14.99,15.09
2023-05-12,SYN_POOL_A01,15.05,15.15,15.04,15.13
2023-05-15,SYN_POOL_A01,15.1,15.18,15.09,15.17
2023-05-16,SYN_POOL_A01,15.15,15.22,15.15,15.21
2023-05-17,SYN_POOL_A01,15.19,15.25,15.19,15.25
2023-05-18,SYN_POOL_A01,15.24,15.29,15.23,15.28
2023-05-19,SYN_POOL_A01,15.29,15.33,15.27,15.32
2023-05-22,SYN_POOL_A01,15.33,15.38,15.31,15.36
2023-05-23,SYN_POOL_A01,15.38,15.42,15.35,15.4
2023-05-24,SYN_POOL_A01,15.42,15.47,15.39,15.44
2023-05-25,SYN_POOL_A01,15.47,15.51,15.43,15.48
2023-05-26,SYN_POOL_A01,15.52,15.56,15.46,15.52
2023-05-29,SYN_POOL_A01,15.56,15.61,15.5,15.55
2023-05-30,SYN_POOL_A01,15.61,15.67,15.53,15.59
2023-05-31,SYN_POOL_A01,15.66,15.72,15.56,15.63
2023-06-01,SYN_POOL_A01,15.71,15.78,15.59,15.67
2023-06-02,SYN_POOL_A01,15.75,15.83,15.62,15.71
2023-06-05,SYN_POOL_A01,15.8,15.88,15.66,15.75
2023-06-06,SYN_POOL_A01,15.85,15.94,15.7,15.79
2023-06-07,SYN_POOL_A01,15.89,15.99,15.74,15.83
2023-06-08,SYN_POOL_A01,15.71,15.95,15.64,15.87
2023-06-09,SYN_POOL_A01,15.76,15.99,15.69,15.91
2023-06-12,SYN_POOL_A01,15.81,15.88,15.51,15.57
2023-06-13,SYN_POOL_A01,15.48,15.67,15.42,15.61
2023-06-14,SYN_POOL_A01,15.53,15.7,15.48,15.64
2023-06-15,SYN_POOL_A01,15.57,15.73,15.53,15.68
2023-06-16,SYN_POOL_A01,15.62,15.77,15.58,15.72
2023-06-19,SYN_POOL_A01,15.67,15.8,15.64,15.76
2023-06-20,SYN_POOL_A01,15.71,15.83,15.69,15.8
2023-06-21,SYN_POOL_A01,15.76,15.86,15.74,15.84
2023-06-22,SYN_POOL_A01,15.81,15.9,15.8,15.88
2023-06-23,SYN_POOL_A01,15.85,15.93,15.85,15.92
2023-06-26,SYN_POOL_A01,15.9,15.96,15.9,15.96
2023-06-27,SYN_POOL_A01,15.95,16.0,15.94,15.99
2023-06-28,SYN_POOL_A01,15.99,16.04,15.98,16.03
2023-06-29,SYN_POOL_A01,16.04,16.09,16.02,16.07
2023-06-30,SYN_POOL_A01,16.09,16.14,16.06,16.11
2023-07-03,SYN_POOL_A01,16.14,16.18,16.1,16.15
2023-07-04,SYN_POOL_A01,16.18,16.23,16.14,16.19
2023-07-05,SYN_POOL_A01,16.23,16.28,16.18,16.23
2023-07-06,SYN_POOL_A01,16.28,16.33,16.21,16.27
2023-07-07,SYN_POOL_A01,16.33,16.39,16.24,16.31
2023-07-10,SYN_POOL_A01,16.38,16.44,16.27,16.35
2023-07-11,SYN_POOL_A01,16.42,16.5,16.31,16.39
2023-07-12,SYN_POOL_A01,16.47,16.55,16.34,16.43
2023-07-13,SYN_POOL_A01,16.52,16.61,16.37,16.47
2023-07-14,SYN_POOL_A01,16.57,16.66,16.41,16.51
2023-07-17,SYN_POOL_A01,16.62,16.71,16.46,16.55
2023-07-18,SYN_POOL_A01,16.66,16.76,16.51,16.59
2023-07-19,SYN_POOL_A01,16.47,16.71,16.4,16.63
2023-07-20,SYN_POOL_A01,16.52,16.6,16.21,16.27
2023-07-21,SYN_POOL_A01,16.18,16.38,16.12,16.31
2023-07-24,SYN_POOL_A01,16.23,16.41,16.17,16.35
2023-07-25,SYN_POOL_A01,16.27,16.44,16.23,16.39
2023-07-26,SYN_POOL_A01,16.32,16.48,16.28,16.43
2023-07-27,SYN_POOL_A01,16.37,16.51,16.34,16.47
2023-07-28,SYN_POOL_A01,16.42,16.54,16.39,16.51
2023-07-31,SYN_POOL_A01,16.46,16.57,16.45,16.55
2023-08-01,SYN_POOL_A01,16.51,16.61,16.5,16.59
2023-08-02,SYN_POOL_A01,16.56,16.64,16.56,16.63
2023-08-03,SYN_POOL_A01,16.61,16.67,16.6,16.67
2023-08-04,SYN_POOL_A01,16.66,16.71,16.64,16.71
2023-08-07,SYN_POOL_A01,16.7,16.75,16.69,16.75
2023-08-08,SYN_POOL_A01,16.75,16.8,16.73,16.79
2023-08-09,SYN_POOL_A01,16.8,16.85,16.77,16.83
2023-08-10,SYN_POOL_A01,16.85,16.89,16.81,16.86
2023-08-11,SYN_POOL_A01,16.9,16.94,16.85,16.9
2023-08-14,SYN_POOL_A01,16.95,16.99,16.89,16.94
2023-08-15,SYN_POOL_A01,16.99,17.05,16.92,16.98
2023-08-16,SYN_POOL_A01,17.04,17.1,16.96,17.02
2023-08-17,SYN_POOL_A01,17.09,17.16,16.99,17.07
2023-08-18,SYN_POOL_A01,17.14,17.21,17.02,17.11
2023-08-21,SYN_POOL_A01,17.19,17.27,17.05,17.15
2023-08-22,SYN_POOL_A01,17.24,17.33,17.09,17.19
2023-08-23,SYN_POOL_A01,17.29,17.38,17.13,17.23
2023-08-24,SYN_POOL_A01,17.34,17.44,17.17,17.27
2023-08-25,SYN_POOL_A01,17.39,17.48,17.22,17.31
2023-08-28,SYN_POOL_A01,17.19,17.44,17.11,17.35
2023-08-29,SYN_POOL_A01,17.24,17.32,16.9,16.98
2023-08-30,SYN_POOL_A01,16.88,17.09,16.81,17.01
2023-08-31,SYN_POOL_A01,16.92,17.12,16.87,17.05
2023-09-01,SYN_POOL_A01,16.97,17.15,16.92,17.09
2023-09-04,SYN_POOL_A01,17.02,17.19,16.98,17.13
2023-09-05,SYN_POOL_A01,17.07,17.22,17.03,17.17
2023-09-06,SYN_POOL_A01,17.12,17.25,17.09,17.22
2023-09-07,SYN_POOL_A01,17.17,17.29,17.15,17.26
2023-09-08,SYN_POOL_A01,17.22,17.32,17.2,17.3
2023-09-11,SYN_POOL_A01,17.26,17.35,17.26,17.34
2023-09-12,SYN_POOL_A01,17.31,17.38,17.31,17.38
2023-09-13,SYN_POOL_A01,17.36,17.42,17.35,17.42
2023-09-14,SYN_POOL_A01,17.41,17.46,17.4,17.46
2023-09-15,SYN_POOL_A01,17.46,17.51,17.44,17.5
2023-09-18,SYN_POOL_A01,17.51,17.56,17.48,17.54
2023-09-19,SYN_POOL_A01,17.56,17.61,17.52,17.58
2023-09-20,SYN_POOL_A01,17.61,17.65,17.56,17.62
2023-09-21,SYN_POOL_A01,17.66,17.7,17.6,17.66
2023-09-22,SYN_POOL_A01,17.71,17.76,17.64,17.7
2023-09-25,SYN_POOL_A01,17.76,17.82,17.67,17.74
2023-09-26,SYN_POOL_A01,17.81,17.88,17.7,17.78
2023-09-27,SYN_POOL_A01,17.86,17.93,17.74,17.82
2023-09-28,SYN_POOL_A01,17.91,17.99,17.77,17.86
2023-09-29,SYN_POOL_A01,17.96,18.05,17.8,17.9
2023-10-02,SYN_POOL_A01,18.01,18.11,17.84,17.94
2023-10-03,SYN_POOL_A01,18.06,18.17,17.89,17.99
2023-10-04,SYN_POOL_A01,18.11,18.21,17.93,18.03
2023-10-05,SYN_POOL_A01,17.9,18.16,17.82,18.07
2023-10-06,SYN_POOL_A01,17.95,18.04,17.6,17.68
2023-10-09,SYN_POOL_A01,17.57,17.8,17.51,17.72
2023-10-10,SYN_POOL_A01,17.62,17.83,17.56,17.76
2023-10-11,SYN_POOL_A01,17.67,17.86,17.62,17.8
2023-10-12,SYN_POOL_A01,17.72,17.9,17.68,17.84
2023-10-13,SYN_POOL_A01,17.77,17.93,17.73,17.88
2023-10-16,SYN_POOL_A01,17.82,17.96,17.79,17.92
2023-10-17,SYN_POOL_A01,17.87,18.0,17.85,17.96
2023-10-18,SYN_POOL_A01,17.92,18.03,17.9,18.0
2023-10-19,SYN_POOL_A01,17.97,18.06,17.96,18.04
2023-10-20,SYN_POOL_A01,18.02,18.1,18.02,18.09
2023-10-23,SYN_POOL_A01,18.07,18.13,18.06,18.13
2023-10-24,SYN_POOL_A01,18.12,18.17,18.1,18.17
2023-10-25,SYN_POOL_A01,18.17,18.22,18.15,18.21
2023-10-26,SYN_POOL_A01,18.22,18.27,18.19,18.25
2023-10-27,SYN_POOL_A01,18.27,18.32,18.23,18.29
2023-10-30,SYN_POOL_A01,18.32,18.37,18.27,18.33
2023-10-31,SYN_POOL_A01,18.37,18.42,18.32,18.37
2023-11-01,SYN_POOL_A01,18.42,18.47,18.35,18.41
2023-11-02,SYN_POOL_A01,18.47,18.53,18.38,18.46
2023-11-03,SYN_POOL_A01,18.52,18.59,18.42,18.5
2023-11-06,SYN_POOL_A01,18.57,18.65,18.45,18.54
2023-11-07,SYN_POOL_A01,18.63,18.71,18.48,18.58
2023-11-08,SYN_POOL_A01,18.68,18.77,18.52,18.62
2023-11-09,SYN_POOL_A01,18.73,18.83,18.55,18.66
2023-11-10,SYN_POOL_A01,18.78,18.89,18.6,18.7
2023-11-13,SYN_POOL_A01,18.83,18.94,18.65,18.75
2023-11-14,SYN_POOL_A01,18.61,18.89,18.52,18.79
2023-11-15,SYN_POOL_A01,18.66,18.92,18.58,18.83
2023-11-16,SYN_POOL_A01,18.71,18.8,18.35,18.42
2023-11-17,SYN_POOL_A01,18.32,18.54,18.26,18.46
2023-11-20,SYN_POOL_A01,18.37,18.57,18.31,18.51
2023-11-21,SYN_POOL_A01,18.42,18.61,18.37,18.55
2023-11-22,SYN_POOL_A01,18.47,18.64,18.43,18.59
2023-11-23,SYN_POOL_A01,18.52,18.67,18.49,18.63
2023-11-24,SYN_POOL_A01,18.57,18.71,18.55,18.67
2023-11-27,SYN_POOL_A01,18.62,18.74,18.61,18.71
2023-11-28,SYN_POOL_A01,18.67,18.77,18.67,18.75
2023-11-29,SYN_POOL_A01,18.73,18.81,18.72,18.79
2023-11-30,SYN_POOL_A01,18.78,18.84,18.77,18.84
2023-12-01,SYN_POOL_A01,18.83,18.88,18.81,18.88
2023-12-04,SYN_POOL_A01,18.88,18.93,18.86,18.92
2023-12-05,SYN_POOL_A01,18.93,18.98,18.9,18.96
2023-12-06,SYN_POOL_A01,18.98,19.03,18.94,19.0
2023-12-07,SYN_POOL_A01,19.03,19.08,18.99,19.04
2023-12-08,SYN_POOL_A01,19.08,19.13,19.03,19.09
2023-12-11,SYN_POOL_A01,19.14,19.19,19.06,19.13
2023-12-12,SYN_POOL_A01,19.19,19.25,19.1,19.17
2023-12-13,SYN_POOL_A01,19.24,19.31,19.13,19.21
2023-12-14,SYN_POOL_A01,19.29,19.37,19.17,19.25
2023-12-15,SYN_POOL_A01,19.34,19.43,19.2,19.3
2023-12-18,SYN_POOL_A01,19.4,19.49,19.23,19.34
2023-12-19,SYN_POOL_A01,19.45,19.55,19.27,19.38
2023-12-20,SYN_POOL_A01,19.5,19.61,19.31,19.42
2023-12-21,SYN_POOL_A01,19.55,19.67,19.36,19.46
2023-12-22,SYN_POOL_A01,19.6,19.71,19.41,19.51
2023-12-25,SYN_POOL_A01,19.38,19.65,19.29,19.55
2023-12-26,SYN_POOL_A01,19.43,19.52,19.05,19.13
2023-12-27,SYN_POOL_A01,19.02,19.25,18.95,19.17
2023-12-28,SYN_POOL_A01,19.07,19.28,19.01,19.21
2023-12-29,SYN_POOL_A01,19.12,19.32,19.07,19.25
2024-01-01,SYN_POOL_A01,19.17,19.35,19.13,19.29
2024-01-02,SYN_POOL_A01,19.22,19.38,19.19,19.34
2024-01-03,SYN_POOL_A01,19.28,19.42,19.25,19.38
2024-01-04,SYN_POOL_A01,19.33,19.45,19.31,19.42
2024-01-05,SYN_POOL_A01,19.38,19.48,19.37,19.46
2024-01-08,SYN_POOL_A01,19.43,19.52,19.43,19.5
2024-01-09,SYN_POOL_A01,19.48,19.55,19.48,19.55
2024-01-10,SYN_POOL_A01,19.53,19.59,19.52,19.59
2024-01-11,SYN_POOL_A01,19.59,19.64,19.57,19.63
2024-01-12,SYN_POOL_A01,19.64,19.69,19.61,19.67
2024-01-15,SYN_POOL_A01,19.69,19.74,19.65,19.71
2024-01-16,SYN_POOL_A01,19.74,19.79,19.7,19.76
2024-01-17,SYN_POOL_A01,19.8,19.84,19.74,19.8
2024-01-18,SYN_POOL_A01,19.85,19.9,19.78,19.84
2024-01-19,SYN_POOL_A01,19.9,19.96,19.81,19.88
2024-01-22,SYN_POOL_A01,19.95,20.02,19.85,19.93
2024-01-23,SYN_POOL_A01,20.01,20.09,19.88,19.97
2024-01-24,SYN_POOL_A01,20.06,20.15,19.91,20.01
2024-01-25,SYN_POOL_A01,20.11,20.21,19.95,20.05
2024-01-26,SYN_POOL_A01,20.17,20.27,19.98,20.1
2024-01-29,SYN_POOL_A01,20.22,20.33,20.02,20.14
2024-01-30,SYN_POOL_A01,20.27,20.39,20.07,20.18
2024-01-31,SYN_POOL_A01,20.33,20.44,20.13,20.23
2024-02-01,SYN_POOL_A01,20.09,20.37,20.0,20.27
2024-02-02,SYN_POOL_A01,20.14,20.24,19.75,19.83
2024-02-05,SYN_POOL_A01,19.72,19.96,19.64,19.87
2024-02-06,SYN_POOL_A01,19.77,19.99,19.7,19.91
2024-02-07,SYN_POOL_A01,19.82,20.02,19.76,19.96
2024-02-08,SYN_POOL_A01,19.87,20.06,19.83,20.0
2024-02-09,SYN_POOL_A01,19.92,20.09,19.89,20.04
2024-02-12,SYN_POOL_A01,19.98,20.13,19.95,20.08
2024-02-13,SYN_POOL_A01,20.03,20.16,20.01,20.13
2024-02-14,SYN_POOL_A01,20.08,20.2,20.07,20.17
2024-02-15,SYN_POOL_A01,20.14,20.23,20.13,20.21
2024-02-16,SYN_POOL_A01,20.19,20.26,20.19,20.26
2024-02-19,SYN_POOL_A01,20.24,20.3,20.23,20.3
2024-02-20,SYN_POOL_A01,20.29,20.35,20.27,20.34
2024-02-21,SYN_POOL_A01,20.35,20.4,20.32,20.38
2024-02-22,SYN_POOL_A01,20.4,20.45,20.36,20.43
2024-02-23,SYN_POOL_A01,20.45,20.5,20.41,20.47
2024-02-26,SYN_POOL_A01,20.51,20.56,20.45,20.51
2024-02-27,SYN_POOL_A01,20.56,20.61,20.49,20.56
2024-02-28,SYN_POOL_A01,20.62,20.68,20.53,20.6
2024-02-29,SYN_POOL_A01,20.67,20.74,20.56,20.64
2024-03-01,SYN_POOL_A01,20.72,20.8,20.59,20.69
2024-03-04,SYN_POOL_A01,20.78,20.87,20.63,20.73
2024-03-05,SYN_POOL_A01,20.83,20.93,20.66,20.77
2024-03-06,SYN_POOL_A01,20.88,20.99,20.7,20.81
2024-03-07,SYN_POOL_A01,20.94,21.05,20.74,20.86
2024-03-08,SYN_POOL_A01,20.99,21.12,20.79,20.9
2024-03-11,SYN_POOL_A01,21.05,21.17,20.84,20.94
2024-03-12,SYN_POOL_A01,20.8,21.1,20.7,20.99
2024-03-13,SYN_POOL_A01,20.85,20.95,20.45,20.53
2024-03-14,SYN_POOL_A01,20.41,20.67,20.34,20.58
2024-03-15,SYN_POOL_A01,20.47,20.7,20.4,20.62
2024-03-18,SYN_POOL_A01,20.52,20.73,20.46,20.66
2024-03-19,SYN_POOL_A01,20.57,20.77,20.52,20.71
2024-03-20,SYN_POOL_A01,20.63,20.8,20.58,20.75
2024-03-21,SYN_POOL_A01,20.68,20.84,20.65,20.79
2024-03-22,SYN_POOL_A01,20.73,20.87,20.71,20.83
2024-03-25,SYN_POOL_A01,20.79,20.91,20.77,20.88
2024-03-26,SYN_POOL_A01,20.84,20.94,20.83,20.92
2024-03-27,SYN_POOL_A01,20.89,20.98,20.89,20.96
2024-03-28,SYN_POOL_A01,20.95,21.01,20.94,21.01
2024-03-29,SYN_POOL_A01,21.0,21.06,20.98,21.05
2024-04-01,SYN_POOL_A01,21.06,21.11,21.03,21.09
2024-04-02,SYN_POOL_A01,21.11,21.16,21.07,21.14
2024-04-03,SYN_POOL_A01,21.16,21.22,21.12,21.18
2024-04-04,SYN_POOL_A01,21.22,21.27,21.16,21.23
2024-04-05,SYN_POOL_A01,21.27,21.33,21.2,21.27
2024-04-08,SYN_POOL_A01,21.33,21.39,21.24,21.31
2024-04-09,SYN_POOL_A01,21.38,21.45,21.27,21.36
2024-04-10,SYN_POOL_A01,21.44,21.52,21.31,21.4
2024-04-11,SYN_POOL_A01,21.49,21.58,21.34,21.44
2024-04-12,SYN_POOL_A01,21.55,21.65,21.38,21.49
2024-04-15,SYN_POOL_A01,21.6,21.71,21.41,21.53
2024-04-16,SYN_POOL_A01,21.66,21.78,21.45,21.58
2024-04-17,SYN_POOL_A01,21.71,21.84,21.5,21.62
2024-04-18,SYN_POOL_A01,21.77,21.89,21.55,21.66
2024-04-19,SYN_POOL_A01,21.51,21.82,21.41,21.71
2024-04-22,SYN_POOL_A01,21.57,21.86,21.47,21.75
2024-04-23,SYN_POOL_A01,21.62,21.72,21.2,21.28
2024-04-24,SYN_POOL_A01,21.16,21.41,21.09,21.32
2024-04-25,SYN_POOL_A01,21.22,21.44,21.15,21.37
2024-04-26,SYN_POOL_A01,21.27,21.48,21.22,21.41
2024-04-29,SYN_POOL_A01,21.33,21.51,21.28,21.45
2024-04-30,SYN_POOL_A01,21.38,21.55,21.34,21.5
2024-05-01,SYN_POOL_A01,21.43,21.58,21.41,21.54
2024-05-02,SYN_POOL_A01,21.49,21.62,21.47,21.59
2024-05-03,SYN_POOL_A01,21.54,21.65,21.53,21.63
2024-05-06,SYN_POOL_A01,21.6,21.69,21.6,21.67
2024-05-07,SYN_POOL_A01,21.65,21.72,21.65,21.72
2024-05-08,SYN_POOL_A01,21.71,21.77,21.69,21.76
2024-05-09,SYN_POOL_A01,21.76,21.82,21.74,21.81
2024-05-10,SYN_POOL_A01,21.82,21.87,21.78,21.85
2024-05-13,SYN_POOL_A01,21.87,21.93,21.83,21.89
2024-05-14,SYN_POOL_A01,21.93,21.98,21.87,21.94
2024-05-15,SYN_POOL_A01,21.99,22.04,21.92,21.98
2024-05-16,SYN_POOL_A01,22.04,22.1,21.95,22.03
2024-05-17,SYN_POOL_A01,22.1,22.17,21.99,22.07
2024-05-20,SYN_POOL_A01,22.15,22.23,22.02,22.12
2024-05-21,SYN_POOL_A01,22.21,22.3,22.06,22.16
2024-05-22,SYN_POOL_A01,22.26,22.36,22.09,22.2
2024-05-23,SYN_POOL_A01,22.32,22.43,22.13,22.25
2024-05-24,SYN_POOL_A01,22.38,22.5,22.16,22.29
2024-05-27,SYN_POOL_A01,22.43,22.56,22.21,22.34
2024-05-28,SYN_POOL_A01,22.49,22.62,22.27,22.38
2024-05-29,SYN_POOL_A01,22.22,22.55,22.12,22.43
2024-05-30,SYN_POOL_A01,22.28,22.58,22.18,22.47
2024-05-31,SYN_POOL_A01,22.33,22.44,21.9,21.98
2024-06-03,SYN_POOL_A01,21.86,22.12,21.78,22.03
2024-06-04,SYN_POOL_A01,21.91,22.15,21.85,22.07
2024-06-05,SYN_POOL_A01,21.97,22.19,21.91,22.12
2024-06-06,SYN_POOL_A01,22.03,22.22,21.98,22.16
2024-06-07,SYN_POOL_A01,22.08,22.26,22.04,22.2
2024-06-10,SYN_POOL_A01,22.14,22.29,22.11,22.25
2024-06-11,SYN_POOL_A01,22.19,22.33,22.17,22.29
2024-06-12,SYN_POOL_A01,22.25,22.36,22.24,22.34
2024-06-13,SYN_POOL_A01,22.3,22.4,22.3,22.38
2024-06-14,SYN_POOL_A01,22.36,22.43,22.35,22.43
2024-06-17,SYN_POOL_A01,22.42,22.48,22.4,22.47
2024-06-18,SYN_POOL_A01,22.47,22.53,22.45,22.52
2024-06-19,SYN_POOL_A01,22.53,22.58,22.49,22.56
2024-06-20,SYN_POOL_A01,22.58,22.64,22.54,22.61
2024-06-21,SYN_POOL_A01,22.64,22.69,22.58,22.65
2024-06-24,SYN_POOL_A01,22.7,22.75,22.63,22.7
2024-06-25,SYN_POOL_A01,22.75,22.82,22.66,22.74
2024-06-26,SYN_POOL_A01,22.81,22.88,22.7,22.78
2024-06-27,SYN_POOL_A01,22.87,22.95,22.74,22.83
2024-06-28,SYN_POOL_A01,22.92,23.02,22.77,22.87
2024-07-01,SYN_POOL_A01,22.98,23.08,22.81,22.92
2024-07-02,SYN_POOL_A01,23.04,23.15,22.84,22.97
2024-07-03,SYN_POOL_A01,23.09,23.22,22.88,23.01
2024-07-04,SYN_POOL_A01,23.15,23.28,22.92,23.06
2024-07-05,SYN_POOL_A01,23.21,23.35,22.98,23.1
2024-07-08,SYN_POOL_A01,23.27,23.39,23.03,23.15
2024-07-09,SYN_POOL_A01,22.99,23.31,22.89,23.19
2024-07-10,SYN_POOL_A01,23.05,23.15,22.59,22.69
2024-07-11,SYN_POOL_A01,22.56,22.83,22.48,22.73
2024-07-12,SYN_POOL_A01,22.61,22.86,22.54,22.78
2024-07-15,SYN_POOL_A01,22.67,22.9,22.61,22.82
2024-07-16,SYN_POOL_A01,22.73,22.93,22.67,22.87
2024-07-17,SYN_POOL_A01,22.78,22.97,22.74,22.91
2024-07-18,SYN_POOL_A01,22.84,23.0,22.8,22.96
2024-07-19,SYN_POOL_A01,22.89,23.04,22.87,23.0
2024-07-22,SYN_POOL_A01,22.95,23.07,22.94,23.05
2024-07-23,SYN_POOL_A01,23.01,23.11,23.0,23.09
2024-07-24,SYN_POOL_A01,23.06,23.14,23.06,23.14
2024-07-25,SYN_POOL_A01,23.12,23.18,23.11,23.18
2024-07-26,SYN_POOL_A01,23.18,23.24,23.15,23.23
2024-07-29,SYN_POOL_A01,23.24,23.29,23.2,23.27
2024-07-30,SYN_POOL_A01,23.29,23.35,23.25,23.32
2024-07-31,SYN_POOL_A01,23.35,23.4,23.3,23.36
2024-08-01,SYN_POOL_A01,23.41,23.46,23.34,23.41
2024-08-02,SYN_POOL_A01,23.47,23.53,23.38,23.45
2024-08-05,SYN_POOL_A01,23.52,23.59,23.41,23.5
2024-08-06,SYN_POOL_A01,23.58,23.66,23.45,23.54
2024-08-07,SYN_POOL_A01,23.64,23.73,23.48,23.59
2024-08-08,SYN_POOL_A01,23.7,23.8,23.52,23.64
2024-08-09,SYN_POOL_A01,23.75,23.87,23.55,23.68
2024-08-12,SYN_POOL_A01,23.81,23.94,23.59,23.73
2024-08-13,SYN_POOL_A01,23.87,24.0,23.63,23.77
2024-08-14,SYN_POOL_A01,23.93,24.07,23.69,23.82
2024-08-15,SYN_POOL_A01,23.99,24.12,23.75,23.86
2024-08-16,SYN_POOL_A01,23.7,24.03,23.59,23.91
2024-08-19,SYN_POOL_A01,23.76,23.87,23.29,23.39
2024-08-20,SYN_POOL_A01,23.25,23.53,23.17,23.43
2024-08-21,SYN_POOL_A01,23.31,23.57,23.23,23.48
2024-08-22,SYN_POOL_A01,23.37,23.61,23.3,23.52
2024-08-23,SYN_POOL_A01,23.42,23.64,23.37,23.57
2024-08-26,SYN_POOL_A01,23.48,23.68,23.43,23.62
2024-08-27,SYN_POOL_A01,23.54,23.71,23.5,23.66
2024-08-28,SYN_POOL_A01,23.6,23.75,23.57,23.71
2024-08-29,SYN_POOL_A01,23.65,23.78,23.64,23.75
2024-08-30,SYN_POOL_A01,23.71,23.82,23.71,23.8
2024-09-02,SYN_POOL_A01,23.77,23.85,23.77,23.84
2024-09-03,SYN_POOL_A01,23.83,23.89,23.81,23.89
2024-09-04,SYN_POOL_A01,23.89,23.95,23.86,23.94
2024-09-05,SYN_POOL_A01,23.94,24.0,23.91,23.98
2024-09-06,SYN_POOL_A01,24.0,24.06,23.96,24.03
2024-09-09,SYN_POOL_A01,24.06,24.11,24.01,24.07
2024-09-10,SYN_POOL_A01,24.12,24.17,24.05,24.12
2024-09-11,SYN_POOL_A01,24.18,24.24,24.09,24.17
2024-09-12,SYN_POOL_A01,24.24,24.31,24.13,24.21
2024-09-13,SYN_POOL_A01,24.29,24.38,24.16,24.26
2024-09-16,SYN_POOL_A01,24.35,24.45,24.2,24.3
2024-09-17,SYN_POOL_A01,24.41,24.52,24.23,24.35
2024-09-18,SYN_POOL_A01,24.47,24.58,24.27,24.4
2024-09-19,SYN_POOL_A01,24.53,24.65,24.3,24.44
2024-09-20,SYN_POOL_A01,24.59,24.72,24.35,24.49
2024-09-23,SYN_POOL_A01,24.65,24.79,24.4,24.54
2024-09-24,SYN_POOL_A01,24.71,24.85,24.46,24.58
2024-09-25,SYN_POOL_A01,24.41,24.76,24.3,24.63
2024-09-26,SYN_POOL_A01,24.47,24.59,23.99,24.09
2024-09-27,SYN_POOL_A01,23.95,24.24,23.86,24.14
2024-09-30,SYN_POOL_A01,24.01,24.28,23.93,24.18
2024-10-01,SYN_POOL_A01,24.06,24.31,23.99,24.23
2024-10-02,SYN_POOL_A01,24.12,24.35,24.06,24.28
2024-10-03,SYN_POOL_A01,24.18,24.39,24.13,24.32
2024-10-04,SYN_POOL_A01,24.24,24.42,24.2,24.37
2024-10-07,SYN_POOL_A01,24.3,24.46,24.27,24.41
2024-10-08,SYN_POOL_A01,24.36,24.49,24.34,24.46
2024-10-09,SYN_POOL_A01,24.42,24.53,24.41,24.51
2024-10-10,SYN_POOL_A01,24.47,24.57,24.47,24.55
2024-10-11,SYN_POOL_A01,24.53,24.6,24.52,24.6
2024-10-14,SYN_POOL_A01,24.59,24.65,24.57,24.65
2024-10-15,SYN_POOL_A01,24.65,24.71,24.62,24.69
2024-10-16,SYN_POOL_A01,24.71,24.77,24.67,24.74
2024-10-17,SYN_POOL_A01,24.77,24.83,24.72,24.79
2024-10-18,SYN_POOL_A01,24.83,24.88,24.76,24.83
2024-10-21,SYN_POOL_A01,24.89,24.95,24.8,24.88
2024-10-22,SYN_POOL_A01,24.95,25.02,24.84,24.93
2024-10-23,SYN_POOL_A01,25.01,25.09,24.88,24.97
2024-10-24,SYN_POOL_A01,25.07,25.16,24.91,25.02
2024-10-25,SYN_POOL_A01,25.13,25.23,24.95,25.07
2024-10-28,SYN_POOL_A01,25.19,25.3,24.98,25.11
2024-10-29,SYN_POOL_A01,25.25,25.37,25.02,25.16
2024-10-30,SYN_POOL_A01,25.31,25.44,25.06,25.21
2024-10-31,SYN_POOL_A01,25.37,25.52,25.11,25.25
2024-11-01,SYN_POOL_A01,25.43,25.57,25.17,25.3
2024-11-04,SYN_POOL_A01,25.12,25.48,25.0,25.35
2024-11-05,SYN_POOL_A01,25.18,25.52,25.07,25.4
2024-11-06,SYN_POOL_A01,25.24,25.35,24.74,24.84
2024-11-07,SYN_POOL_A01,24.7,24.99,24.62,24.89
2024-11-08,SYN_POOL_A01,24.76,25.02,24.69,24.93
2024-11-11,SYN_POOL_A01,24.82,25.06,24.76,24.98
2024-11-12,SYN_POOL_A01,24.88,25.1,24.83,25.03
2024-11-13,SYN_POOL_A01,24.94,25.13,24.9,25.07
2024-11-14,SYN_POOL_A01,25.0,25.17,24.97,25.12
2024-11-15,SYN_POOL_A01,25.06,25.2,25.04,25.17
2024-11-18,SYN_POOL_A01,25.12,25.24,25.11,25.21
2024-11-19,SYN_POOL_A01,25.18,25.28,25.18,25.26
2024-11-20,SYN_POOL_A01,25.24,25.31,25.23,25.31
2024-11-21,SYN_POOL_A01,25.3,25.36,25.28,25.36
2024-11-22,SYN_POOL_A01,25.36,25.42,25.33,25.4
2024-11-25,SYN_POOL_A01,25.42,25.48,25.38,25.45
2024-11-26,SYN_POOL_A01,25.48,25.54,25.42,25.5
2024-11-27,SYN_POOL_A01,25.54,25.59,25.47,25.54
2024-11-28,SYN_POOL_A01,25.6,25.66,25.52,25.59
2024-11-29,SYN_POOL_A01,25.66,25.73,25.55,25.64
2024-12-02,SYN_POOL_A01,25.72,25.8,25.59,25.69
2024-12-03,SYN_POOL_A01,25.78,25.87,25.62,25.73
2024-12-04,SYN_POOL_A01,25.84,25.95,25.66,25.78
2024-12-05,SYN_POOL_A01,25.9,26.02,25.7,25.83
2024-12-06,SYN_POOL_A01,25.96,26.09,25.73,25.88
2024-12-09,SYN_POOL_A01,26.02,26.16,25.77,25.92
2024-12-10,SYN_POOL_A01,26.08,26.24,25.82,25.97
2024-12-11,SYN_POOL_A01,26.15,26.3,25.88,26.02
2024-12-12,SYN_POOL_A01,25.83,26.21,25.71,26.07
2024-12-13,SYN_POOL_A01,25.89,26.24,25.78,26.11
2024-12-16,SYN_POOL_A01,25.95,26.07,25.44,25.54
2024-12-17,SYN_POOL_A01,25.4,25.69,25.31,25.59
2024-12-18,SYN_POOL_A01,25.46,25.73,25.38,25.64
2024-12-19,SYN_POOL_A01,25.52,25.77,25.45,25.68
2024-12-20,SYN_POOL_A01,25.58,25.8,25.52,25.73
2024-12-23,SYN_POOL_A01,25.64,25.84,25.59,25.78
2024-12-24,SYN_POOL_A01,25.7,25.88,25.66,25.83
2024-12-25,SYN_POOL_A01,25.76,25.91,25.74,25.87
2024-12-26,SYN_POOL_A01,25.82,25.95,25.81,25.92
2024-12-27,SYN_POOL_A01,25.88,25.99,25.88,25.97
2024-12-30,SYN_POOL_A01,25.94,26.02,25.93,26.02
2024-12-31,SYN_POOL_A01,26.0,26.07,25.98,26.06
2025-01-01,SYN_POOL_A01,26.06,26.13,26.03,26.11
2025-01-02,SYN_POOL_A01,26.13,26.19,26.08,26.16
2025-01-03,SYN_POOL_A01,26.19,26.25,26.13,26.21
2025-01-06,SYN_POOL_A01,26.25,26.3,26.18,26.26
2025-01-07,SYN_POOL_A01,26.31,26.37,26.23,26.3
2025-01-08,SYN_POOL_A01,26.37,26.44,26.27,26.35
2025-01-09,SYN_POOL_A01,26.43,26.51,26.3,26.4
2025-01-10,SYN_POOL_A01,26.49,26.59,26.34,26.45
2025-01-13,SYN_POOL_A01,26.56,26.66,26.37,26.5
2025-01-14,SYN_POOL_A01,26.62,26.73,26.41,26.54
2025-01-15,SYN_POOL_A01,26.68,26.81,26.45,26.59
2025-01-16,SYN_POOL_A01,26.74,26.88,26.48,26.64
2025-01-17,SYN_POOL_A01,26.8,26.96,26.54,26.69
2025-01-20,SYN_POOL_A01,26.87,27.02,26.59,26.74
2025-01-21,SYN_POOL_A01,26.93,27.07,26.65,26.78
2025-01-22,SYN_POOL_A01,26.6,26.97,26.49,26.83
2025-01-23,SYN_POOL_A01,26.67,26.79,26.14,26.24
2025-01-24,SYN_POOL_A01,26.09,26.4,26.0,26.29
2025-01-27,SYN_POOL_A01,26.16,26.44,26.07,26.34
2025-01-28,SYN_POOL_A01,26.22,26.48,26.14,26.39
2025-01-29,SYN_POOL_A01,26.28,26.51,26.22,26.44
2025-01-30,SYN_POOL_A01,26.34,26.55,26.29,26.48
2025-01-31,SYN_POOL_A01,26.4,26.59,26.36,26.53
2025-02-03,SYN_POOL_A01,26.46,26.62,26.43,26.58
2025-02-04,SYN_POOL_A01,26.52,26.66,26.51,26.63
2025-02-05,SYN_POOL_A01,26.58,26.7,26.58,26.68
2025-02-06,SYN_POOL_A01,26.65,26.73,26.64,26.73
2025-02-07,SYN_POOL_A01,26.71,26.77,26.69,26.77
2025-02-10,SYN_POOL_A01,26.77,26.83,26.74,26.82
2025-02-11,SYN_POOL_A01,26.83,26.89,26.79,26.87
2025-02-12,SYN_POOL_A01,26.89,26.95,26.84,26.92
2025-02-13,SYN_POOL_A01,26.96,27.01,26.89,26.97
2025-02-14,SYN_POOL_A01,27.02,27.08,26.94,27.02
2025-02-17,SYN_POOL_A01,27.08,27.15,26.98,27.06
2025-02-18,SYN_POOL_A01,27.14,27.23,27.01,27.11
2025-02-19,SYN_POOL_A01,27.21,27.3,27.05,27.16
2025-02-20,SYN_POOL_A01,27.27,27.37,27.09,27.21
2025-02-21,SYN_POOL_A01,27.33,27.45,27.13,27.26
2025-02-24,SYN_POOL_A01,27.39,27.52,27.16,27.31
2025-02-25,SYN_POOL_A01,27.46,27.6,27.2,27.36
2025-02-26,SYN_POOL_A01,27.52,27.67,27.25,27.41
2025-02-27,SYN_POOL_A01,27.58,27.75,27.31,27.45
2025-02-28,SYN_POOL_A01,27.65,27.8,27.37,27.5
2025-03-03,SYN_POOL_A01,27.31,27.69,27.19,27.55
2025-03-04,SYN_POOL_A01,27.38,27.51,26.84,26.95
2025-03-05,SYN_POOL_A01,26.79,27.11,26.69,27.0
2025-03-06,SYN_POOL_A01,26.85,27.15,26.76,27.04
2025-03-07,SYN_POOL_A01,26.91,27.19,26.84,27.09
2025-03-10,SYN_POOL_A01,26.98,27.22,26.91,27.14
2025-03-11,SYN_POOL_A01,27.04,27.26,26.98,27.19
2025-03-12,SYN_POOL_A01,27.1,27.3,27.06,27.24
2025-03-13,SYN_POOL_A01,27.16,27.33,27.13,27.29
2025-03-14,SYN_POOL_A01,27.22,27.37,27.21,27.34
2025-03-17,SYN_POOL_A01,27.29,27.41,27.28,27.38
2025-03-18,SYN_POOL_A01,27.35,27.45,27.35,27.43
2025-03-19,SYN_POOL_A01,27.41,27.48,27.4,27.48
2025-03-20,SYN_POOL_A01,27.48,27.54,27.45,27.53
2025-03-21,SYN_POOL_A01,27.54,27.6,27.5,27.58
2025-03-24,SYN_POOL_A01,27.6,27.66,27.55,27.63
2025-03-25,SYN_POOL_A01,27.67,27.72,27.6,27.68
2025-03-26,SYN_POOL_A01,27.73,27.79,27.65,27.73
2025-03-27,SYN_POOL_A01,27.79,27.86,27.69,27.78
2025-03-28,SYN_POOL_A01,27.86,27.94,27.73,27.83
2025-03-31,SYN_POOL_A01,27.92,28.01,27.76,27.87
2025-04-01,SYN_POOL_A01,27.98,28.09,27.8,27.92
2025-04-02,SYN_POOL_A01,28.05,28.16,27.84,27.97
2025-04-03,SYN_POOL_A01,28.11,28.24,27.88,28.02
2025-04-04,SYN_POOL_A01,28.17,28.32,27.91,28.07
2025-04-07,SYN_POOL_A01,28.24,28.39,27.96,28.12
2025-04-08,SYN_POOL_A01,28.3,28.47,28.02,28.17
2025-04-09,SYN_POOL_A01,28.37,28.53,28.08,28.22
2025-04-10,SYN_POOL_A01,28.02,28.42,27.89,28.27
2025-04-11,SYN_POOL_A01,28.09,28.22,27.53,27.65
2025-04-14,SYN_POOL_A01,27.48,27.82,27.38,27.7
2025-04-15,SYN_POOL_A01,27.55,27.86,27.45,27.75
2025-04-16,SYN_POOL_A01,27.61,27.89,27.53,27.8
2025-04-17,SYN_POOL_A01,27.67,27.93,27.6,27.84
2025-04-18,SYN_POOL_A01,27.74,27.97,27.68,27.89
2025-04-21,SYN_POOL_A01,27.8,28.01,27.75,27.94
2025-04-22,SYN_POOL_A01,27.86,28.04,27.83,27.99
2025-04-23,SYN_POOL_A01,27.93,28.08,27.9,28.04
2025-04-24,SYN_POOL_A01,27.99,28.12,27.98,28.09
2025-04-25,SYN_POOL_A01,28.05,28.16,28.05,28.14
2025-04-28,SYN_POOL_A01,28.12,28.19,28.1,28.19
2025-04-29,SYN_POOL_A01,28.18,28.25,28.16,28.24
2025-04-30,SYN_POOL_A01,28.24,28.31,28.21,28.29
2025-05-01,SYN_POOL_A01,28.31,28.37,28.26,28.34
2025-05-02,SYN_POOL_A01,28.37,28.43,28.31,28.39
2025-05-05,SYN_POOL_A01,28.44,28.5,28.36,28.44
2025-05-06,SYN_POOL_A01,28.5,28.57,28.4,28.49
2025-05-07,SYN_POOL_A01,28.57,28.65,28.44,28.54
2025-05-08,SYN_POOL_A01,28.63,28.72,28.48,28.59
2025-05-09,SYN_POOL_A01,28.7,28.8,28.52,28.64
2025-05-12,SYN_POOL_A01,28.76,28.88,28.55,28.69
2025-05-13,SYN_POOL_A01,28.82,28.96,28.59,28.74
2025-05-14,SYN_POOL_A01,28.89,29.03,28.63,28.79
2025-05-15,SYN_POOL_A01,28.95,29.11,28.67,28.84
2025-05-16,SYN_POOL_A01,29.02,29.19,28.73,28.89
2025-05-19,SYN_POOL_A01,29.08,29.25,28.79,28.94
2025-05-20,SYN_POOL_A01,28.73,29.14,28.6,28.99
2025-05-21,SYN_POOL_A01,28.8,29.18,28.67,29.04
2025-05-22,SYN_POOL_A01,28.86,28.99,28.29,28.4
2025-05-23,SYN_POOL_A01,28.24,28.56,28.14,28.45
2025-05-26,SYN_POOL_A01,28.31,28.6,28.22,28.5
2025-05-27,SYN_POOL_A01,28.37,28.64,28.3,28.55
2025-05-28,SYN_POOL_A01,28.43,28.68,28.37,28.6
2025-05-29,SYN_POOL_A01,28.5,28.72,28.45,28.65
2025-05-30,SYN_POOL_A01,28.56,28.75,28.52,28.7
2025-06-02,SYN_POOL_A01,28.63,28.79,28.6,28.75
2025-06-03,SYN_POOL_A01,28.69,28.83,28.68,28.8
2025-06-04,SYN_POOL_A01,28.76,28.87,28.75,28.85
2025-06-05,SYN_POOL_A01,28.82,28.9,28.81,28.9
2025-06-06,SYN_POOL_A01,28.89,28.95,28.86,28.95
2025-06-09,SYN_POOL_A01,28.95,29.02,28.92,29.0
2025-06-10,SYN_POOL_A01,29.02,29.08,28.97,29.05
2025-06-11,SYN_POOL_A01,29.08,29.14,29.02,29.1
2025-06-12,SYN_POOL_A01,29.15,29.21,29.07,29.15
2025-06-13,SYN_POOL_A01,29.21,29.28,29.11,29.2
2025-06-16,SYN_POOL_A01,29.28,29.36,29.15,29.25
2025-06-17,SYN_POOL_A01,29.34,29.44,29.19,29.3
2025-06-18,SYN_POOL_A01,29.41,29.51,29.23,29.35
2025-06-19,SYN_POOL_A01,29.47,29.59,29.27,29.4
2025-06-20,SYN_POOL_A01,29.54,29.67,29.3,29.45
2025-06-23,SYN_POOL_A01,29.6,29.75,29.34,29.5
2025-06-24,SYN_POOL_A01,29.67,29.83,29.38,29.55
2025-06-25,SYN_POOL_A01,29.74,29.91,29.44,29.6
2025-06-26,SYN_POOL_A01,29.8,29.98,29.5,29.66
2025-06-27,SYN_POOL_A01,29.44,29.87,29.3,29.71
2025-06-30,SYN_POOL_A01,29.51,29.91,29.38,29.76
2025-07-01,SYN_POOL_A01,29.57,29.71,28.99,29.1
2025-07-02,SYN_POOL_A01,28.94,29.27,28.83,29.15
2025-07-03,SYN_POOL_A01,29.0,29.31,28.91,29.2
2025-07-04,SYN_POOL_A01,29.07,29.35,28.99,29.25
2025-07-07,SYN_POOL_A01,29.13,29.39,29.07,29.3
2025-07-08,SYN_POOL_A01,29.2,29.42,29.14,29.35
2025-07-09,SYN_POOL_A01,29.26,29.46,29.22,29.4
2025-07-10,SYN_POOL_A01,29.33,29.5,29.3,29.45
2025-07-11,SYN_POOL_A01,29.39,29.54,29.38,29.51
2025-07-14,SYN_POOL_A01,29.46,29.58,29.45,29.56
2025-07-15,SYN_POOL_A01,29.52,29.62,29.52,29.61
2025-07-16,SYN_POOL_A01,29.59,29.66,29.57,29.66
2025-07-17,SYN_POOL_A01,29.66,29.72,29.62,29.71
2025-07-18,SYN_POOL_A01,29.72,29.79,29.68,29.76
2025-07-21,SYN_POOL_A01,29.79,29.85,29.73,29.81
2025-07-22,SYN_POOL_A01,29.85,29.92,29.78,29.86
2025-07-23,SYN_POOL_A01,29.92,29.99,29.83,29.91
2025-07-24,SYN_POOL_A01,29.99,30.07,29.87,29.96
2025-07-25,SYN_POOL_A01,30.05,30.15,29.9,30.01
2025-07-28,SYN_POOL_A01,30.12,30.23,29.94,30.06
2025-07-29,SYN_POOL_A01,30.19,30.31,29.98,30.12
2025-07-30,SYN_POOL_A01,30.25,30.39,30.02,30.17
2025-07-31,SYN_POOL_A01,30.32,30.47,30.06,30.22
2022-08-01,SYN_POOL_A02,11.92,11.94,11.9,11.92
2022-08-02,SYN_POOL_A02,11.89,11.94,11.88,11.92
2022-08-03,SYN_POOL_A02,11.9,11.93,11.89,11.92
2022-08-04,SYN_POOL_A02,11.91,11.93,11.9,11.92
2022-08-05,SYN_POOL_A02,11.92,11.93,11.91,11.93
2022-08-08,SYN_POOL_A02,11.93,11.94,11.91,11.93
2022-08-09,SYN_POOL_A02,11.94,11.95,11.91,11.93
2022-08-10,SYN_POOL_A02,11.95,11.97,11.91,11.93
2022-08-11,SYN_POOL_A02,11.96,11.98,11.9,11.94
2022-08-12,SYN_POOL_A02,11.97,12.0,11.9,11.94
2022-08-15,SYN_POOL_A02,11.98,12.02,11.89,11.94
2022-08-16,SYN_POOL_A02,11.99,12.03,11.89,11.94
2022-08-17,SYN_POOL_A02,12.0,12.05,11.89,11.95
2022-08-18,SYN_POOL_A02,12.01,12.07,11.88,11.95
2022-08-19,SYN_POOL_A02,12.02,12.08,11.88,11.95
2022-08-22,SYN_POOL_A02,12.03,12.1,11.87,11.95
2022-08-23,SYN_POOL_A02,12.04,12.11,11.87,11.96
2022-08-24,SYN_POOL_A02,12.05,12.13,11.87,11.96
2022-08-25,SYN_POOL_A02,12.06,12.15,11.88,11.96
2022-08-26,SYN_POOL_A02,12.07,12.15,11.89,11.96
2022-08-29,SYN_POOL_A02,11.86,12.04,11.79,11.96
2022-08-30,SYN_POOL_A02,11.87,11.94,11.55,11.61
2022-08-31,SYN_POOL_A02,11.53,11.68,11.48,11.62
2022-09-01,SYN_POOL_A02,11.54,11.67,11.49,11.62
2022-09-02,SYN_POOL_A02,11.55,11.67,11.51,11.62
2022-09-05,SYN_POOL_A02,11.56,11.67,11.52,11.62
2022-09-06,SYN_POOL_A02,11.57,11.66,11.54,11.63
2022-09-07,SYN_POOL_A02,11.58,11.66,11.56,11.63
2022-09-08,SYN_POOL_A02,11.59,11.65,11.57,11.63
2022-09-09,SYN_POOL_A02,11.6,11.65,11.59,11.63
2022-09-12,SYN_POOL_A02,11.61,11.65,11.6,11.63
2022-09-13,SYN_POOL_A02,11.62,11.64,11.62,11.64
2022-09-14,SYN_POOL_A02,11.63,11.64,11.62,11.64
2022-09-15,SYN_POOL_A02,11.64,11.65,11.62,11.64
2022-09-16,SYN_POOL_A02,11.65,11.66,11.62,11.64
2022-09-19,SYN_POOL_A02,11.66,11.67,11.62,11.65
2022-09-20,SYN_POOL_A02,11.67,11.69,11.61,11.65
2022-09-21,SYN_POOL_A02,11.68,11.71,11.61,11.65
2022-09-22,SYN_POOL_A02,11.68,11.72,11.61,11.65
2022-09-23,SYN_POOL_A02,11.69,11.74,11.6,11.65
2022-09-26,SYN_POOL_A02,11.7,11.75,11.6,11.66
2022-09-27,SYN_POOL_A02,11.71,11.77,11.59,11.66
2022-09-28,SYN_POOL_A02,11.72,11.79,11.59,11.66
2022-09-29,SYN_POOL_A02,11.73,11.8,11.59,11.66
2022-09-30,SYN_POOL_A02,11.74,11.82,11.58,11.66
2022-10-03,SYN_POOL_A02,11.75,11.83,11.58,11.67
2022-10-04,SYN_POOL_A02,11.76,11.85,11.59,11.67
2022-10-05,SYN_POOL_A02,11.77,11.85,11.6,11.67
2022-10-06,SYN_POOL_A02,11.57,11.75,11.5,11.67
2022-10-07,SYN_POOL_A02,11.58,11.65,11.27,11.33
2022-10-10,SYN_POOL_A02,11.25,11.39,11.19,11.33
2022-10-11,SYN_POOL_A02,11.25,11.39,11.21,11.33
2022-10-12,SYN_POOL_A02,11.26,11.38,11.22,11.34
2022-10-13,SYN_POOL_A02,11.27,11.38,11.24,11.34
2022-10-14,SYN_POOL_A02,11.28,11.38,11.25,11.34
2022-10-17,SYN_POOL_A02,11.29,11.37,11.27,11.34
2022-10-18,SYN_POOL_A02,11.3,11.37,11.28,11.34
2022-10-19,SYN_POOL_A02,11.31,11.36,11.3,11.35
2022-10-20,SYN_POOL_A02,11.32,11.36,11.32,11.35
2022-10-21,SYN_POOL_A02,11.33,11.36,11.33,11.35
2022-10-24,SYN_POOL_A02,11.34,11.35,11.33,11.35
2022-10-25,SYN_POOL_A02,11.35,11.36,11.33,11.35
2022-10-26,SYN_POOL_A02,11.36,11.37,11.34,11.36
2022-10-27,SYN_POOL_A02,11.37,11.38,11.33,11.36
2022-10-28,SYN_POOL_A02,11.37,11.4,11.33,11.36
2022-10-31,SYN_POOL_A02,11.38,11.41,11.32,11.36
2022-11-01,SYN_POOL_A02,11.39,11.43,11.32,11.36
2022-11-02,SYN_POOL_A02,11.4,11.44,11.32,11.36
2022-11-03,SYN_POOL_A02,11.41,11.46,11.31,11.37
2022-11-04,SYN_POOL_A02,11.42,11.47,11.31,11.37
2022-11-07,SYN_POOL_A02,11.43,11.49,11.3,11.37
2022-11-08,SYN_POOL_A02,11.44,11.5,11.3,11.37
2022-11-09,SYN_POOL_A02,11.45,11.52,11.29,11.37
2022-11-10,SYN_POOL_A02,11.46,11.53,11.29,11.37
2022-11-11,SYN_POOL_A02,11.47,11.55,11.3,11.38
2022-11-14,SYN_POOL_A02,11.47,11.56,11.31,11.38
2022-11-15,SYN_POOL_A02,11.28,11.45,11.21,11.38
2022-11-16,SYN_POOL_A02,11.29,11.45,11.23,11.38
2022-11-17,SYN_POOL_A02,11.3,11.36,10.99,11.05
2022-11-18,SYN_POOL_A02,10.97,11.1,10.92,11.05
2022-11-21,SYN_POOL_A02,10.98,11.1,10.94,11.05
2022-11-22,SYN_POOL_A02,10.99,11.1,10.95,11.05
2022-11-23,SYN_POOL_A02,11.0,11.09,10.97,11.05
2022-11-24,SYN_POOL_A02,11.01,11.09,10.98,11.06
2022-11-25,SYN_POOL_A02,11.01,11.08,11.0,11.06
2022-11-28,SYN_POOL_A02,11.02,11.08,11.01,11.06
2022-11-29,SYN_POOL_A02,11.03,11.07,11.03,11.06
2022-11-30,SYN_POOL_A02,11.04,11.07,11.04,11.06
2022-12-01,SYN_POOL_A02,11.05,11.07,11.04,11.06
2022-12-02,SYN_POOL_A02,11.06,11.07,11.05,11.07
2022-12-05,SYN_POOL_A02,11.07,11.08,11.05,11.07
2022-12-06,SYN_POOL_A02,11.08,11.09,11.05,11.07
2022-12-07,SYN_POOL_A02,11.08,11.11,11.04,11.07
2022-12-08,SYN_POOL_A02,11.09,11.12,11.04,11.07
2022-12-09,SYN_POOL_A02,11.1,11.13,11.03,11.07
2022-12-12,SYN_POOL_A02,11.11,11.15,11.03,11.07
2022-12-13,SYN_POOL_A02,11.12,11.16,11.02,11.08
2022-12-14,SYN_POOL_A02,11.13,11.18,11.02,11.08
2022-12-15,SYN_POOL_A02,11.14,11.19,11.01,11.08
2022-12-16,SYN_POOL_A02,11.14,11.21,11.01,11.08
2022-12-19,SYN_POOL_A02,11.15,11.22,11.01,11.08
2022-12-20,SYN_POOL_A02,11.16,11.24,11.0,11.08
2022-12-21,SYN_POOL_A02,11.17,11.25,11.01,11.08
2022-12-22,SYN_POOL_A02,11.18,11.26,11.01,11.09
2022-12-23,SYN_POOL_A02,10.99,11.16,10.92,11.09
2022-12-26,SYN_POOL_A02,11.0,11.16,10.94,11.09
2022-12-27,SYN_POOL_A02,11.0,11.07,10.71,10.76
2022-12-28,SYN_POOL_A02,10.69,10.82,10.64,10.76
2022-12-29,SYN_POOL_A02,10.7,10.81,10.65,10.77
2022-12-30,SYN_POOL_A02,10.7,10.81,10.67,10.77
2023-01-02,SYN_POOL_A02,10.71,10.81,10.68,10.77
2023-01-03,SYN_POOL_A02,10.72,10.8,10.7,10.77
2023-01-04,SYN_POOL_A02,10.73,10.8,10.71,10.77
2023-01-05,SYN_POOL_A02,10.74,10.79,10.72,10.77
2023-01-06,SYN_POOL_A02,10.74,10.79,10.74,10.77
2023-01-09,SYN_POOL_A02,10.75,10.78,10.75,10.78
2023-01-10,SYN_POOL_A02,10.76,10.78,10.76,10.78
2023-01-11,SYN_POOL_A02,10.77,10.78,10.76,10.78
2023-01-12,SYN_POOL_A02,10.78,10.79,10.76,10.78
2023-01-13,SYN_POOL_A02,10.79,10.8,10.76,10.78
2023-01-16,SYN_POOL_A02,10.79,10.81,10.75,10.78
2023-01-17,SYN_POOL_A02,10.8,10.83,10.75,10.78
2023-01-18,SYN_POOL_A02,10.81,10.84,10.75,10.78
2023-01-19,SYN_POOL_A02,10.82,10.86,10.74,10.79
2023-01-20,SYN_POOL_A02,10.83,10.87,10.74,10.79
2023-01-23,SYN_POOL_A02,10.83,10.88,10.73,10.79
2023-01-24,SYN_POOL_A02,10.84,10.9,10.73,10.79
2023-01-25,SYN_POOL_A02,10.85,10.91,10.72,10.79
2023-01-26,SYN_POOL_A02,10.86,10.92,10.72,10.79
2023-01-27,SYN_POOL_A02,10.87,10.94,10.71,10.79
2023-01-30,SYN_POOL_A02,10.87,10.95,10.72,10.79
2023-01-31,SYN_POOL_A02,10.88,10.96,10.72,10.79
2023-02-01,SYN_POOL_A02,10.89,10.96,10.73,10.79
2023-02-02,SYN_POOL_A02,10.7,10.86,10.64,10.8
2023-02-03,SYN_POOL_A02,10.71,10.77,10.42,10.48
2023-02-06,SYN_POOL_A02,10.4,10.53,10.36,10.48
2023-02-07,SYN_POOL_A02,10.41,10.53,10.37,10.48
2023-02-08,SYN_POOL_A02,10.42,10.52,10.38,10.48
2023-02-09,SYN_POOL_A02,10.43,10.52,10.4,10.48
2023-02-10,SYN_POOL_A02,10.43,10.52,10.41,10.48
2023-02-13,SYN_POOL_A02,10.44,10.51,10.42,10.48
2023-02-14,SYN_POOL_A02,10.45,10.51,10.44,10.49
2023-02-15,SYN_POOL_A02,10.46,10.5,10.45,10.49
2023-02-16,SYN_POOL_A02,10.47,10.5,10.46,10.49
2023-02-17,SYN_POOL_A02,10.47,10.49,10.47,10.49
2023-02-20,SYN_POOL_A02,10.48,10.49,10.47,10.49
2023-02-21,SYN_POOL_A02,10.49,10.5,10.47,10.49
2023-02-22,SYN_POOL_A02,10.5,10.51,10.47,10.49
2023-02-23,SYN_POOL_A02,10.5,10.52,10.47,10.49
2023-02-24,SYN_POOL_A02,10.51,10.53,10.46,10.49
2023-02-27,SYN_POOL_A02,10.52,10.55,10.46,10.49
2023-02-28,SYN_POOL_A02,10.53,10.56,10.45,10.5
2023-03-01,SYN_POOL_A02,10.53,10.57,10.45,10.5
2023-03-02,SYN_POOL_A02,10.54,10.59,10.44,10.5
2023-03-03,SYN_POOL_A02,10.55,10.6,10.44,10.5
2023-03-06,SYN_POOL_A02,10.56,10.61,10.43,10.5
2023-03-07,SYN_POOL_A02,10.56,10.63,10.43,10.5
2023-03-08,SYN_POOL_A02,10.57,10.64,10.42,10.5
2023-03-09,SYN_POOL_A02,10.58,10.65,10.42,10.5
2023-03-10,SYN_POOL_A02,10.59,10.67,10.43,10.5
2023-03-13,SYN_POOL_A02,10.59,10.67,10.44,10.5
2023-03-14,SYN_POOL_A02,10.41,10.57,10.35,10.5
2023-03-15,SYN_POOL_A02,10.42,10.48,10.14,10.19
2023-03-16,SYN_POOL_A02,10.12,10.25,10.07,10.19
2023-03-17,SYN_POOL_A02,10.13,10.24,10.09,10.2
2023-03-20,SYN_POOL_A02,10.13,10.24,10.1,10.2
2023-03-21,SYN_POOL_A02,10.14,10.24,10.11,10.2
2023-03-22,SYN_POOL_A02,10.15,10.23,10.12,10.2
2023-03-23,SYN_POOL_A02,10.16,10.23,10.14,10.2
2023-03-24,SYN_POOL_A02,10.16,10.22,10.15,10.2
2023-03-27,SYN_POOL_A02,10.17,10.22,10.16,10.2
2023-03-28,SYN_POOL_A02,10.18,10.21,10.17,10.2
2023-03-29,SYN_POOL_A02,10.19,10.21,10.18,10.2
2023-03-30,SYN_POOL_A02,10.19,10.2,10.19,10.2
2023-03-31,SYN_POOL_A02,10.2,10.21,10.19,10.2
2023-04-03,SYN_POOL_A02,10.21,10.22,10.19,10.2
2023-04-04,SYN_POOL_A02,10.21,10.23,10.18,10.2
2023-04-05,SYN_POOL_A02,10.22,10.24,10.18,10.2
2023-04-06,SYN_POOL_A02,10.23,10.26,10.17,10.21
2023-04-07,SYN_POOL_A02,10.24,10.27,10.17,10.21
2023-04-10,SYN_POOL_A02,10.24,10.28,10.16,10.21
2023-04-11,SYN_POOL_A02,10.25,10.29,10.16,10.21
2023-04-12,SYN_POOL_A02,10.26,10.31,10.15,10.21
2023-04-13,SYN_POOL_A02,10.26,10.32,10.15,10.21
2023-04-14,SYN_POOL_A02,10.27,10.33,10.14,10.21
2023-04-17,SYN_POOL_A02,10.28,10.34,10.14,10.21
2023-04-18,SYN_POOL_A02,10.28,10.36,10.13,10.21
2023-04-19,SYN_POOL_A02,10.29,10.37,10.14,10.21
2023-04-20,SYN_POOL_A02,10.3,10.37,10.15,10.21
2023-04-21,SYN_POOL_A02,10.12,10.28,10.06,10.21
2023-04-24,SYN_POOL_A02,10.13,10.19,9.86,9.91
2023-04-25,SYN_POOL_A02,9.84,9.96,9.79,9.91
2023-04-26,SYN_POOL_A02,9.84,9.96,9.8,9.91
2023-04-27,SYN_POOL_A02,9.85,9.95,9.81,9.91
2023-04-28,SYN_POOL_A02,9.86,9.95,9.83,9.91
2023-05-01,SYN_POOL_A02,9.86,9.95,9.84,9.91
2023-05-02,SYN_POOL_A02,9.87,9.95,9.85,9.92
2023-05-03,SYN_POOL_A02,9.88,9.97,9.87,9.95
2023-05-04,SYN_POOL_A02,9.92,10.0,9.91,9.98
2023-05-05,SYN_POOL_A02,9.96,10.03,9.95,10.01
2023-05-08,SYN_POOL_A02,10.0,10.05,10.0,10.04
2023-05-09,SYN_POOL_A02,10.03,10.08,10.03,10.08
2023-05-10,SYN_POOL_A02,10.07,10.11,10.06,10.11
2023-05-11,SYN_POOL_A02,10.11,10.15,10.09,10.14
2023-05-12,SYN_POOL_A02,10.15,10.18,10.12,10.17
2023-05-15,SYN_POOL_A02,10.18,10.22,10.16,10.2
2023-05-16,SYN_POOL_A02,10.22,10.26,10.19,10.23
2023-05-17,SYN_POOL_A02,10.26,10.29,10.22,10.26
2023-05-18,SYN_POOL_A02,10.3,10.34,10.25,10.29
2023-05-19,SYN_POOL_A02,10.34,10.38,10.28,10.33
2023-05-22,SYN_POOL_A02,10.37,10.42,10.3,10.36
2023-05-23,SYN_POOL_A02,10.41,10.47,10.33,10.39
2023-05-24,SYN_POOL_A02,10.45,10.51,10.35,10.42
2023-05-25,SYN_POOL_A02,10.49,10.55,10.38,10.45
2023-05-26,SYN_POOL_A02,10.53,10.6,10.4,10.48
2023-05-29,SYN_POOL_A02,10.57,10.64,10.44,10.52
2023-05-30,SYN_POOL_A02,10.6,10.68,10.48,10.55
2023-05-31,SYN_POOL_A02,10.45,10.65,10.39,10.58
2023-06-01,SYN_POOL_A02,10.49,10.68,10.44,10.61
2023-06-02,SYN_POOL_A02,10.53,10.59,10.28,10.33
2023-06-05,SYN_POOL_A02,10.26,10.41,10.21,10.36
2023-06-06,SYN_POOL_A02,10.29,10.44,10.26,10.39
2023-06-07,SYN_POOL_A02,10.33,10.46,10.3,10.42
2023-06-08,SYN_POOL_A02,10.37,10.49,10.34,10.45
2023-06-09,SYN_POOL_A02,10.41,10.52,10.39,10.49
2023-06-12,SYN_POOL_A02,10.45,10.54,10.43,10.52
2023-06-13,SYN_POOL_A02,10.48,10.57,10.47,10.55
2023-06-14,SYN_POOL_A02,10.52,10.59,10.52,10.58
2023-06-15,SYN_POOL_A02,10.56,10.62,10.56,10.61
2023-06-16,SYN_POOL_A02,10.6,10.65,10.59,10.64
2023-06-19,SYN_POOL_A02,10.64,10.68,10.63,10.67
2023-06-20,SYN_POOL_A02,10.68,10.72,10.66,10.71
2023-06-21,SYN_POOL_A02,10.71,10.75,10.69,10.74
2023-06-22,SYN_POOL_A02,10.75,10.79,10.73,10.77
2023-06-23,SYN_POOL_A02,10.79,10.83,10.76,10.8
2023-06-26,SYN_POOL_A02,10.83,10.87,10.79,10.83
2023-06-27,SYN_POOL_A02,10.87,10.91,10.82,10.87
2023-06-28,SYN_POOL_A02,10.91,10.95,10.85,10.9
2023-06-29,SYN_POOL_A02,10.95,11.0,10.87,10.93
2023-06-30,SYN_POOL_A02,10.99,11.04,10.9,10.96
2023-07-03,SYN_POOL_A02,11.03,11.09,10.93,10.99
2023-07-04,SYN_POOL_A02,11.07,11.13,10.95,11.03
2023-07-05,SYN_POOL_A02,11.11,11.18,10.98,11.06
2023-07-06,SYN_POOL_A02,11.15,11.23,11.01,11.09
2023-07-07,SYN_POOL_A02,11.18,11.27,11.05,11.12
2023-07-10,SYN_POOL_A02,11.02,11.23,10.96,11.16
2023-07-11,SYN_POOL_A02,11.06,11.26,11.0,11.19
2023-07-12,SYN_POOL_A02,11.1,11.17,10.84,10.89
2023-07-13,SYN_POOL_A02,10.81,10.98,10.77,10.92
2023-07-14,SYN_POOL_A02,10.85,11.0,10.81,10.95
2023-07-17,SYN_POOL_A02,10.89,11.03,10.85,10.99
2023-07-18,SYN_POOL_A02,10.93,11.06,10.9,11.02
2023-07-19,SYN_POOL_A02,10.97,11.08,10.94,11.05
2023-07-20,SYN_POOL_A02,11.01,11.11,10.99,11.08
2023-07-21,SYN_POOL_A02,11.05,11.14,11.03,11.11
2023-07-24,SYN_POOL_A02,11.09,11.16,11.08,11.15
2023-07-25,SYN_POOL_A02,11.12,11.19,11.12,11.18
2023-07-26,SYN_POOL_A02,11.16,11.21,11.16,11.21
2023-07-27,SYN_POOL_A02,11.2,11.25,11.19,11.24
2023-07-28,SYN_POOL_A02,11.24,11.28,11.23,11.28
2023-07-31,SYN_POOL_A02,11.28,11.32,11.26,11.31
2023-08-01,SYN_POOL_A02,11.32,11.36,11.29,11.34
2023-08-02,SYN_POOL_A02,11.36,11.4,11.33,11.37
2023-08-03,SYN_POOL_A02,11.4,11.44,11.36,11.41
2023-08-04,SYN_POOL_A02,11.44,11.48,11.39,11.44
2023-08-07,SYN_POOL_A02,11.48,11.53,11.42,11.47
2023-08-08,SYN_POOL_A02,11.52,11.57,11.44,11.5
2023-08-09,SYN_POOL_A02,11.56,11.62,11.47,11.54
2023-08-10,SYN_POOL_A02,11.6,11.67,11.5,11.57
2023-08-11,SYN_POOL_A02,11.64,11.71,11.52,11.6
2023-08-14,SYN_POOL_A02,11.68,11.76,11.55,11.63
2023-08-15,SYN_POOL_A02,11.72,11.81,11.58,11.67
2023-08-16,SYN_POOL_A02,11.76,11.85,11.62,11.7
2023-08-17,SYN_POOL_A02,11.8,11.89,11.66,11.73
2023-08-18,SYN_POOL_A02,11.63,11.84,11.57,11.77
2023-08-21,SYN_POOL_A02,11.67,11.74,11.39,11.45
2023-08-22,SYN_POOL_A02,11.37,11.54,11.32,11.48
2023-08-23,SYN_POOL_A02,11.41,11.57,11.36,11.52
2023-08-24,SYN_POOL_A02,11.45,11.6,11.41,11.55
2023-08-25,SYN_POOL_A02,11.49,11.62,11.45,11.58
2023-08-28,SYN_POOL_A02,11.53,11.65,11.5,11.61
2023-08-29,SYN_POOL_A02,11.57,11.68,11.55,11.65
2023-08-30,SYN_POOL_A02,11.61,11.7,11.59,11.68
2023-08-31,SYN_POOL_A02,11.65,11.73,11.64,11.71
2023-09-01,SYN_POOL_A02,11.69,11.76,11.69,11.75
2023-09-04,SYN_POOL_A02,11.73,11.78,11.73,11.78
2023-09-05,SYN_POOL_A02,11.77,11.81,11.76,11.81
2023-09-06,SYN_POOL_A02,11.81,11.85,11.79,11.84
2023-09-07,SYN_POOL_A02,11.85,11.89,11.83,11.88
2023-09-08,SYN_POOL_A02,11.89,11.93,11.86,11.91
2023-09-11,SYN_POOL_A02,11.93,11.97,11.9,11.94
2023-09-12,SYN_POOL_A02,11.97,12.01,11.93,11.98
2023-09-13,SYN_POOL_A02,12.01,12.05,11.96,12.01
2023-09-14,SYN_POOL_A02,12.05,12.1,11.99,12.04
2023-09-15,SYN_POOL_A02,12.1,12.15,12.02,12.08
2023-09-18,SYN_POOL_A02,12.14,12.2,12.04,12.11
2023-09-19,SYN_POOL_A02,12.18,12.24,12.07,12.14
2023-09-20,SYN_POOL_A02,12.22,12.29,12.1,12.18
2023-09-21,SYN_POOL_A02,12.26,12.34,12.12,12.21
2023-09-22,SYN_POOL_A02,12.3,12.39,12.15,12.24
2023-09-25,SYN_POOL_A02,12.34,12.44,12.19,12.28
2023-09-26,SYN_POOL_A02,12.38,12.47,12.23,12.31
2023-09-27,SYN_POOL_A02,12.21,12.42,12.14,12.34
2023-09-28,SYN_POOL_A02,12.25,12.32,11.95,12.01
2023-09-29,SYN_POOL_A02,11.92,12.11,11.87,12.05
2023-10-02,SYN_POOL_A02,11.97,12.14,11.92,12.08
2023-10-03,SYN_POOL_A02,12.01,12.16,11.96,12.11
2023-10-04,SYN_POOL_A02,12.05,12.19,12.01,12.15
2023-10-05,SYN_POOL_A02,12.09,12.22,12.06,12.18
2023-10-06,SYN_POOL_A02,12.13,12.24,12.1,12.21
2023-10-09,SYN_POOL_A02,12.17,12.27,12.15,12.25
2023-10-10,SYN_POOL_A02,12.21,12.3,12.2,12.28
2023-10-11,SYN_POOL_A02,12.25,12.33,12.25,12.31
2023-10-12,SYN_POOL_A02,12.29,12.35,12.29,12.35
2023-10-13,SYN_POOL_A02,12.33,12.38,12.33,12.38
2023-10-16,SYN_POOL_A02,12.38,12.42,12.36,12.41
2023-10-17,SYN_POOL_A02,12.42,12.46,12.4,12.45
2023-10-18,SYN_POOL_A02,12.46,12.5,12.43,12.48
2023-10-19,SYN_POOL_A02,12.5,12.54,12.47,12.51
2023-10-20,SYN_POOL_A02,12.54,12.58,12.5,12.55
2023-10-23,SYN_POOL_A02,12.58,12.62,12.53,12.58
2023-10-24,SYN_POOL_A02,12.63,12.67,12.56,12.62
2023-10-25,SYN_POOL_A02,12.67,12.72,12.59,12.65
2023-10-26,SYN_POOL_A02,12.71,12.77,12.61,12.68
2023-10-27,SYN_POOL_A02,12.75,12.82,12.64,12.72
2023-10-30,SYN_POOL_A02,12.79,12.87,12.67,12.75
2023-10-31,SYN_POOL_A02,12.84,12.92,12.69,12.79
2023-11-01,SYN_POOL_A02,12.88,12.97,12.72,12.82
2023-11-02,SYN_POOL_A02,12.92,13.02,12.76,12.85
2023-11-03,SYN_POOL_A02,12.96,13.06,12.81,12.89
2023-11-06,SYN_POOL_A02,12.78,13.01,12.7,12.92
2023-11-07,SYN_POOL_A02,12.82,12.89,12.51,12.57
2023-11-08,SYN_POOL_A02,12.48,12.68,12.42,12.61
2023-11-09,SYN_POOL_A02,12.52,12.7,12.47,12.64
2023-11-10,SYN_POOL_A02,12.56,12.73,12.52,12.67
2023-11-13,SYN_POOL_A02,12.6,12.76,12.56,12.71
2023-11-14,SYN_POOL_A02,12.65,12.78,12.61,12.74
2023-11-15,SYN_POOL_A02,12.69,12.81,12.66,12.78
2023-11-16,SYN_POOL_A02,12.73,12.84,12.71,12.81
2023-11-17,SYN_POOL_A02,12.77,12.87,12.76,12.84
2023-11-20,SYN_POOL_A02,12.81,12.89,12.81,12.88
2023-11-21,SYN_POOL_A02,12.86,12.92,12.86,12.91
2023-11-22,SYN_POOL_A02,12.9,12.95,12.89,12.95
2023-11-23,SYN_POOL_A02,12.94,12.99,12.93,12.98
2023-11-24,SYN_POOL_A02,12.98,13.03,12.96,13.02
2023-11-27,SYN_POOL_A02,13.03,13.07,13.0,13.05
2023-11-28,SYN_POOL_A02,13.07,13.11,13.03,13.08
2023-11-29,SYN_POOL_A02,13.11,13.15,13.07,13.12
2023-11-30,SYN_POOL_A02,13.15,13.19,13.1,13.15
2023-12-01,SYN_POOL_A02,13.2,13.24,13.13,13.19
2023-12-04,SYN_POOL_A02,13.24,13.29,13.16,13.22
2023-12-05,SYN_POOL_A02,13.28,13.34,13.19,13.26
2023-12-06,SYN_POOL_A02,13.33,13.4,13.21,13.29
2023-12-07,SYN_POOL_A02,13.37,13.45,13.24,13.33
2023-12-08,SYN_POOL_A02,13.41,13.5,13.27,13.36
2023-12-11,SYN_POOL_A02,13.46,13.55,13.29,13.39
2023-12-12,SYN_POOL_A02,13.5,13.6,13.34,13.43
2023-12-13,SYN_POOL_A02,13.54,13.64,13.38,13.46
2023-12-14,SYN_POOL_A02,13.34,13.59,13.27,13.5
2023-12-15,SYN_POOL_A02,13.39,13.62,13.32,13.53
2023-12-18,SYN_POOL_A02,13.43,13.51,13.1,13.17
2023-12-19,SYN_POOL_A02,13.08,13.27,13.02,13.2
2023-12-20,SYN_POOL_A02,13.12,13.3,13.07,13.24
2023-12-21,SYN_POOL_A02,13.16,13.32,13.12,13.27
2023-12-22,SYN_POOL_A02,13.2,13.35,13.17,13.31
2023-12-25,SYN_POOL_A02,13.25,13.38,13.22,13.34
2023-12-26,SYN_POOL_A02,13.29,13.41,13.27,13.38
2023-12-27,SYN_POOL_A02,13.33,13.43,13.32,13.41
2023-12-28,SYN_POOL_A02,13.38,13.46,13.37,13.44
2023-12-29,SYN_POOL_A02,13.42,13.49,13.42,13.48
2024-01-01,SYN_POOL_A02,13.46,13.52,13.46,13.51
2024-01-02,SYN_POOL_A02,13.51,13.55,13.49,13.55
2024-01-03,SYN_POOL_A02,13.55,13.59,13.53,13.58
2024-01-04,SYN_POOL_A02,13.59,13.64,13.57,13.62
2024-01-05,SYN_POOL_A02,13.64,13.68,13.6,13.65
2024-01-08,SYN_POOL_A02,13.68,13.72,13.64,13.69
2024-01-09,SYN_POOL_A02,13.72,13.76,13.67,13.72
2024-01-10,SYN_POOL_A02,13.77,13.82,13.7,13.76
2024-01-11,SYN_POOL_A02,13.81,13.87,13.73,13.79
2024-01-12,SYN_POOL_A02,13.86,13.92,13.76,13.83
2024-01-15,SYN_POOL_A02,13.9,13.97,13.78,13.86
2024-01-16,SYN_POOL_A02,13.94,14.02,13.81,13.9
2024-01-17,SYN_POOL_A02,13.99,14.07,13.84,13.93
2024-01-18,SYN_POOL_A02,14.03,14.13,13.87,13.97
2024-01-19,SYN_POOL_A02,14.08,14.18,13.91,14.01
2024-01-22,SYN_POOL_A02,14.12,14.23,13.95,14.04
2024-01-23,SYN_POOL_A02,13.91,14.17,13.83,14.08
2024-01-24,SYN_POOL_A02,13.96,14.2,13.88,14.11
2024-01-25,SYN_POOL_A02,14.0,14.08,13.66,13.73
2024-01-26,SYN_POOL_A02,13.63,13.84,13.57,13.76
2024-01-29,SYN_POOL_A02,13.68,13.86,13.62,13.8
2024-01-30,SYN_POOL_A02,13.72,13.89,13.67,13.83
2024-01-31,SYN_POOL_A02,13.76,13.9,13.72,13.85
2024-02-01,SYN_POOL_A02,13.79,13.89,13.76,13.85
2024-02-02,SYN_POOL_A02,13.79,13.88,13.77,13.84
2024-02-05,SYN_POOL_A02,13.8,13.87,13.78,13.84
2024-02-06,SYN_POOL_A02,13.81,13.86,13.8,13.84
2024-02-07,SYN_POOL_A02,13.81,13.85,13.81,13.84
2024-02-08,SYN_POOL_A02,13.82,13.84,13.81,13.83
2024-02-09,SYN_POOL_A02,13.82,13.83,13.81,13.83
2024-02-12,SYN_POOL_A02,13.83,13.84,13.81,13.83
2024-02-13,SYN_POOL_A02,13.83,13.85,13.8,13.82
2024-02-14,SYN_POOL_A02,13.84,13.86,13.79,13.82
2024-02-15,SYN_POOL_A02,13.85,13.88,13.78,13.82
2024-02-16,SYN_POOL_A02,13.85,13.89,13.76,13.81
2024-02-19,SYN_POOL_A02,13.86,13.9,13.75,13.81
2024-02-20,SYN_POOL_A02,13.86,13.92,13.74,13.81
2024-02-21,SYN_POOL_A02,13.87,13.93,13.73,13.8
2024-02-22,SYN_POOL_A02,13.87,13.94,13.72,13.8
2024-02-23,SYN_POOL_A02,13.88,13.95,13.71,13.8
2024-02-26,SYN_POOL_A02,13.88,13.97,13.7,13.79
2024-02-27,SYN_POOL_A02,13.89,13.98,13.69,13.79
2024-02-28,SYN_POOL_A02,13.89,13.99,13.69,13.79
2024-02-29,SYN_POOL_A02,13.9,14.0,13.69,13.78
2024-03-01,SYN_POOL_A02,13.91,14.0,13.69,13.78
2024-03-04,SYN_POOL_A02,13.66,13.86,13.59,13.78
2024-03-05,SYN_POOL_A02,13.67,13.75,13.3,13.36
2024-03-06,SYN_POOL_A02,13.27,13.43,13.21,13.36
2024-03-07,SYN_POOL_A02,13.27,13.42,13.22,13.36
2024-03-08,SYN_POOL_A02,13.28,13.41,13.23,13.36
2024-03-11,SYN_POOL_A02,13.28,13.4,13.24,13.35
2024-03-12,SYN_POOL_A02,13.29,13.39,13.26,13.35
2024-03-13,SYN_POOL_A02,13.29,13.38,13.27,13.34
2024-03-14,SYN_POOL_A02,13.3,13.37,13.28,13.34
2024-03-15,SYN_POOL_A02,13.3,13.36,13.29,13.34
2024-03-18,SYN_POOL_A02,13.31,13.35,13.31,13.33
2024-03-19,SYN_POOL_A02,13.31,13.34,13.31,13.33
2024-03-20,SYN_POOL_A02,13.32,13.33,13.31,13.33
2024-03-21,SYN_POOL_A02,13.32,13.33,13.31,13.32
2024-03-22,SYN_POOL_A02,13.33,13.34,13.3,13.32
2024-03-25,SYN_POOL_A02,13.33,13.36,13.28,13.32
2024-03-26,SYN_POOL_A02,13.34,13.37,13.27,13.31
2024-03-27,SYN_POOL_A02,13.34,13.38,13.26,13.31
2024-03-28,SYN_POOL_A02,13.35,13.39,13.25,13.3
2024-03-29,SYN_POOL_A02,13.35,13.4,13.24,13.3
2024-04-01,SYN_POOL_A02,13.36,13.42,13.23,13.3
2024-04-02,SYN_POOL_A02,13.36,13.43,13.22,13.29
2024-04-03,SYN_POOL_A02,13.37,13.44,13.21,13.29
2024-04-04,SYN_POOL_A02,13.37,13.45,13.2,13.29
2024-04-05,SYN_POOL_A02,13.38,13.46,13.19,13.28
2024-04-08,SYN_POOL_A02,13.38,13.47,13.18,13.28
2024-04-09,SYN_POOL_A02,13.38,13.48,13.18,13.27
2024-04-10,SYN_POOL_A02,13.39,13.48,13.19,13.27
2024-04-11,SYN_POOL_A02,13.15,13.35,13.08,13.26
2024-04-12,SYN_POOL_A02,13.16,13.24,12.8,12.87
2024-04-15,SYN_POOL_A02,12.77,12.93,12.71,12.86
2024-04-16,SYN_POOL_A02,12.78,12.92,12.73,12.86
2024-04-17,SYN_POOL_A02,12.78,12.91,12.74,12.86
2024-04-18,SYN_POOL_A02,12.79,12.9,12.75,12.85
2024-04-19,SYN_POOL_A02,12.79,12.89,12.76,12.85
2024-04-22,SYN_POOL_A02,12.8,12.88,12.77,12.85
2024-04-23,SYN_POOL_A02,12.8,12.87,12.78,12.84
2024-04-24,SYN_POOL_A02,12.8,12.86,12.79,12.84
2024-04-25,SYN_POOL_A02,12.81,12.85,12.8,12.83
2024-04-26,SYN_POOL_A02,12.81,12.84,12.81,12.83
2024-04-29,SYN_POOL_A02,12.82,12.83,12.81,12.83
2024-04-30,SYN_POOL_A02,12.82,12.83,12.81,12.82
2024-05-01,SYN_POOL_A02,12.83,12.84,12.79,12.82
2024-05-02,SYN_POOL_A02,12.83,12.85,12.78,12.81
2024-05-03,SYN_POOL_A02,12.83,12.86,12.77,12.81
2024-05-06,SYN_POOL_A02,12.84,12.87,12.76,12.8
2024-05-07,SYN_POOL_A02,12.84,12.88,12.75,12.8
2024-05-08,SYN_POOL_A02,12.84,12.89,12.74,12.8
2024-05-09,SYN_POOL_A02,12.85,12.9,12.73,12.79
2024-05-10,SYN_POOL_A02,12.85,12.91,12.72,12.79
2024-05-13,SYN_POOL_A02,12.86,12.92,12.71,12.78
2024-05-14,SYN_POOL_A02,12.86,12.93,12.69,12.78
2024-05-15,SYN_POOL_A02,12.86,12.94,12.68,12.77
2024-05-16,SYN_POOL_A02,12.87,12.95,12.67,12.77
2024-05-17,SYN_POOL_A02,12.87,12.96,12.68,12.76
2024-05-20,SYN_POOL_A02,12.87,12.96,12.68,12.76
2024-05-21,SYN_POOL_A02,12.65,12.84,12.57,12.75
2024-05-22,SYN_POOL_A02,12.65,12.73,12.31,12.37
2024-05-23,SYN_POOL_A02,12.28,12.44,12.22,12.37
2024-05-24,SYN_POOL_A02,12.28,12.43,12.23,12.36
2024-05-27,SYN_POOL_A02,12.29,12.41,12.24,12.36
2024-05-28,SYN_POOL_A02,12.29,12.4,12.25,12.36
2024-05-29,SYN_POOL_A02,12.29,12.39,12.26,12.35
2024-05-30,SYN_POOL_A02,12.3,12.38,12.27,12.35
2024-05-31,SYN_POOL_A02,12.3,12.37,12.28,12.34
2024-06-03,SYN_POOL_A02,12.3,12.36,12.29,12.34
2024-06-04,SYN_POOL_A02,12.31,12.35,12.3,12.33
2024-06-05,SYN_POOL_A02,12.31,12.34,12.31,12.33
2024-06-06,SYN_POOL_A02,12.31,12.33,12.31,12.32
2024-06-07,SYN_POOL_A02,12.32,12.32,12.3,12.32
2024-06-10,SYN_POOL_A02,12.32,12.33,12.29,12.31
2024-06-11,SYN_POOL_A02,12.32,12.34,12.28,12.31
2024-06-12,SYN_POOL_A02,12.33,12.35,12.27,12.3
2024-06-13,SYN_POOL_A02,12.33,12.36,12.26,12.3
2024-06-14,SYN_POOL_A02,12.33,12.37,12.25,12.29
2024-06-17,SYN_POOL_A02,12.34,12.38,12.24,12.29
2024-06-18,SYN_POOL_A02,12.34,12.39,12.23,12.28
2024-06-19,SYN_POOL_A02,12.34,12.4,12.21,12.28
2024-06-20,SYN_POOL_A02,12.34,12.41,12.2,12.27
2024-06-21,SYN_POOL_A02,12.35,12.42,12.19,12.27
2024-06-24,SYN_POOL_A02,12.35,12.43,12.18,12.26
2024-06-25,SYN_POOL_A02,12.35,12.44,12.17,12.26
2024-06-26,SYN_POOL_A02,12.36,12.44,12.17,12.25
2024-06-27,SYN_POOL_A02,12.36,12.45,12.17,12.25
2024-06-28,SYN_POOL_A02,12.14,12.33,12.07,12.24
2024-07-01,SYN_POOL_A02,12.14,12.31,12.08,12.24
2024-07-02,SYN_POOL_A02,12.15,12.21,11.81,11.87
2024-07-03,SYN_POOL_A02,11.79,11.93,11.74,11.87
2024-07-04,SYN_POOL_A02,11.79,11.92,11.75,11.86
2024-07-05,SYN_POOL_A02,11.79,11.9,11.76,11.86
2024-07-08,SYN_POOL_A02,11.8,11.89,11.76,11.85
2024-07-09,SYN_POOL_A02,11.8,11.88,11.77,11.85
2024-07-10,SYN_POOL_A02,11.8,11.87,11.78,11.84
2024-07-11,SYN_POOL_A02,11.8,11.86,11.79,11.84
2024-07-12,SYN_POOL_A02,11.81,11.85,11.8,11.83
2024-07-15,SYN_POOL_A02,11.81,11.84,11.81,11.83
2024-07-16,SYN_POOL_A02,11.81,11.83,11.81,11.82
2024-07-17,SYN_POOL_A02,11.81,11.82,11.8,11.82
2024-07-18,SYN_POOL_A02,11.82,11.83,11.79,11.81
2024-07-19,SYN_POOL_A02,11.82,11.83,11.78,11.81
2024-07-22,SYN_POOL_A02,11.82,11.84,11.77,11.8
2024-07-23,SYN_POOL_A02,11.82,11.85,11.76,11.8
2024-07-24,SYN_POOL_A02,11.83,11.86,11.75,11.79
2024-07-25,SYN_POOL_A02,11.83,11.87,11.74,11.78
2024-07-26,SYN_POOL_A02,11.83,11.88,11.72,11.78
2024-07-29,SYN_POOL_A02,11.83,11.88,11.71,11.77
2024-07-30,SYN_POOL_A02,11.83,11.89,11.7,11.77
2024-07-31,SYN_POOL_A02,11.84,11.9,11.69,11.76
2024-08-01,SYN_POOL_A02,11.84,11.91,11.68,11.76
2024-08-02,SYN_POOL_A02,11.84,11.92,11.66,11.75
2024-08-05,SYN_POOL_A02,11.84,11.93,11.66,11.75
2024-08-06,SYN_POOL_A02,11.84,11.93,11.66,11.74
2024-08-07,SYN_POOL_A02,11.84,11.93,11.66,11.73
2024-08-08,SYN_POOL_A02,11.64,11.8,11.57,11.73
2024-08-09,SYN_POOL_A02,11.64,11.7,11.32,11.38
2024-08-12,SYN_POOL_A02,11.29,11.43,11.24,11.37
2024-08-13,SYN_POOL_A02,11.3,11.42,11.25,11.36
2024-08-14,SYN_POOL_A02,11.3,11.41,11.26,11.36
2024-08-15,SYN_POOL_A02,11.3,11.39,11.27,11.35
2024-08-16,SYN_POOL_A02,11.3,11.38,11.28,11.35
2024-08-19,SYN_POOL_A02,11.3,11.37,11.28,11.34
2024-08-20,SYN_POOL_A02,11.31,11.36,11.29,11.34
2024-08-21,SYN_POOL_A02,11.31,11.35,11.3,11.33
2024-08-22,SYN_POOL_A02,11.31,11.34,11.31,11.33
2024-08-23,SYN_POOL_A02,11.31,11.32,11.31,11.32
2024-08-26,SYN_POOL_A02,11.31,11.32,11.3,11.31
2024-08-27,SYN_POOL_A02,11.31,11.32,11.29,11.31
2024-08-28,SYN_POOL_A02,11.31,11.33,11.28,11.3
2024-08-29,SYN_POOL_A02,11.32,11.34,11.27,11.3
2024-08-30,SYN_POOL_A02,11.32,11.34,11.26,11.29
2024-09-02,SYN_POOL_A02,11.32,11.35,11.25,11.29
2024-09-03,SYN_POOL_A02,11.32,11.36,11.23,11.28
2024-09-04,SYN_POOL_A02,11.32,11.36,11.22,11.27
2024-09-05,SYN_POOL_A02,11.32,11.37,11.21,11.27
2024-09-06,SYN_POOL_A02,11.32,11.38,11.2,11.26
2024-09-09,SYN_POOL_A02,11.32,11.39,11.19,11.25
2024-09-10,SYN_POOL_A02,11.33,11.39,11.17,11.25
2024-09-11,SYN_POOL_A02,11.33,11.4,11.16,11.24
2024-09-12,SYN_POOL_A02,11.33,11.41,11.15,11.24
2024-09-13,SYN_POOL_A02,11.33,11.41,11.15,11.23
2024-09-16,SYN_POOL_A02,11.33,11.41,11.15,11.22
2024-09-17,SYN_POOL_A02,11.13,11.29,11.07,11.22
2024-09-18,SYN_POOL_A02,11.13,11.19,10.82,10.88
2024-09-19,SYN_POOL_A02,10.8,10.93,10.75,10.87
2024-09-20,SYN_POOL_A02,10.8,10.92,10.76,10.87
2024-09-23,SYN_POOL_A02,10.8,10.91,10.76,10.86
2024-09-24,SYN_POOL_A02,10.8,10.9,10.77,10.86
2024-09-25,SYN_POOL_A02,10.8,10.88,10.78,10.85
2024-09-26,SYN_POOL_A02,10.81,10.87,10.78,10.84
2024-09-27,SYN_POOL_A02,10.81,10.86,10.79,10.84
2024-09-30,SYN_POOL_A02,10.81,10.85,10.8,10.83
2024-10-01,SYN_POOL_A02,10.81,10.84,10.8,10.83
2024-10-02,SYN_POOL_A02,10.81,10.82,10.81,10.82
2024-10-03,SYN_POOL_A02,10.81,10.81,10.8,10.81
2024-10-04,SYN_POOL_A02,10.81,10.82,10.79,10.81
2024-10-07,SYN_POOL_A02,10.81,10.82,10.78,10.8
2024-10-08,SYN_POOL_A02,10.81,10.83,10.77,10.79
2024-10-09,SYN_POOL_A02,10.81,10.83,10.76,10.79
2024-10-10,SYN_POOL_A02,10.81,10.84,10.74,10.78
2024-10-11,SYN_POOL_A02,10.81,10.85,10.73,10.77
2024-10-14,SYN_POOL_A02,10.81,10.85,10.72,10.77
2024-10-15,SYN_POOL_A02,10.81,10.86,10.71,10.76
2024-10-16,SYN_POOL_A02,10.81,10.87,10.7,10.75
2024-10-17,SYN_POOL_A02,10.81,10.87,10.68,10.75
2024-10-18,SYN_POOL_A02,10.81,10.88,10.67,10.74
2024-10-21,SYN_POOL_A02,10.81,10.88,10.66,10.73
2024-10-22,SYN_POOL_A02,10.81,10.89,10.65,10.73
2024-10-23,SYN_POOL_A02,10.81,10.89,10.65,10.72
2024-10-24,SYN_POOL_A02,10.81,10.89,10.65,10.71
2024-10-25,SYN_POOL_A02,10.62,10.78,10.56,10.71
2024-10-28,SYN_POOL_A02,10.62,10.68,10.33,10.38
2024-10-29,SYN_POOL_A02,10.31,10.43,10.26,10.38
2024-10-30,SYN_POOL_A02,10.31,10.42,10.26,10.37
2024-10-31,SYN_POOL_A02,10.31,10.43,10.27,10.39
2024-11-01,SYN_POOL_A02,10.33,10.45,10.3,10.41
2024-11-04,SYN_POOL_A02,10.36,10.47,10.33,10.44
2024-11-05,SYN_POOL_A02,10.39,10.49,10.37,10.46
2024-11-06,SYN_POOL_A02,10.42,10.51,10.41,10.48
2024-11-07,SYN_POOL_A02,10.45,10.52,10.44,10.51
2024-11-08,SYN_POOL_A02,10.48,10.54,10.48,10.53
2024-11-11,SYN_POOL_A02,10.51,10.56,10.51,10.55
2024-11-12,SYN_POOL_A02,10.54,10.58,10.54,10.58
2024-11-13,SYN_POOL_A02,10.57,10.61,10.56,10.6
2024-11-14,SYN_POOL_A02,10.61,10.64,10.59,10.63
2024-11-15,SYN_POOL_A02,10.64,10.67,10.61,10.65
2024-11-18,SYN_POOL_A02,10.67,10.7,10.64,10.67
2024-11-19,SYN_POOL_A02,10.7,10.73,10.66,10.7
2024-11-20,SYN_POOL_A02,10.73,10.76,10.68,10.72
2024-11-21,SYN_POOL_A02,10.76,10.8,10.7,10.75
2024-11-22,SYN_POOL_A02,10.79,10.84,10.72,10.77
2024-11-25,SYN_POOL_A02,10.82,10.87,10.74,10.8
2024-11-26,SYN_POOL_A02,10.85,10.91,10.76,10.82
2024-11-27,SYN_POOL_A02,10.89,10.95,10.77,10.84
2024-11-28,SYN_POOL_A02,10.92,10.99,10.79,10.87
2024-11-29,SYN_POOL_A02,10.95,11.02,10.81,10.89
2024-12-02,SYN_POOL_A02,10.98,11.06,10.84,10.92
2024-12-03,SYN_POOL_A02,11.01,11.09,10.87,10.94
2024-12-04,SYN_POOL_A02,10.85,11.04,10.78,10.97
2024-12-05,SYN_POOL_A02,10.88,11.06,10.82,10.99
2024-12-06,SYN_POOL_A02,10.91,10.97,10.64,10.69
2024-12-09,SYN_POOL_A02,10.62,10.77,10.57,10.71
2024-12-10,SYN_POOL_A02,10.65,10.79,10.61,10.74
2024-12-11,SYN_POOL_A02,10.68,10.8,10.64,10.76
2024-12-12,SYN_POOL_A02,10.71,10.82,10.68,10.79
2024-12-13,SYN_POOL_A02,10.74,10.84,10.72,10.81
2024-12-16,SYN_POOL_A02,10.77,10.86,10.75,10.84
2024-12-17,SYN_POOL_A02,10.8,10.88,10.79,10.86
2024-12-18,SYN_POOL_A02,10.83,10.9,10.83,10.88
2024-12-19,SYN_POOL_A02,10.86,10.92,10.86,10.91
2024-12-20,SYN_POOL_A02,10.9,10.94,10.89,10.93
2024-12-23,SYN_POOL_A02,10.93,10.96,10.92,10.96
2024-12-24,SYN_POOL_A02,10.96,10.99,10.94,10.98
2024-12-25,SYN_POOL_A02,10.99,11.02,10.97,11.01
2024-12-26,SYN_POOL_A02,11.02,11.05,10.99,11.03
2024-12-27,SYN_POOL_A02,11.05,11.08,11.02,11.05
2024-12-30,SYN_POOL_A02,11.08,11.12,11.04,11.08
2024-12-31,SYN_POOL_A02,11.12,11.16,11.06,11.1
2025-01-01,SYN_POOL_A02,11.15,11.19,11.08,11.13
2025-01-02,SYN_POOL_A02,11.18,11.23,11.09,11.15
2025-01-03,SYN_POOL_A02,11.21,11.27,11.11,11.18
2025-01-06,SYN_POOL_A02,11.24,11.31,11.13,11.2
2025-01-07,SYN_POOL_A02,11.28,11.35,11.15,11.23
2025-01-08,SYN_POOL_A02,11.31,11.38,11.17,11.25
2025-01-09,SYN_POOL_A02,11.34,11.42,11.2,11.28
2025-01-10,SYN_POOL_A02,11.37,11.45,11.23,11.3
2025-01-13,SYN_POOL_A02,11.2,11.4,11.13,11.33
2025-01-14,SYN_POOL_A02,11.23,11.42,11.17,11.35
2025-01-15,SYN_POOL_A02,11.26,11.33,10.99,11.04
2025-01-16,SYN_POOL_A02,10.96,11.12,10.91,11.06
2025-01-17,SYN_POOL_A02,10.99,11.14,10.95,11.09
2025-01-20,SYN_POOL_A02,11.03,11.16,10.99,11.11
2025-01-21,SYN_POOL_A02,11.06,11.18,11.03,11.14
2025-01-22,SYN_POOL_A02,11.09,11.2,11.06,11.16
2025-01-23,SYN_POOL_A02,11.12,11.22,11.1,11.19
2025-01-24,SYN_POOL_A02,11.15,11.23,11.14,11.21
2025-01-27,SYN_POOL_A02,11.18,11.25,11.18,11.24
2025-01-28,SYN_POOL_A02,11.22,11.27,11.21,11.26
2025-01-29,SYN_POOL_A02,11.25,11.29,11.24,11.29
2025-01-30,SYN_POOL_A02,11.28,11.31,11.27,11.31
2025-01-31,SYN_POOL_A02,11.31,11.34,11.29,11.34
2025-02-03,SYN_POOL_A02,11.34,11.38,11.32,11.36
2025-02-04,SYN_POOL_A02,11.38,11.41,11.35,11.39
2025-02-05,SYN_POOL_A02,11.41,11.44,11.37,11.41
2025-02-06,SYN_POOL_A02,11.44,11.47,11.39,11.44
2025-02-07,SYN_POOL_A02,11.47,11.51,11.41,11.46
2025-02-10,SYN_POOL_A02,11.5,11.55,11.43,11.49
2025-02-11,SYN_POOL_A02,11.54,11.59,11.45,11.51
2025-02-12,SYN_POOL_A02,11.57,11.63,11.47,11.54
2025-02-13,SYN_POOL_A02,11.6,11.67,11.49,11.56
2025-02-14,SYN_POOL_A02,11.63,11.7,11.51,11.59
2025-02-17,SYN_POOL_A02,11.67,11.74,11.53,11.61
2025-02-18,SYN_POOL_A02,11.7,11.78,11.55,11.64
2025-02-19,SYN_POOL_A02,11.73,11.82,11.58,11.66
2025-02-20,SYN_POOL_A02,11.77,11.85,11.62,11.69
2025-02-21,SYN_POOL_A02,11.59,11.79,11.52,11.71
2025-02-24,SYN_POOL_A02,11.62,11.69,11.33,11.39
2025-02-25,SYN_POOL_A02,11.31,11.47,11.26,11.41
2025-02-26,SYN_POOL_A02,11.34,11.49,11.3,11.44
2025-02-27,SYN_POOL_A02,11.37,11.51,11.33,11.46
2025-02-28,SYN_POOL_A02,11.4,11.53,11.37,11.49
2025-03-03,SYN_POOL_A02,11.44,11.55,11.41,11.51
2025-03-04,SYN_POOL_A02,11.47,11.57,11.45,11.54
2025-03-05,SYN_POOL_A02,11.5,11.59,11.49,11.56
2025-03-06,SYN_POOL_A02,11.53,11.61,11.52,11.59
2025-03-07,SYN_POOL_A02,11.57,11.63,11.56,11.62
2025-03-10,SYN_POOL_A02,11.6,11.65,11.6,11.64
2025-03-11,SYN_POOL_A02,11.63,11.67,11.62,11.67
2025-03-12,SYN_POOL_A02,11.66,11.7,11.65,11.69
2025-03-13,SYN_POOL_A02,11.7,11.73,11.67,11.72
2025-03-14,SYN_POOL_A02,11.73,11.76,11.7,11.74
2025-03-17,SYN_POOL_A02,11.76,11.79,11.73,11.77
2025-03-18,SYN_POOL_A02,11.79,11.83,11.75,11.79
2025-03-19,SYN_POOL_A02,11.83,11.87,11.77,11.82
2025-03-20,SYN_POOL_A02,11.86,11.91,11.79,11.84
2025-03-21,SYN_POOL_A02,11.89,11.95,11.81,11.87
2025-03-24,SYN_POOL_A02,11.93,11.98,11.83,11.89
2025-03-25,SYN_POOL_A02,11.96,12.02,11.85,11.92
2025-03-26,SYN_POOL_A02,11.99,12.06,11.86,11.94
2025-03-27,SYN_POOL_A02,12.03,12.1,11.88,11.97
2025-03-28,SYN_POOL_A02,12.06,12.14,11.91,11.99
2025-03-31,SYN_POOL_A02,12.09,12.18,11.94,12.02
2025-04-01,SYN_POOL_A02,12.13,12.21,11.97,12.05
2025-04-02,SYN_POOL_A02,11.94,12.15,11.88,12.07
2025-04-03,SYN_POOL_A02,11.98,12.05,11.68,11.74
2025-04-04,SYN_POOL_A02,11.65,11.83,11.6,11.77
2025-04-07,SYN_POOL_A02,11.69,11.85,11.64,11.79
2025-04-08,SYN_POOL_A02,11.72,11.87,11.68,11.82
2025-04-09,SYN_POOL_A02,11.75,11.89,11.72,11.84
2025-04-10,SYN_POOL_A02,11.79,11.9,11.76,11.87
2025-04-11,SYN_POOL_A02,11.82,11.92,11.79,11.89
2025-04-14,SYN_POOL_A02,11.85,11.94,11.83,11.92
2025-04-15,SYN_POOL_A02,11.88,11.96,11.87,11.94
2025-04-16,SYN_POOL_A02,11.92,11.98,11.91,11.97
2025-04-17,SYN_POOL_A02,11.95,12.0,11.95,11.99
2025-04-18,SYN_POOL_A02,11.98,12.02,11.97,12.02
2025-04-21,SYN_POOL_A02,12.02,12.05,12.0,12.04
2025-04-22,SYN_POOL_A02,12.05,12.08,12.03,12.07
2025-04-23,SYN_POOL_A02,12.08,12.12,12.05,12.1
2025-04-24,SYN_POOL_A02,12.12,12.15,12.08,12.12
2025-04-25,SYN_POOL_A02,12.15,12.18,12.11,12.15
2025-04-28,SYN_POOL_A02,12.18,12.22,12.13,12.17
2025-04-29,SYN_POOL_A02,12.22,12.26,12.14,12.2
2025-04-30,SYN_POOL_A02,12.25,12.3,12.16,12.22
2025-05-01,SYN_POOL_A02,12.28,12.34,12.18,12.25
2025-05-02,SYN_POOL_A02,12.32,12.38,12.2,12.28
2025-05-05,SYN_POOL_A02,12.35,12.42,12.22,12.3
2025-05-06,SYN_POOL_A02,12.39,12.46,12.24,12.33
2025-05-07,SYN_POOL_A02,12.42,12.5,12.26,12.35
2025-05-08,SYN_POOL_A02,12.45,12.55,12.29,12.38
2025-05-09,SYN_POOL_A02,12.49,12.58,12.33,12.41
2025-05-12,SYN_POOL_A02,12.3,12.51,12.23,12.43
2025-05-13,SYN_POOL_A02,12.33,12.41,12.03,12.09
2025-05-14,SYN_POOL_A02,12.0,12.18,11.94,12.12
2025-05-15,SYN_POOL_A02,12.03,12.2,11.98,12.14
2025-05-16,SYN_POOL_A02,12.07,12.22,12.02,12.17
2025-05-19,SYN_POOL_A02,12.1,12.24,12.06,12.19
2025-05-20,SYN_POOL_A02,12.13,12.26,12.1,12.22
2025-05-21,SYN_POOL_A02,12.17,12.28,12.14,12.24
2025-05-22,SYN_POOL_A02,12.2,12.3,12.18,12.27
2025-05-23,SYN_POOL_A02,12.23,12.32,12.22,12.3
2025-05-26,SYN_POOL_A02,12.27,12.34,12.26,12.32
2025-05-27,SYN_POOL_A02,12.3,12.36,12.3,12.35
2025-05-28,SYN_POOL_A02,12.33,12.37,12.33,12.37
2025-05-29,SYN_POOL_A02,12.37,12.4,12.35,12.4
2025-05-30,SYN_POOL_A02,12.4,12.44,12.38,12.42
2025-06-02,SYN_POOL_A02,12.44,12.47,12.41,12.45
2025-06-03,SYN_POOL_A02,12.47,12.5,12.44,12.48
2025-06-04,SYN_POOL_A02,12.5,12.54,12.46,12.5
2025-06-05,SYN_POOL_A02,12.54,12.58,12.48,12.53
2025-06-06,SYN_POOL_A02,12.57,12.62,12.5,12.56
2025-06-09,SYN_POOL_A02,12.61,12.66,12.52,12.58
2025-06-10,SYN_POOL_A02,12.64,12.7,12.54,12.61
2025-06-11,SYN_POOL_A02,12.67,12.74,12.56,12.63
2025-06-12,SYN_POOL_A02,12.71,12.78,12.58,12.66
2025-06-13,SYN_POOL_A02,12.74,12.82,12.6,12.69
2025-06-16,SYN_POOL_A02,12.78,12.86,12.62,12.71
2025-06-17,SYN_POOL_A02,12.81,12.91,12.65,12.74
2025-06-18,SYN_POOL_A02,12.85,12.94,12.68,12.77
2025-06-19,SYN_POOL_A02,12.65,12.88,12.58,12.79
2025-06-20,SYN_POOL_A02,12.69,12.9,12.62,12.82
2025-06-23,SYN_POOL_A02,12.72,12.79,12.4,12.46
2025-06-24,SYN_POOL_A02,12.38,12.55,12.33,12.49
2025-06-25,SYN_POOL_A02,12.41,12.57,12.37,12.52
2025-06-26,SYN_POOL_A02,12.45,12.59,12.41,12.54
2025-06-27,SYN_POOL_A02,12.48,12.61,12.45,12.57
2025-06-30,SYN_POOL_A02,12.51,12.63,12.49,12.6
2025-07-01,SYN_POOL_A02,12.55,12.65,12.53,12.62
2025-07-02,SYN_POOL_A02,12.58,12.67,12.57,12.65
2025-07-03,SYN_POOL_A02,12.62,12.69,12.61,12.67
2025-07-04,SYN_POOL_A02,12.65,12.71,12.65,12.7
2025-07-07,SYN_POOL_A02,12.69,12.73,12.68,12.73
2025-07-08,SYN_POOL_A02,12.72,12.76,12.71,12.75
2025-07-09,SYN_POOL_A02,12.75,12.79,12.73,12.78
2025-07-10,SYN_POOL_A02,12.79,12.82,12.76,12.81
2025-07-11,SYN_POOL_A02,12.82,12.86,12.79,12.83
2025-07-14,SYN_POOL_A02,12.86,12.89,12.82,12.86
2025-07-15,SYN_POOL_A02,12.89,12.93,12.84,12.88
2025-07-16,SYN_POOL_A02,12.93,12.97,12.86,12.91
2025-07-17,SYN_POOL_A02,12.96,13.01,12.88,12.94
2025-07-18,SYN_POOL_A02,13.0,13.06,12.9,12.96
2025-07-21,SYN_POOL_A02,13.03,13.1,12.92,12.99
2025-07-22,SYN_POOL_A02,13.07,13.14,12.94,13.02
2025-07-23,SYN_POOL_A02,13.1,13.18,12.95,13.04
2025-07-24,SYN_POOL_A02,13.14,13.22,12.97,13.07
2025-07-25,SYN_POOL_A02,13.17,13.27,13.0,13.1
2025-07-28,SYN_POOL_A02,13.21,13.3,13.04,13.12
2025-07-29,SYN_POOL_A02,13.01,13.24,12.93,13.15
2025-07-30,SYN_POOL_A02,13.04,13.26,12.97,13.18
2025-07-31,SYN_POOL_A02,13.08,13.15,12.75,12.81
2022-08-01,SYN_POOL_A03,29.99,30.03,29.94,29.99
2022-08-02,SYN_POOL_A03,30.03,30.08,29.92,29.99
2022-08-03,SYN_POOL_A03,30.05,30.12,29.91,30.0
2022-08-04,SYN_POOL_A03,30.07,30.15,29.9,30.0
2022-08-05,SYN_POOL_A03,30.09,30.18,29.88,30.0
2022-08-08,SYN_POOL_A03,30.11,30.22,29.87,30.0
2022-08-09,SYN_POOL_A03,30.13,30.25,29.85,30.0
2022-08-10,SYN_POOL_A03,30.15,30.29,29.84,30.0
2022-08-11,SYN_POOL_A03,30.17,30.32,29.83,30.0
2022-08-12,SYN_POOL_A03,30.18,30.36,29.81,30.01
2022-08-15,SYN_POOL_A03,30.2,30.39,29.8,30.01
2022-08-16,SYN_POOL_A03,30.22,30.42,29.81,30.01
2022-08-17,SYN_POOL_A03,30.24,30.45,29.82,30.01
2022-08-18,SYN_POOL_A03,29.76,30.2,29.59,30.01
2022-08-19,SYN_POOL_A03,29.78,30.19,29.62,30.01
2022-08-22,SYN_POOL_A03,29.79,29.95,29.05,29.18
2022-08-23,SYN_POOL_A03,28.99,29.33,28.87,29.18
2022-08-24,SYN_POOL_A03,29.01,29.31,28.9,29.19
2022-08-25,SYN_POOL_A03,29.03,29.3,28.94,29.19
2022-08-26,SYN_POOL_A03,29.05,29.29,28.97,29.19
2022-08-29,SYN_POOL_A03,29.07,29.27,29.0,29.19
2022-08-30,SYN_POOL_A03,29.08,29.26,29.04,29.19
2022-08-31,SYN_POOL_A03,29.1,29.25,29.07,29.19
2022-09-01,SYN_POOL_A03,29.12,29.23,29.1,29.19
2022-09-02,SYN_POOL_A03,29.14,29.22,29.13,29.2
2022-09-05,SYN_POOL_A03,29.16,29.21,29.15,29.2
2022-09-06,SYN_POOL_A03,29.18,29.2,29.15,29.2
2022-09-07,SYN_POOL_A03,29.2,29.22,29.16,29.2
2022-09-08,SYN_POOL_A03,29.21,29.25,29.15,29.2
2022-09-09,SYN_POOL_A03,29.23,29.28,29.13,29.2
2022-09-12,SYN_POOL_A03,29.25,29.31,29.12,29.2
2022-09-13,SYN_POOL_A03,29.27,29.35,29.11,29.2
2022-09-14,SYN_POOL_A03,29.29,29.38,29.09,29.2
2022-09-15,SYN_POOL_A03,29.31,29.41,29.08,29.2
2022-09-16,SYN_POOL_A03,29.32,29.44,29.06,29.2
2022-09-19,SYN_POOL_A03,29.34,29.48,29.05,29.2
2022-09-20,SYN_POOL_A03,29.36,29.51,29.04,29.21
2022-09-21,SYN_POOL_A03,29.38,29.54,29.02,29.21
2022-09-22,SYN_POOL_A03,29.4,29.57,29.01,29.21
2022-09-23,SYN_POOL_A03,29.41,29.61,29.01,29.21
2022-09-26,SYN_POOL_A03,29.43,29.63,29.02,29.21
2022-09-27,SYN_POOL_A03,29.45,29.64,29.04,29.21
2022-09-28,SYN_POOL_A03,28.98,29.38,28.82,29.21
2022-09-29,SYN_POOL_A03,28.99,29.15,28.27,28.4
2022-09-30,SYN_POOL_A03,28.21,28.54,28.09,28.4
2022-10-03,SYN_POOL_A03,28.23,28.53,28.12,28.4
2022-10-04,SYN_POOL_A03,28.24,28.52,28.15,28.4
2022-10-05,SYN_POOL_A03,28.26,28.5,28.18,28.4
2022-10-06,SYN_POOL_A03,28.28,28.49,28.22,28.4
2022-10-07,SYN_POOL_A03,28.3,28.47,28.25,28.4
2022-10-10,SYN_POOL_A03,28.32,28.46,28.28,28.41
2022-10-11,SYN_POOL_A03,28.33,28.45,28.31,28.41
2022-10-12,SYN_POOL_A03,28.35,28.43,28.34,28.41
2022-10-13,SYN_POOL_A03,28.37,28.42,28.36,28.41
2022-10-14,SYN_POOL_A03,28.38,28.41,28.36,28.41
2022-10-17,SYN_POOL_A03,28.4,28.42,28.37,28.41
2022-10-18,SYN_POOL_A03,28.42,28.45,28.36,28.41
2022-10-19,SYN_POOL_A03,28.44,28.48,28.35,28.41
2022-10-20,SYN_POOL_A03,28.45,28.51,28.33,28.41
2022-10-21,SYN_POOL_A03,28.47,28.54,28.32,28.41
2022-10-24,SYN_POOL_A03,28.49,28.57,28.3,28.41
2022-10-25,SYN_POOL_A03,28.5,28.6,28.29,28.41
2022-10-26,SYN_POOL_A03,28.52,28.63,28.27,28.41
2022-10-27,SYN_POOL_A03,28.54,28.67,28.26,28.41
2022-10-28,SYN_POOL_A03,28.55,28.7,28.25,28.41
2022-10-31,SYN_POOL_A03,28.57,28.73,28.23,28.41
2022-11-01,SYN_POOL_A03,28.59,28.76,28.22,28.41
2022-11-02,SYN_POOL_A03,28.6,28.79,28.21,28.41
2022-11-03,SYN_POOL_A03,28.62,28.82,28.22,28.4
2022-11-04,SYN_POOL_A03,28.64,28.82,28.24,28.4
2022-11-07,SYN_POOL_A03,28.18,28.58,28.02,28.4
2022-11-08,SYN_POOL_A03,28.19,28.35,27.48,27.62
2022-11-09,SYN_POOL_A03,27.43,27.76,27.31,27.62
2022-11-10,SYN_POOL_A03,27.45,27.74,27.34,27.62
2022-11-11,SYN_POOL_A03,27.46,27.73,27.37,27.62
2022-11-14,SYN_POOL_A03,27.48,27.72,27.4,27.62
2022-11-15,SYN_POOL_A03,27.49,27.7,27.43,27.62
2022-11-16,SYN_POOL_A03,27.51,27.69,27.46,27.62
2022-11-17,SYN_POOL_A03,27.53,27.68,27.49,27.62
2022-11-18,SYN_POOL_A03,27.54,27.66,27.52,27.62
2022-11-21,SYN_POOL_A03,27.56,27.65,27.55,27.62
2022-11-22,SYN_POOL_A03,27.58,27.63,27.57,27.62
2022-11-23,SYN_POOL_A03,27.59,27.62,27.58,27.62
2022-11-24,SYN_POOL_A03,27.61,27.63,27.58,27.62
2022-11-25,SYN_POOL_A03,27.62,27.65,27.57,27.62
2022-11-28,SYN_POOL_A03,27.64,27.68,27.56,27.61
2022-11-29,SYN_POOL_A03,27.66,27.71,27.54,27.61
2022-11-30,SYN_POOL_A03,27.67,27.74,27.53,27.61
2022-12-01,SYN_POOL_A03,27.69,27.77,27.51,27.61
2022-12-02,SYN_POOL_A03,27.7,27.8,27.5,27.61
2022-12-05,SYN_POOL_A03,27.72,27.83,27.48,27.61
2022-12-06,SYN_POOL_A03,27.73,27.85,27.47,27.61
2022-12-07,SYN_POOL_A03,27.75,27.88,27.45,27.61
2022-12-08,SYN_POOL_A03,27.76,27.91,27.44,27.61
2022-12-09,SYN_POOL_A03,27.78,27.94,27.43,27.61
2022-12-12,SYN_POOL_A03,27.79,27.97,27.41,27.6
2022-12-13,SYN_POOL_A03,27.81,28.0,27.43,27.6
2022-12-14,SYN_POOL_A03,27.83,28.01,27.44,27.6
2022-12-15,SYN_POOL_A03,27.38,27.77,27.23,27.6
2022-12-16,SYN_POOL_A03,27.39,27.55,26.7,26.84
2022-12-19,SYN_POOL_A03,26.65,26.97,26.53,26.84
2022-12-20,SYN_POOL_A03,26.66,26.96,26.56,26.84
2022-12-21,SYN_POOL_A03,26.68,26.95,26.59,26.84
2022-12-22,SYN_POOL_A03,26.7,26.93,26.62,26.83
2022-12-23,SYN_POOL_A03,26.71,26.92,26.64,26.83
2022-12-26,SYN_POOL_A03,26.73,26.9,26.67,26.83
2022-12-27,SYN_POOL_A03,26.74,26.89,26.7,26.83
2022-12-28,SYN_POOL_A03,26.76,26.87,26.73,26.83
2022-12-29,SYN_POOL_A03,26.77,26.86,26.76,26.83
2022-12-30,SYN_POOL_A03,26.79,26.85,26.79,26.83
2023-01-02,SYN_POOL_A03,26.8,26.83,26.79,26.83
2023-01-03,SYN_POOL_A03,26.81,26.83,26.79,26.83
2023-01-04,SYN_POOL_A03,26.83,26.85,26.78,26.82
2023-01-05,SYN_POOL_A03,26.84,26.88,26.77,26.82
2023-01-06,SYN_POOL_A03,26.86,26.91,26.75,26.82
2023-01-09,SYN_POOL_A03,26.87,26.93,26.74,26.82
2023-01-10,SYN_POOL_A03,26.89,26.96,26.72,26.82
2023-01-11,SYN_POOL_A03,26.9,26.99,26.71,26.82
2023-01-12,SYN_POOL_A03,26.92,27.02,26.69,26.81
2023-01-13,SYN_POOL_A03,26.93,27.05,26.68,26.81
2023-01-16,SYN_POOL_A03,26.94,27.07,26.66,26.81
2023-01-17,SYN_POOL_A03,26.96,27.1,26.65,26.81
2023-01-18,SYN_POOL_A03,26.97,27.13,26.63,26.81
2023-01-19,SYN_POOL_A03,26.99,27.16,26.62,26.8
2023-01-20,SYN_POOL_A03,27.0,27.18,26.63,26.8
2023-01-23,SYN_POOL_A03,27.01,27.2,26.64,26.8
2023-01-24,SYN_POOL_A03,26.58,26.97,26.43,26.8
2023-01-25,SYN_POOL_A03,26.59,26.95,26.46,26.8
2023-01-26,SYN_POOL_A03,26.61,26.75,25.94,26.05
2023-01-27,SYN_POOL_A03,25.88,26.18,25.78,26.05
2023-01-30,SYN_POOL_A03,25.9,26.16,25.81,26.05
2023-01-31,SYN_POOL_A03,25.91,26.15,25.83,26.05
2023-02-01,SYN_POOL_A03,25.93,26.13,25.86,26.05
2023-02-02,SYN_POOL_A03,25.94,26.12,25.89,26.05
2023-02-03,SYN_POOL_A03,25.95,26.1,25.91,26.04
2023-02-06,SYN_POOL_A03,25.97,26.09,25.94,26.04
2023-02-07,SYN_POOL_A03,25.98,26.07,25.97,26.04
2023-02-08,SYN_POOL_A03,25.99,26.06,25.99,26.04
2023-02-09,SYN_POOL_A03,26.01,26.04,26.0,26.04
2023-02-10,SYN_POOL_A03,26.02,26.04,26.0,26.03
2023-02-13,SYN_POOL_A03,26.04,26.05,26.0,26.03
2023-02-14,SYN_POOL_A03,26.05,26.08,25.98,26.03
2023-02-15,SYN_POOL_A03,26.06,26.11,25.97,26.03
2023-02-16,SYN_POOL_A03,26.08,26.13,25.95,26.03
2023-02-17,SYN_POOL_A03,26.09,26.16,25.94,26.02
2023-02-20,SYN_POOL_A03,26.1,26.18,25.92,26.02
2023-02-21,SYN_POOL_A03,26.11,26.21,25.9,26.02
2023-02-22,SYN_POOL_A03,26.13,26.24,25.89,26.02
2023-02-23,SYN_POOL_A03,26.14,26.26,25.87,26.01
2023-02-24,SYN_POOL_A03,26.15,26.29,25.86,26.01
2023-02-27,SYN_POOL_A03,26.17,26.31,25.84,26.01
2023-02-28,SYN_POOL_A03,26.18,26.34,25.83,26.0
2023-03-01,SYN_POOL_A03,26.19,26.37,25.83,26.0
2023-03-02,SYN_POOL_A03,26.2,26.38,25.84,26.0
2023-03-03,SYN_POOL_A03,26.22,26.38,25.85,26.0
2023-03-06,SYN_POOL_A03,25.79,26.15,25.66,25.99
2023-03-07,SYN_POOL_A03,25.8,25.94,25.15,25.27
2023-03-08,SYN_POOL_A03,25.1,25.39,25.0,25.27
2023-03-09,SYN_POOL_A03,25.12,25.38,25.03,25.27
2023-03-10,SYN_POOL_A03,25.13,25.36,25.05,25.27
2023-03-13,SYN_POOL_A03,25.14,25.35,25.08,25.26
2023-03-14,SYN_POOL_A03,25.16,25.33,25.1,25.26
2023-03-15,SYN_POOL_A03,25.17,25.32,25.13,25.26
2023-03-16,SYN_POOL_A03,25.18,25.3,25.15,25.26
2023-03-17,SYN_POOL_A03,25.19,25.29,25.18,25.25
2023-03-20,SYN_POOL_A03,25.21,25.27,25.2,25.25
2023-03-21,SYN_POOL_A03,25.22,25.26,25.21,25.25
2023-03-22,SYN_POOL_A03,25.23,25.25,25.21,25.24
2023-03-23,SYN_POOL_A03,25.24,25.26,25.21,25.24
2023-03-24,SYN_POOL_A03,25.25,25.28,25.19,25.24
2023-03-27,SYN_POOL_A03,25.27,25.31,25.18,25.24
2023-03-28,SYN_POOL_A03,25.28,25.33,25.16,25.23
2023-03-29,SYN_POOL_A03,25.29,25.36,25.15,25.23
2023-03-30,SYN_POOL_A03,25.3,25.38,25.13,25.23
2023-03-31,SYN_POOL_A03,25.31,25.4,25.12,25.22
2023-04-03,SYN_POOL_A03,25.33,25.43,25.1,25.22
2023-04-04,SYN_POOL_A03,25.34,25.45,25.08,25.22
2023-04-05,SYN_POOL_A03,25.35,25.48,25.07,25.21
2023-04-06,SYN_POOL_A03,25.36,25.5,25.05,25.21
2023-04-07,SYN_POOL_A03,25.37,25.53,25.04,25.21
2023-04-10,SYN_POOL_A03,25.38,25.55,25.03,25.2
2023-04-11,SYN_POOL_A03,25.39,25.57,25.04,25.2
2023-04-12,SYN_POOL_A03,25.41,25.57,25.05,25.19
2023-04-13,SYN_POOL_A03,24.99,25.34,24.86,25.19
2023-04-14,SYN_POOL_A03,25.01,25.14,24.37,24.49
2023-04-17,SYN_POOL_A03,24.33,24.61,24.22,24.49
2023-04-18,SYN_POOL_A03,24.34,24.59,24.24,24.49
2023-04-19,SYN_POOL_A03,24.35,24.58,24.27,24.48
2023-04-20,SYN_POOL_A03,24.36,24.56,24.29,24.48
2023-04-21,SYN_POOL_A03,24.37,24.55,24.32,24.48
2023-04-24,SYN_POOL_A03,24.38,24.53,24.34,24.47
2023-04-25,SYN_POOL_A03,24.39,24.52,24.36,24.47
2023-04-26,SYN_POOL_A03,24.4,24.5,24.39,24.47
2023-04-27,SYN_POOL_A03,24.42,24.49,24.41,24.46
2023-04-28,SYN_POOL_A03,24.43,24.47,24.42,24.46
2023-05-01,SYN_POOL_A03,24.44,24.45,24.42,24.45
2023-05-02,SYN_POOL_A03,24.45,24.46,24.42,24.45
2023-05-03,SYN_POOL_A03,24.46,24.48,24.41,24.45
2023-05-04,SYN_POOL_A03,24.47,24.51,24.39,24.44
2023-05-05,SYN_POOL_A03,24.48,24.53,24.37,24.44
2023-05-08,SYN_POOL_A03,24.49,24.55,24.36,24.44
2023-05-09,SYN_POOL_A03,24.5,24.58,24.34,24.43
2023-05-10,SYN_POOL_A03,24.51,24.6,24.33,24.43
2023-05-11,SYN_POOL_A03,24.52,24.62,24.31,24.42
2023-05-12,SYN_POOL_A03,24.53,24.64,24.29,24.42
2023-05-15,SYN_POOL_A03,24.54,24.67,24.28,24.41
2023-05-16,SYN_POOL_A03,24.55,24.69,24.26,24.41
2023-05-17,SYN_POOL_A03,24.56,24.71,24.24,24.41
2023-05-18,SYN_POOL_A03,24.58,24.73,24.23,24.4
2023-05-19,SYN_POOL_A03,24.59,24.76,24.24,24.4
2023-05-22,SYN_POOL_A03,24.6,24.76,24.25,24.39
2023-05-23,SYN_POOL_A03,24.2,24.54,24.07,24.39
2023-05-24,SYN_POOL_A03,24.21,24.34,23.59,23.71
2023-05-25,SYN_POOL_A03,23.55,23.83,23.44,23.71
2023-05-26,SYN_POOL_A03,23.56,23.81,23.47,23.7
2023-05-29,SYN_POOL_A03,23.57,23.8,23.49,23.7
2023-05-30,SYN_POOL_A03,23.58,23.78,23.51,23.69
2023-05-31,SYN_POOL_A03,23.59,23.76,23.53,23.69
2023-06-01,SYN_POOL_A03,23.6,23.75,23.55,23.69
2023-06-02,SYN_POOL_A03,23.61,23.73,23.57,23.68
2023-06-05,SYN_POOL_A03,23.62,23.72,23.6,23.68
2023-06-06,SYN_POOL_A03,23.63,23.7,23.62,23.67
2023-06-07,SYN_POOL_A03,23.64,23.68,23.64,23.67
2023-06-08,SYN_POOL_A03,23.65,23.67,23.63,23.66
2023-06-09,SYN_POOL_A03,23.66,23.67,23.63,23.66
2023-06-12,SYN_POOL_A03,23.67,23.69,23.62,23.66
2023-06-13,SYN_POOL_A03,23.68,23.71,23.6,23.65
2023-06-14,SYN_POOL_A03,23.69,23.73,23.59,23.65
2023-06-15,SYN_POOL_A03,23.69,23.75,23.57,23.64
2023-06-16,SYN_POOL_A03,23.7,23.77,23.55,23.64
2023-06-19,SYN_POOL_A03,23.71,23.79,23.54,23.63
2023-06-20,SYN_POOL_A03,23.72,23.81,23.52,23.63
2023-06-21,SYN_POOL_A03,23.73,23.84,23.5,23.62
2023-06-22,SYN_POOL_A03,23.74,23.86,23.49,23.62
2023-06-23,SYN_POOL_A03,23.75,23.88,23.47,23.61
2023-06-26,SYN_POOL_A03,23.76,23.9,23.45,23.61
2023-06-27,SYN_POOL_A03,23.77,23.92,23.44,23.6
2023-06-28,SYN_POOL_A03,23.78,23.94,23.44,23.6
2023-06-29,SYN_POOL_A03,23.79,23.94,23.45,23.59
2023-06-30,SYN_POOL_A03,23.4,23.73,23.27,23.59
2023-07-03,SYN_POOL_A03,23.41,23.71,23.29,23.58
2023-07-04,SYN_POOL_A03,23.42,23.54,22.82,22.93
2023-07-05,SYN_POOL_A03,22.78,23.03,22.69,22.92
2023-07-06,SYN_POOL_A03,22.79,23.01,22.71,22.92
2023-07-07,SYN_POOL_A03,22.8,23.0,22.73,22.91
2023-07-10,SYN_POOL_A03,22.8,22.98,22.75,22.91
2023-07-11,SYN_POOL_A03,22.81,22.96,22.77,22.9
2023-07-12,SYN_POOL_A03,22.82,22.95,22.79,22.9
2023-07-13,SYN_POOL_A03,22.83,22.93,22.81,22.89
2023-07-14,SYN_POOL_A03,22.84,22.91,22.83,22.89
2023-07-17,SYN_POOL_A03,22.85,22.9,22.85,22.88
2023-07-18,SYN_POOL_A03,22.86,22.88,22.85,22.88
2023-07-19,SYN_POOL_A03,22.86,22.88,22.84,22.87
2023-07-20,SYN_POOL_A03,22.87,22.89,22.83,22.87
2023-07-21,SYN_POOL_A03,22.88,22.91,22.82,22.86
2023-07-24,SYN_POOL_A03,22.89,22.93,22.8,22.85
2023-07-25,SYN_POOL_A03,22.9,22.95,22.78,22.85
2023-07-26,SYN_POOL_A03,22.91,22.97,22.76,22.84
2023-07-27,SYN_POOL_A03,22.91,22.99,22.75,22.84
2023-07-28,SYN_POOL_A03,22.92,23.01,22.73,22.83
2023-07-31,SYN_POOL_A03,22.93,23.03,22.71,22.83
2023-08-01,SYN_POOL_A03,22.94,23.05,22.7,22.82
2023-08-02,SYN_POOL_A03,22.95,23.07,22.68,22.81
2023-08-03,SYN_POOL_A03,22.95,23.09,22.66,22.81
2023-08-04,SYN_POOL_A03,22.96,23.1,22.65,22.8
2023-08-07,SYN_POOL_A03,22.97,23.12,22.65,22.8
2023-08-08,SYN_POOL_A03,22.98,23.13,22.65,22.79
2023-08-09,SYN_POOL_A03,22.6,22.93,22.47,22.78
2023-08-10,SYN_POOL_A03,22.61,22.91,22.49,22.78
2023-08-11,SYN_POOL_A03,22.62,22.74,22.04,22.14
2023-08-14,SYN_POOL_A03,22.0,22.24,21.91,22.14
2023-08-15,SYN_POOL_A03,22.01,22.23,21.93,22.13
2023-08-16,SYN_POOL_A03,22.01,22.21,21.95,22.13
2023-08-17,SYN_POOL_A03,22.02,22.19,21.96,22.12
2023-08-18,SYN_POOL_A03,22.03,22.18,21.98,22.12
2023-08-21,SYN_POOL_A03,22.04,22.16,22.0,22.11
2023-08-22,SYN_POOL_A03,22.04,22.14,22.02,22.1
2023-08-23,SYN_POOL_A03,22.05,22.13,22.04,22.1
2023-08-24,SYN_POOL_A03,22.06,22.11,22.06,22.09
2023-08-25,SYN_POOL_A03,22.07,22.09,22.06,22.09
2023-08-28,SYN_POOL_A03,22.07,22.08,22.05,22.08
2023-08-29,SYN_POOL_A03,22.08,22.1,22.04,22.07
2023-08-30,SYN_POOL_A03,22.09,22.11,22.03,22.07
2023-08-31,SYN_POOL_A03,22.09,22.13,22.01,22.06
2023-09-01,SYN_POOL_A03,22.1,22.15,21.99,22.06
2023-09-04,SYN_POOL_A03,22.11,22.17,21.98,22.05
2023-09-05,SYN_POOL_A03,22.12,22.19,21.96,22.04
2023-09-06,SYN_POOL_A03,22.12,22.2,21.94,22.04
2023-09-07,SYN_POOL_A03,22.13,22.22,21.92,22.03
2023-09-08,SYN_POOL_A03,22.14,22.24,21.91,22.02
2023-09-11,SYN_POOL_A03,22.14,22.26,21.89,22.02
2023-09-12,SYN_POOL_A03,22.15,22.27,21.87,22.01
2023-09-13,SYN_POOL_A03,22.15,22.29,21.85,22.0
2023-09-14,SYN_POOL_A03,22.16,22.31,21.85,22.0
2023-09-15,SYN_POOL_A03,22.17,22.32,21.85,21.99
2023-09-18,SYN_POOL_A03,22.17,22.31,21.86,21.98
2023-09-19,SYN_POOL_A03,21.81,22.11,21.7,21.98
2023-09-20,SYN_POOL_A03,21.82,21.93,21.26,21.36
2023-09-21,SYN_POOL_A03,21.22,21.46,21.13,21.36
2023-09-22,SYN_POOL_A03,21.23,21.44,21.15,21.35
2023-09-25,SYN_POOL_A03,21.23,21.43,21.17,21.34
2023-09-26,SYN_POOL_A03,21.24,21.41,21.18,21.34
2023-09-27,SYN_POOL_A03,21.25,21.39,21.2,21.33
2023-09-28,SYN_POOL_A03,21.25,21.38,21.22,21.32
2023-09-29,SYN_POOL_A03,21.26,21.36,21.23,21.32
2023-10-02,SYN_POOL_A03,21.26,21.34,21.25,21.31
2023-10-03,SYN_POOL_A03,21.27,21.32,21.27,21.3
2023-10-04,SYN_POOL_A03,21.28,21.31,21.27,21.3
2023-10-05,SYN_POOL_A03,21.28,21.29,21.27,21.29
2023-10-06,SYN_POOL_A03,21.29,21.3,21.26,21.28
2023-10-09,SYN_POOL_A03,21.29,21.32,21.24,21.28
2023-10-10,SYN_POOL_A03,21.3,21.33,21.22,21.27
2023-10-11,SYN_POOL_A03,21.31,21.35,21.21,21.26
2023-10-12,SYN_POOL_A03,21.31,21.37,21.19,21.26
2023-10-13,SYN_POOL_A03,21.32,21.38,21.17,21.25
2023-10-16,SYN_POOL_A03,21.32,21.4,21.15,21.24
2023-10-17,SYN_POOL_A03,21.33,21.41,21.13,21.23
2023-10-18,SYN_POOL_A03,21.33,21.43,21.12,21.23
2023-10-19,SYN_POOL_A03,21.34,21.45,21.1,21.22
2023-10-20,SYN_POOL_A03,21.34,21.46,21.08,21.21
2023-10-23,SYN_POOL_A03,21.35,21.48,21.06,21.21
2023-10-24,SYN_POOL_A03,21.35,21.49,21.05,21.2
2023-10-25,SYN_POOL_A03,21.36,21.51,21.06,21.19
2023-10-26,SYN_POOL_A03,21.36,21.5,21.06,21.18
2023-10-27,SYN_POOL_A03,21.01,21.3,20.9,21.17
2023-10-30,SYN_POOL_A03,21.02,21.13,20.48,20.58
2023-10-31,SYN_POOL_A03,20.44,20.68,20.35,20.58
2023-11-01,SYN_POOL_A03,20.45,20.66,20.37,20.57
2023-11-02,SYN_POOL_A03,20.45,20.64,20.39,20.56
2023-11-03,SYN_POOL_A03,20.46,20.63,20.4,20.55
2023-11-06,SYN_POOL_A03,20.46,20.61,20.42,20.55
2023-11-07,SYN_POOL_A03,20.47,20.59,20.43,20.54
2023-11-08,SYN_POOL_A03,20.47,20.57,20.45,20.53
2023-11-09,SYN_POOL_A03,20.48,20.56,20.46,20.52
2023-11-10,SYN_POOL_A03,20.48,20.54,20.48,20.52
2023-11-13,SYN_POOL_A03,20.49,20.52,20.48,20.51
2023-11-14,SYN_POOL_A03,20.49,20.5,20.48,20.5
2023-11-15,SYN_POOL_A03,20.5,20.51,20.47,20.49
2023-11-16,SYN_POOL_A03,20.5,20.52,20.45,20.49
2023-11-17,SYN_POOL_A03,20.51,20.54,20.44,20.48
2023-11-20,SYN_POOL_A03,20.51,20.55,20.42,20.47
2023-11-21,SYN_POOL_A03,20.51,20.57,20.4,20.46
2023-11-22,SYN_POOL_A03,20.52,20.58,20.38,20.46
2023-11-23,SYN_POOL_A03,20.52,20.59,20.36,20.45
2023-11-24,SYN_POOL_A03,20.53,20.61,20.35,20.44
2023-11-27,SYN_POOL_A03,20.53,20.62,20.33,20.43
2023-11-28,SYN_POOL_A03,20.54,20.64,20.31,20.42
2023-11-29,SYN_POOL_A03,20.54,20.65,20.29,20.42
2023-11-30,SYN_POOL_A03,20.54,20.67,20.27,20.41
2023-12-01,SYN_POOL_A03,20.55,20.68,20.26,20.4
2023-12-04,SYN_POOL_A03,20.55,20.69,20.26,20.39
2023-12-05,SYN_POOL_A03,20.56,20.69,20.26,20.38
2023-12-06,SYN_POOL_A03,20.22,20.5,20.11,20.37
2023-12-07,SYN_POOL_A03,20.22,20.33,19.71,19.8
2023-12-08,SYN_POOL_A03,19.67,19.9,19.58,19.79
2023-12-11,SYN_POOL_A03,19.67,19.88,19.59,19.79
2023-12-12,SYN_POOL_A03,19.67,19.86,19.61,19.78
2023-12-13,SYN_POOL_A03,19.68,19.84,19.62,19.77
2023-12-14,SYN_POOL_A03,19.68,19.82,19.63,19.76
2023-12-15,SYN_POOL_A03,19.68,19.81,19.65,19.75
2023-12-18,SYN_POOL_A03,19.69,19.79,19.66,19.75
2023-12-19,SYN_POOL_A03,19.69,19.77,19.67,19.74
2023-12-20,SYN_POOL_A03,19.7,19.75,19.69,19.73
2023-12-21,SYN_POOL_A03,19.7,19.73,19.7,19.72
2023-12-22,SYN_POOL_A03,19.7,19.72,19.69,19.71
2023-12-25,SYN_POOL_A03,19.71,19.71,19.68,19.71
2023-12-26,SYN_POOL_A03,19.71,19.73,19.67,19.7
2023-12-27,SYN_POOL_A03,19.71,19.74,19.65,19.69
2023-12-28,SYN_POOL_A03,19.72,19.75,19.63,19.68
2023-12-29,SYN_POOL_A03,19.72,19.77,19.61,19.67
2024-01-01,SYN_POOL_A03,19.72,19.78,19.59,19.66
2024-01-02,SYN_POOL_A03,19.73,19.79,19.57,19.65
2024-01-03,SYN_POOL_A03,19.73,19.8,19.56,19.64
2024-01-04,SYN_POOL_A03,19.73,19.82,19.54,19.64
2024-01-05,SYN_POOL_A03,19.73,19.83,19.52,19.63
2024-01-08,SYN_POOL_A03,19.74,19.84,19.5,19.62
2024-01-09,SYN_POOL_A03,19.74,19.85,19.48,19.61
2024-01-10,SYN_POOL_A03,19.74,19.87,19.46,19.6
2024-01-11,SYN_POOL_A03,19.74,19.88,19.46,19.59
2024-01-12,SYN_POOL_A03,19.75,19.88,19.46,19.58
2024-01-15,SYN_POOL_A03,19.42,19.69,19.31,19.57
2024-01-16,SYN_POOL_A03,19.42,19.67,19.32,19.56
2024-01-17,SYN_POOL_A03,19.42,19.53,18.93,19.01
2024-01-18,SYN_POOL_A03,18.89,19.09,18.82,19.01
2024-01-19,SYN_POOL_A03,18.89,19.08,18.83,19.0
2024-01-22,SYN_POOL_A03,18.9,19.06,18.84,18.99
2024-01-23,SYN_POOL_A03,18.9,19.04,18.85,18.98
2024-01-24,SYN_POOL_A03,18.9,19.02,18.86,18.97
2024-01-25,SYN_POOL_A03,18.9,19.0,18.88,18.96
2024-01-26,SYN_POOL_A03,18.91,18.99,18.89,18.95
2024-01-29,SYN_POOL_A03,18.91,18.97,18.9,18.94
2024-01-30,SYN_POOL_A03,18.91,18.95,18.91,18.93
2024-01-31,SYN_POOL_A03,18.91,18.93,18.91,18.93
2024-02-01,SYN_POOL_A03,18.92,18.92,18.9,18.92
2024-02-02,SYN_POOL_A03,18.92,18.93,18.88,18.91
2024-02-05,SYN_POOL_A03,18.92,18.94,18.86,18.9
2024-02-06,SYN_POOL_A03,18.92,18.95,18.84,18.89
2024-02-07,SYN_POOL_A03,18.92,18.97,18.82,18.88
2024-02-08,SYN_POOL_A03,18.93,18.98,18.8,18.87
2024-02-09,SYN_POOL_A03,18.93,18.99,18.79,18.86
2024-02-12,SYN_POOL_A03,18.93,19.0,18.77,18.85
2024-02-13,SYN_POOL_A03,18.93,19.01,18.75,18.84
2024-02-14,SYN_POOL_A03,18.93,19.02,18.73,18.83
2024-02-15,SYN_POOL_A03,18.93,19.03,18.71,18.82
2024-02-16,SYN_POOL_A03,18.93,19.04,18.69,18.81
2024-02-19,SYN_POOL_A03,18.94,19.05,18.67,18.8
2024-02-20,SYN_POOL_A03,18.94,19.06,18.67,18.79
2024-02-21,SYN_POOL_A03,18.94,19.07,18.67,18.78
2024-02-22,SYN_POOL_A03,18.62,18.89,18.52,18.77
2024-02-23,SYN_POOL_A03,18.63,18.87,18.53,18.76
2024-02-26,SYN_POOL_A03,18.63,18.73,18.15,18.23
2024-02-27,SYN_POOL_A03,18.11,18.31,18.04,18.22
2024-02-28,SYN_POOL_A03,18.12,18.29,18.05,18.22
2024-02-29,SYN_POOL_A03,18.12,18.28,18.06,18.21
2024-03-01,SYN_POOL_A03,18.12,18.26,18.07,18.2
2024-03-04,SYN_POOL_A03,18.12,18.24,18.08,18.19
2024-03-05,SYN_POOL_A03,18.12,18.22,18.09,18.18
2024-03-06,SYN_POOL_A03,18.12,18.2,18.1,18.17
2024-03-07,SYN_POOL_A03,18.12,18.18,18.11,18.16
2024-03-08,SYN_POOL_A03,18.12,18.16,18.12,18.15
2024-03-11,SYN_POOL_A03,18.12,18.14,18.12,18.14
2024-03-12,SYN_POOL_A03,18.13,18.13,18.11,18.13
2024-03-13,SYN_POOL_A03,18.13,18.14,18.09,18.12
2024-03-14,SYN_POOL_A03,18.13,18.15,18.07,18.11
2024-03-15,SYN_POOL_A03,18.13,18.16,18.06,18.1
2024-03-18,SYN_POOL_A03,18.13,18.17,18.04,18.09
2024-03-19,SYN_POOL_A03,18.13,18.18,18.02,18.08
2024-03-20,SYN_POOL_A03,18.13,18.19,18.0,18.07
2024-03-21,SYN_POOL_A03,18.13,18.2,17.98,18.06
2024-03-22,SYN_POOL_A03,18.13,18.21,17.96,18.05
2024-03-25,SYN_POOL_A03,18.13,18.21,17.94,18.04
2024-03-26,SYN_POOL_A03,18.13,18.22,17.92,18.02
2024-03-27,SYN_POOL_A03,18.13,18.23,17.9,18.01
2024-03-28,SYN_POOL_A03,18.13,18.24,17.88,18.0
2024-03-29,SYN_POOL_A03,18.13,18.25,17.87,17.99
2024-04-01,SYN_POOL_A03,18.13,18.26,17.87,17.98
2024-04-02,SYN_POOL_A03,18.13,18.25,17.87,17.97
2024-04-03,SYN_POOL_A03,17.83,18.07,17.74,17.96
2024-04-04,SYN_POOL_A03,17.83,17.93,17.37,17.45
2024-04-05,SYN_POOL_A03,17.34,17.53,17.26,17.44
2024-04-08,SYN_POOL_A03,17.34,17.51,17.27,17.43
2024-04-09,SYN_POOL_A03,17.34,17.49,17.28,17.42
2024-04-10,SYN_POOL_A03,17.34,17.47,17.29,17.41
2024-04-11,SYN_POOL_A03,17.34,17.45,17.3,17.4
2024-04-12,SYN_POOL_A03,17.34,17.43,17.31,17.39
2024-04-15,SYN_POOL_A03,17.34,17.42,17.32,17.38
2024-04-16,SYN_POOL_A03,17.34,17.4,17.32,17.37
2024-04-17,SYN_POOL_A03,17.34,17.38,17.33,17.36
2024-04-18,SYN_POOL_A03,17.34,17.36,17.33,17.35
2024-04-19,SYN_POOL_A03,17.34,17.34,17.32,17.34
2024-04-22,SYN_POOL_A03,17.34,17.35,17.31,17.33
2024-04-23,SYN_POOL_A03,17.34,17.35,17.29,17.32
2024-04-24,SYN_POOL_A03,17.33,17.36,17.27,17.31
2024-04-25,SYN_POOL_A03,17.33,17.37,17.25,17.3
2024-04-26,SYN_POOL_A03,17.33,17.38,17.23,17.28
2024-04-29,SYN_POOL_A03,17.33,17.39,17.21,17.27
2024-04-30,SYN_POOL_A03,17.33,17.39,17.19,17.26
2024-05-01,SYN_POOL_A03,17.33,17.4,17.17,17.25
2024-05-02,SYN_POOL_A03,17.33,17.41,17.15,17.24
2024-05-03,SYN_POOL_A03,17.33,17.42,17.13,17.23
2024-05-06,SYN_POOL_A03,17.33,17.42,17.11,17.22
2024-05-07,SYN_POOL_A03,17.33,17.43,17.09,17.21
2024-05-08,SYN_POOL_A03,17.33,17.44,17.08,17.19
2024-05-09,SYN_POOL_A03,17.32,17.45,17.07,17.18
2024-05-10,SYN_POOL_A03,17.32,17.44,17.07,17.17
2024-05-13,SYN_POOL_A03,17.03,17.26,16.94,17.16
2024-05-14,SYN_POOL_A03,17.03,17.13,16.59,16.67
2024-05-15,SYN_POOL_A03,16.56,16.75,16.49,16.66
2024-05-16,SYN_POOL_A03,16.56,16.73,16.5,16.65
2024-05-17,SYN_POOL_A03,16.56,16.71,16.5,16.64
2024-05-20,SYN_POOL_A03,16.56,16.69,16.51,16.63
2024-05-21,SYN_POOL_A03,16.56,16.67,16.52,16.62
2024-05-22,SYN_POOL_A03,16.55,16.65,16.52,16.61
2024-05-23,SYN_POOL_A03,16.55,16.63,16.53,16.6
2024-05-24,SYN_POOL_A03,16.55,16.61,16.54,16.59
2024-05-27,SYN_POOL_A03,16.55,16.59,16.54,16.57
2024-05-28,SYN_POOL_A03,16.55,16.57,16.55,16.56
2024-05-29,SYN_POOL_A03,16.55,16.55,16.54,16.55
2024-05-30,SYN_POOL_A03,16.55,16.55,16.52,16.54
2024-05-31,SYN_POOL_A03,16.54,16.56,16.5,16.53
2024-06-03,SYN_POOL_A03,16.54,16.57,16.48,16.52
2024-06-04,SYN_POOL_A03,16.54,16.57,16.46,16.5
2024-06-05,SYN_POOL_A03,16.54,16.58,16.44,16.49
2024-06-06,SYN_POOL_A03,16.54,16.58,16.42,16.48
2024-06-07,SYN_POOL_A03,16.53,16.59,16.4,16.47
2024-06-10,SYN_POOL_A03,16.53,16.6,16.38,16.46
2024-06-11,SYN_POOL_A03,16.53,16.6,16.36,16.44
2024-06-12,SYN_POOL_A03,16.53,16.61,16.34,16.43
2024-06-13,SYN_POOL_A03,16.53,16.61,16.32,16.42
2024-06-14,SYN_POOL_A03,16.52,16.62,16.3,16.41
2024-06-17,SYN_POOL_A03,16.52,16.63,16.28,16.4
2024-06-18,SYN_POOL_A03,16.52,16.63,16.28,16.38
2024-06-19,SYN_POOL_A03,16.52,16.62,16.27,16.37
2024-06-20,SYN_POOL_A03,16.24,16.46,16.15,16.36
2024-06-21,SYN_POOL_A03,16.24,16.33,15.82,15.9
2024-06-24,SYN_POOL_A03,15.78,15.96,15.71,15.88
2024-06-25,SYN_POOL_A03,15.78,15.95,15.72,15.87
2024-06-26,SYN_POOL_A03,15.78,15.93,15.73,15.86
2024-06-27,SYN_POOL_A03,15.78,15.91,15.73,15.85
2024-06-28,SYN_POOL_A03,15.78,15.89,15.74,15.84
2024-07-01,SYN_POOL_A03,15.77,15.87,15.74,15.82
2024-07-02,SYN_POOL_A03,15.77,15.85,15.75,15.81
2024-07-03,SYN_POOL_A03,15.77,15.83,15.75,15.8
2024-07-04,SYN_POOL_A03,15.76,15.81,15.76,15.79
2024-07-05,SYN_POOL_A03,15.76,15.79,15.76,15.78
2024-07-08,SYN_POOL_A03,15.76,15.77,15.75,15.76
2024-07-09,SYN_POOL_A03,15.76,15.76,15.73,15.75
2024-07-10,SYN_POOL_A03,15.75,15.77,15.71,15.74
2024-07-11,SYN_POOL_A03,15.75,15.77,15.69,15.73
2024-07-12,SYN_POOL_A03,15.75,15.78,15.67,15.71
2024-07-15,SYN_POOL_A03,15.74,15.78,15.65,15.7
2024-07-16,SYN_POOL_A03,15.74,15.79,15.63,15.69
2024-07-17,SYN_POOL_A03,15.74,15.79,15.61,15.68
2024-07-18,SYN_POOL_A03,15.73,15.79,15.59,15.66
2024-07-19,SYN_POOL_A03,15.73,15.8,15.57,15.65
2024-07-22,SYN_POOL_A03,15.73,15.8,15.55,15.64
2024-07-23,SYN_POOL_A03,15.72,15.81,15.53,15.62
2024-07-24,SYN_POOL_A03,15.72,15.81,15.51,15.61
2024-07-25,SYN_POOL_A03,15.72,15.81,15.49,15.6
2024-07-26,SYN_POOL_A03,15.71,15.82,15.48,15.58
2024-07-29,SYN_POOL_A03,15.71,15.81,15.48,15.57
2024-07-30,SYN_POOL_A03,15.44,15.66,15.36,15.56
2024-07-31,SYN_POOL_A03,15.44,15.63,15.36,15.55
2024-08-01,SYN_POOL_A03,15.44,15.52,15.03,15.1
2024-08-02,SYN_POOL_A03,15.01,15.16,14.94,15.09
2024-08-05,SYN_POOL_A03,15.0,15.14,14.95,15.08
2024-08-06,SYN_POOL_A03,15.0,15.12,14.95,15.07
2024-08-07,SYN_POOL_A03,14.99,15.1,14.96,15.05
2024-08-08,SYN_POOL_A03,14.99,15.08,14.96,15.04
2024-08-09,SYN_POOL_A03,14.99,15.06,14.96,15.03
2024-08-12,SYN_POOL_A03,14.98,15.04,14.97,15.01
2024-08-13,SYN_POOL_A03,14.98,15.02,14.97,15.0
2024-08-14,SYN_POOL_A03,14.98,15.0,14.97,14.99
2024-08-15,SYN_POOL_A03,14.97,14.98,14.97,14.98
2024-08-16,SYN_POOL_A03,14.97,14.97,14.95,14.96
2024-08-19,SYN_POOL_A03,14.96,14.97,14.93,14.95
2024-08-20,SYN_POOL_A03,14.96,14.98,14.91,14.94
2024-08-21,SYN_POOL_A03,14.95,14.98,14.89,14.92
2024-08-22,SYN_POOL_A03,14.95,14.98,14.87,14.91
2024-08-23,SYN_POOL_A03,14.95,14.99,14.85,14.9
2024-08-26,SYN_POOL_A03,14.94,14.99,14.82,14.88
2024-08-27,SYN_POOL_A03,14.94,14.99,14.8,14.87
2024-08-28,SYN_POOL_A03,14.93,14.99,14.78,14.86
2024-08-29,SYN_POOL_A03,14.93,15.0,14.76,14.84
2024-08-30,SYN_POOL_A03,14.92,15.0,14.74,14.83
2024-09-02,SYN_POOL_A03,14.92,15.0,14.72,14.81
2024-09-03,SYN_POOL_A03,14.91,15.0,14.7,14.8
2024-09-04,SYN_POOL_A03,14.91,15.01,14.69,14.79
2024-09-05,SYN_POOL_A03,14.9,15.0,14.68,14.77
2024-09-06,SYN_POOL_A03,14.9,14.99,14.68,14.76
2024-09-09,SYN_POOL_A03,14.64,14.83,14.57,14.74
2024-09-10,SYN_POOL_A03,14.64,14.72,14.26,14.32
2024-09-11,SYN_POOL_A03,14.23,14.38,14.17,14.31
2024-09-12,SYN_POOL_A03,14.22,14.36,14.17,14.3
2024-09-13,SYN_POOL_A03,14.22,14.34,14.17,14.28
2024-09-16,SYN_POOL_A03,14.21,14.32,14.18,14.27
2024-09-17,SYN_POOL_A03,14.21,14.3,14.18,14.26
2024-09-18,SYN_POOL_A03,14.2,14.28,14.18,14.24
2024-09-19,SYN_POOL_A03,14.2,14.26,14.18,14.23
2024-09-20,SYN_POOL_A03,14.19,14.24,14.18,14.22
2024-09-23,SYN_POOL_A03,14.19,14.21,14.19,14.2
2024-09-24,SYN_POOL_A03,14.18,14.19,14.18,14.19
2024-09-25,SYN_POOL_A03,14.18,14.18,14.16,14.17
2024-09-26,SYN_POOL_A03,14.17,14.18,14.14,14.16
2024-09-27,SYN_POOL_A03,14.17,14.18,14.12,14.15
2024-09-30,SYN_POOL_A03,14.16,14.19,14.1,14.13
2024-10-01,SYN_POOL_A03,14.16,14.19,14.08,14.12
2024-10-02,SYN_POOL_A03,14.15,14.19,14.06,14.1
2024-10-03,SYN_POOL_A03,14.15,14.19,14.04,14.09
2024-10-04,SYN_POOL_A03,14.14,14.19,14.02,14.08
2024-10-07,SYN_POOL_A03,14.13,14.19,13.99,14.06
2024-10-08,SYN_POOL_A03,14.13,14.19,13.97,14.05
2024-10-09,SYN_POOL_A03,14.12,14.19,13.95,14.03
2024-10-10,SYN_POOL_A03,14.11,14.19,13.93,14.02
2024-10-11,SYN_POOL_A03,14.11,14.19,13.91,14.0
2024-10-14,SYN_POOL_A03,14.1,14.2,13.89,13.99
2024-10-15,SYN_POOL_A03,14.1,14.19,13.89,13.97
2024-10-16,SYN_POOL_A03,14.09,14.18,13.88,13.96
2024-10-17,SYN_POOL_A03,13.85,14.03,13.78,13.94
2024-10-18,SYN_POOL_A03,13.84,13.92,13.48,13.55
2024-10-21,SYN_POOL_A03,13.45,13.6,13.4,13.53
2024-10-22,SYN_POOL_A03,13.45,13.58,13.4,13.52
2024-10-23,SYN_POOL_A03,13.44,13.56,13.4,13.5
2024-10-24,SYN_POOL_A03,13.44,13.53,13.4,13.49
2024-10-25,SYN_POOL_A03,13.43,13.51,13.4,13.47
2024-10-28,SYN_POOL_A03,13.42,13.49,13.4,13.46
2024-10-29,SYN_POOL_A03,13.42,13.47,13.4,13.45
2024-10-30,SYN_POOL_A03,13.41,13.45,13.4,13.43
2024-10-31,SYN_POOL_A03,13.4,13.43,13.4,13.42
2024-11-01,SYN_POOL_A03,13.4,13.41,13.39,13.4
2024-11-04,SYN_POOL_A03,13.39,13.39,13.38,13.39
2024-11-05,SYN_POOL_A03,13.38,13.39,13.36,13.37
2024-11-06,SYN_POOL_A03,13.38,13.39,13.33,13.36
2024-11-07,SYN_POOL_A03,13.37,13.39,13.31,13.34
2024-11-08,SYN_POOL_A03,13.36,13.39,13.29,13.33
2024-11-11,SYN_POOL_A03,13.36,13.39,13.27,13.31
2024-11-12,SYN_POOL_A03,13.35,13.39,13.25,13.3
2024-11-13,SYN_POOL_A03,13.34,13.39,13.23,13.28
2024-11-14,SYN_POOL_A03,13.34,13.39,13.21,13.27
2024-11-15,SYN_POOL_A03,13.33,13.39,13.18,13.25
2024-11-18,SYN_POOL_A03,13.32,13.39,13.16,13.24
2024-11-19,SYN_POOL_A03,13.31,13.39,13.14,13.22
2024-11-20,SYN_POOL_A03,13.31,13.39,13.12,13.21
2024-11-21,SYN_POOL_A03,13.3,13.38,13.1,13.19
2024-11-22,SYN_POOL_A03,13.29,13.38,13.09,13.18
2024-11-25,SYN_POOL_A03,13.28,13.37,13.08,13.16
2024-11-26,SYN_POOL_A03,13.05,13.22,12.98,13.14
2024-11-27,SYN_POOL_A03,13.05,13.12,12.7,12.77
2024-11-28,SYN_POOL_A03,12.68,12.82,12.62,12.75
2024-11-29,SYN_POOL_A03,12.67,12.79,12.62,12.74
2024-12-02,SYN_POOL_A03,12.66,12.77,12.62,12.72
2024-12-03,SYN_POOL_A03,12.66,12.75,12.62,12.71
2024-12-04,SYN_POOL_A03,12.65,12.73,12.62,12.69
2024-12-05,SYN_POOL_A03,12.64,12.71,12.62,12.68
2024-12-06,SYN_POOL_A03,12.63,12.69,12.62,12.66
2024-12-09,SYN_POOL_A03,12.63,12.67,12.62,12.65
2024-12-10,SYN_POOL_A03,12.62,12.64,12.61,12.63
2024-12-11,SYN_POOL_A03,12.61,12.62,12.61,12.61
2024-12-12,SYN_POOL_A03,12.6,12.6,12.59,12.6
2024-12-13,SYN_POOL_A03,12.6,12.6,12.57,12.58
2024-12-16,SYN_POOL_A03,12.59,12.6,12.55,12.57
2024-12-17,SYN_POOL_A03,12.58,12.6,12.53,12.55
2024-12-18,SYN_POOL_A03,12.57,12.6,12.5,12.54
2024-12-19,SYN_POOL_A03,12.56,12.59,12.48,12.52
2024-12-20,SYN_POOL_A03,12.55,12.59,12.46,12.51
2024-12-23,SYN_POOL_A03,12.55,12.59,12.44,12.49
2024-12-24,SYN_POOL_A03,12.54,12.59,12.42,12.47
2024-12-25,SYN_POOL_A03,12.53,12.58,12.4,12.46
2024-12-26,SYN_POOL_A03,12.52,12.58,12.37,12.44
2024-12-27,SYN_POOL_A03,12.51,12.58,12.35,12.43
2024-12-30,SYN_POOL_A03,12.5,12.58,12.33,12.41
2024-12-31,SYN_POOL_A03,12.49,12.57,12.31,12.39
2025-01-01,SYN_POOL_A03,12.49,12.57,12.3,12.38
2025-01-02,SYN_POOL_A03,12.48,12.56,12.29,12.36
2025-01-03,SYN_POOL_A03,12.26,12.42,12.19,12.34
2025-01-06,SYN_POOL_A03,12.25,12.4,12.19,12.33
2025-01-07,SYN_POOL_A03,12.24,12.31,11.92,11.97
2025-01-08,SYN_POOL_A03,11.9,12.01,11.85,11.96
2025-01-09,SYN_POOL_A03,11.89,11.99,11.85,11.94
2025-01-10,SYN_POOL_A03,11.88,11.97,11.84,11.92
2025-01-13,SYN_POOL_A03,11.87,11.95,11.84,11.91
2025-01-14,SYN_POOL_A03,11.86,11.92,11.84,11.89
2025-01-15,SYN_POOL_A03,11.85,11.9,11.83,11.88
2025-01-16,SYN_POOL_A03,11.84,11.88,11.83,11.86
2025-01-17,SYN_POOL_A03,11.83,11.86,11.83,11.84
2025-01-20,SYN_POOL_A03,11.83,11.84,11.83,11.83
2025-01-21,SYN_POOL_A03,11.82,11.82,11.81,11.81
2025-01-22,SYN_POOL_A03,11.81,11.81,11.78,11.8
2025-01-23,SYN_POOL_A03,11.8,11.81,11.76,11.78
2025-01-24,SYN_POOL_A03,11.79,11.8,11.74,11.76
2025-01-27,SYN_POOL_A03,11.78,11.8,11.72,11.75
2025-01-28,SYN_POOL_A03,11.77,11.8,11.7,11.73
2025-01-29,SYN_POOL_A03,11.76,11.79,11.67,11.71
2025-01-30,SYN_POOL_A03,11.75,11.79,11.65,11.7
2025-01-31,SYN_POOL_A03,11.74,11.79,11.63,11.68
2025-02-03,SYN_POOL_A03,11.73,11.78,11.61,11.66
2025-02-04,SYN_POOL_A03,11.72,11.78,11.58,11.65
2025-02-05,SYN_POOL_A03,11.71,11.77,11.56,11.63
2025-02-06,SYN_POOL_A03,11.7,11.77,11.54,11.61
2025-02-07,SYN_POOL_A03,11.69,11.76,11.52,11.6
2025-02-10,SYN_POOL_A03,11.68,11.76,11.5,11.58
2025-02-11,SYN_POOL_A03,11.67,11.75,11.49,11.56
2025-02-12,SYN_POOL_A03,11.47,11.62,11.4,11.55
2025-02-13,SYN_POOL_A03,11.46,11.59,11.4,11.53
2025-02-14,SYN_POOL_A03,11.45,11.51,11.14,11.19
2025-02-17,SYN_POOL_A03,11.12,11.23,11.07,11.18
2025-02-18,SYN_POOL_A03,11.11,11.21,11.07,11.16
2025-02-19,SYN_POOL_A03,11.1,11.19,11.07,11.14
2025-02-20,SYN_POOL_A03,11.09,11.16,11.06,11.13
2025-02-21,SYN_POOL_A03,11.08,11.14,11.06,11.11
2025-02-24,SYN_POOL_A03,11.07,11.12,11.05,11.09
2025-02-25,SYN_POOL_A03,11.06,11.1,11.05,11.08
2025-02-26,SYN_POOL_A03,11.05,11.07,11.04,11.06
2025-02-27,SYN_POOL_A03,11.04,11.05,11.04,11.04
2025-02-28,SYN_POOL_A03,11.03,11.03,11.02,11.03
2025-03-03,SYN_POOL_A03,11.02,11.02,11.0,11.01
2025-03-04,SYN_POOL_A03,11.01,11.02,10.98,10.99
2025-03-05,SYN_POOL_A03,11.0,11.01,10.95,10.97
2025-03-06,SYN_POOL_A03,10.99,11.01,10.93,10.96
2025-03-07,SYN_POOL_A03,10.98,11.0,10.91,10.94
2025-03-10,SYN_POOL_A03,10.97,11.0,10.89,10.92
2025-03-11,SYN_POOL_A03,10.96,10.99,10.86,10.91
2025-03-12,SYN_POOL_A03,10.94,10.98,10.84,10.89
2025-03-13,SYN_POOL_A03,10.93,10.98,10.82,10.87
2025-03-14,SYN_POOL_A03,10.92,10.97,10.79,10.85
2025-03-17,SYN_POOL_A03,10.91,10.97,10.77,10.84
2025-03-18,SYN_POOL_A03,10.9,10.96,10.75,10.82
2025-03-19,SYN_POOL_A03,10.89,10.96,10.73,10.8
2025-03-20,SYN_POOL_A03,10.88,10.95,10.71,10.78
2025-03-21,SYN_POOL_A03,10.87,10.94,10.7,10.76
2025-03-24,SYN_POOL_A03,10.85,10.92,10.69,10.75
2025-03-25,SYN_POOL_A03,10.66,10.79,10.61,10.73
2025-03-26,SYN_POOL_A03,10.65,10.71,10.37,10.41
2025-03-27,SYN_POOL_A03,10.35,10.45,10.3,10.4
2025-03-28,SYN_POOL_A03,10.33,10.43,10.3,10.38
2025-03-31,SYN_POOL_A03,10.32,10.4,10.29,10.36
2025-04-01,SYN_POOL_A03,10.31,10.38,10.28,10.35
2025-04-02,SYN_POOL_A03,10.3,10.36,10.28,10.33
2025-04-03,SYN_POOL_A03,10.29,10.34,10.27,10.31
2025-04-04,SYN_POOL_A03,10.28,10.31,10.27,10.29
2025-04-07,SYN_POOL_A03,10.27,10.29,10.26,10.28
2025-04-08,SYN_POOL_A03,10.26,10.27,10.25,10.26
2025-04-09,SYN_POOL_A03,10.24,10.25,10.24,10.24
2025-04-10,SYN_POOL_A03,10.23,10.23,10.21,10.22
2025-04-11,SYN_POOL_A03,10.22,10.23,10.19,10.2
2025-04-14,SYN_POOL_A03,10.21,10.22,10.17,10.19
2025-04-15,SYN_POOL_A03,10.2,10.21,10.15,10.17
2025-04-16,SYN_POOL_A03,10.19,10.21,10.12,10.15
2025-04-17,SYN_POOL_A03,10.17,10.2,10.1,10.13
2025-04-18,SYN_POOL_A03,10.16,10.19,10.08,10.11
2025-04-21,SYN_POOL_A03,10.15,10.19,10.05,10.1
2025-04-22,SYN_POOL_A03,10.14,10.18,10.03,10.08
2025-04-23,SYN_POOL_A03,10.12,10.17,10.01,10.06
2025-04-24,SYN_POOL_A03,10.11,10.16,9.98,10.04
2025-04-25,SYN_POOL_A03,10.1,10.16,9.96,10.02
2025-04-28,SYN_POOL_A03,10.09,10.15,9.94,10.0
2025-04-29,SYN_POOL_A03,10.07,10.14,9.92,9.99
2025-04-30,SYN_POOL_A03,10.06,10.13,9.9,9.97
2025-05-01,SYN_POOL_A03,10.05,10.11,9.89,9.95
2025-05-02,SYN_POOL_A03,9.87,9.99,9.82,9.93
2025-05-05,SYN_POOL_A03,9.86,9.91,9.59,9.64
2025-05-06,SYN_POOL_A03,9.57,9.67,9.53,9.62
2025-05-07,SYN_POOL_A03,9.56,9.64,9.52,9.6
2025-05-08,SYN_POOL_A03,9.55,9.62,9.52,9.58
2025-05-09,SYN_POOL_A03,9.53,9.6,9.51,9.56
2025-05-12,SYN_POOL_A03,9.52,9.57,9.5,9.55
2025-05-13,SYN_POOL_A03,9.51,9.55,9.49,9.53
2025-05-14,SYN_POOL_A03,9.5,9.53,9.48,9.51
2025-05-15,SYN_POOL_A03,9.48,9.51,9.48,9.49
2025-05-16,SYN_POOL_A03,9.47,9.48,9.47,9.47
2025-05-19,SYN_POOL_A03,9.46,9.46,9.45,9.45
2025-05-20,SYN_POOL_A03,9.45,9.45,9.43,9.44
2025-05-21,SYN_POOL_A03,9.43,9.44,9.41,9.42
2025-05-22,SYN_POOL_A03,9.42,9.43,9.38,9.4
2025-05-23,SYN_POOL_A03,9.41,9.42,9.36,9.38
2025-05-26,SYN_POOL_A03,9.39,9.41,9.34,9.36
2025-05-27,SYN_POOL_A03,9.38,9.4,9.31,9.34
2025-05-28,SYN_POOL_A03,9.37,9.39,9.29,9.32
2025-05-29,SYN_POOL_A03,9.35,9.39,9.26,9.3
2025-05-30,SYN_POOL_A03,9.34,9.38,9.24,9.28
2025-06-02,SYN_POOL_A03,9.33,9.37,9.22,9.27
2025-06-03,SYN_POOL_A03,9.31,9.36,9.19,9.25
2025-06-04,SYN_POOL_A03,9.3,9.35,9.17,9.23
2025-06-05,SYN_POOL_A03,9.29,9.34,9.15,9.21
2025-06-06,SYN_POOL_A03,9.27,9.33,9.13,9.19
2025-06-09,SYN_POOL_A03,9.26,9.32,9.11,9.17
2025-06-10,SYN_POOL_A03,9.24,9.3,9.1,9.15
2025-06-11,SYN_POOL_A03,9.08,9.19,9.03,9.13
2025-06-12,SYN_POOL_A03,9.06,9.11,8.82,8.86
2025-06-13,SYN_POOL_A03,8.8,8.88,8.76,8.84
2025-06-16,SYN_POOL_A03,8.78,8.86,8.75,8.82
2025-06-17,SYN_POOL_A03,8.77,8.84,8.74,8.8
2025-06-18,SYN_POOL_A03,8.76,8.81,8.73,8.78
2025-06-19,SYN_POOL_A03,8.74,8.79,8.72,8.76
2025-06-20,SYN_POOL_A03,8.73,8.77,8.71,8.75
2025-06-23,SYN_POOL_A03,8.72,8.74,8.7,8.73
2025-06-24,SYN_POOL_A03,8.7,8.72,8.69,8.71
2025-06-25,SYN_POOL_A03,8.69,8.7,8.68,8.69
2025-06-26,SYN_POOL_A03,8.67,8.68,8.67,8.67
2025-06-27,SYN_POOL_A03,8.66,8.66,8.64,8.65
2025-06-30,SYN_POOL_A03,8.65,8.65,8.62,8.63
2025-07-01,SYN_POOL_A03,8.63,8.64,8.6,8.61
2025-07-02,SYN_POOL_A03,8.62,8.63,8.57,8.59
2025-07-03,SYN_POOL_A03,8.6,8.62,8.55,8.57
2025-07-04,SYN_POOL_A03,8.59,8.61,8.53,8.55
2025-07-07,SYN_POOL_A03,8.57,8.6,8.5,8.53
2025-07-08,SYN_POOL_A03,8.56,8.59,8.48,8.51
2025-07-09,SYN_POOL_A03,8.54,8.58,8.45,8.49
2025-07-10,SYN_POOL_A03,8.53,8.57,8.43,8.47
2025-07-11,SYN_POOL_A03,8.51,8.56,8.41,8.45
2025-07-14,SYN_POOL_A03,8.5,8.54,8.38,8.43
2025-07-15,SYN_POOL_A03,8.48,8.53,8.36,8.41
2025-07-16,SYN_POOL_A03,8.47,8.52,8.33,8.39
2025-07-17,SYN_POOL_A03,8.45,8.51,8.32,8.37
2025-07-18,SYN_POOL_A03,8.44,8.49,8.3,8.35
2025-07-21,SYN_POOL_A03,8.28,8.38,8.24,8.33
2025-07-22,SYN_POOL_A03,8.27,8.36,8.23,8.31
2025-07-23,SYN_POOL_A03,8.25,8.3,8.03,8.06
2025-07-24,SYN_POOL_A03,8.01,8.08,7.98,8.04
2025-07-25,SYN_POOL_A03,8.0,8.06,7.97,8.02
2025-07-28,SYN_POOL_A03,7.98,8.03,7.96,8.0
2025-07-29,SYN_POOL_A03,7.97,8.01,7.95,7.98
2025-07-30,SYN_POOL_A03,7.95,7.98,7.93,7.96
2025-07-31,SYN_POOL_A03,7.94,7.96,7.92,7.94
2022-08-01,SYN_POOL_A04,10.08,10.13,10.01,10.08
2022-08-02,SYN_POOL_A04,10.14,10.21,10.07,10.15
2022-08-03,SYN_POOL_A04,10.22,10.29,10.14,10.22
2022-08-04,SYN_POOL_A04,10.3,10.38,10.21,10.29
2022-08-05,SYN_POOL_A04,10.38,10.47,10.27,10.36
2022-08-08,SYN_POOL_A04,10.46,10.55,10.35,10.44
2022-08-09,SYN_POOL_A04,10.54,10.63,10.43,10.51
2022-08-10,SYN_POOL_A04,10.4,10.67,10.32,10.58
2022-08-11,SYN_POOL_A04,10.48,10.73,10.41,10.65
2022-08-12,SYN_POOL_A04,10.56,10.63,10.29,10.35
2022-08-15,SYN_POOL_A04,10.26,10.48,10.21,10.42
2022-08-16,SYN_POOL_A04,10.34,10.55,10.29,10.49
2022-08-17,SYN_POOL_A04,10.42,10.61,10.38,10.56
2022-08-18,SYN_POOL_A04,10.5,10.68,10.46,10.63
2022-08-19,SYN_POOL_A04,10.58,10.74,10.55,10.7
2022-08-22,SYN_POOL_A04,10.66,10.81,10.63,10.78
2022-08-23,SYN_POOL_A04,10.74,10.87,10.72,10.85
2022-08-24,SYN_POOL_A04,10.82,10.94,10.81,10.92
2022-08-25,SYN_POOL_A04,10.9,11.0,10.89,10.99
2022-08-26,SYN_POOL_A04,10.98,11.07,10.97,11.06
2022-08-29,SYN_POOL_A04,11.06,11.14,11.04,11.14
2022-08-30,SYN_POOL_A04,11.14,11.22,11.12,11.21
2022-08-31,SYN_POOL_A04,11.22,11.3,11.19,11.28
2022-09-01,SYN_POOL_A04,11.3,11.38,11.26,11.35
2022-09-02,SYN_POOL_A04,11.38,11.46,11.34,11.43
2022-09-05,SYN_POOL_A04,11.46,11.54,11.41,11.5
2022-09-06,SYN_POOL_A04,11.55,11.62,11.49,11.57
2022-09-07,SYN_POOL_A04,11.63,11.7,11.56,11.65
2022-09-08,SYN_POOL_A04,11.71,11.78,11.64,11.72
2022-09-09,SYN_POOL_A04,11.79,11.87,11.71,11.79
2022-09-12,SYN_POOL_A04,11.88,11.96,11.78,11.87
2022-09-13,SYN_POOL_A04,11.96,12.05,11.84,11.94
2022-09-14,SYN_POOL_A04,12.04,12.14,11.91,12.02
2022-09-15,SYN_POOL_A04,12.13,12.23,11.99,12.09
2022-09-16,SYN_POOL_A04,12.21,12.32,12.07,12.17
2022-09-19,SYN_POOL_A04,12.03,12.34,11.95,12.24
2022-09-20,SYN_POOL_A04,12.12,12.41,12.04,12.31
2022-09-21,SYN_POOL_A04,12.2,12.28,11.88,11.95
2022-09-22,SYN_POOL_A04,11.85,12.1,11.79,12.02
2022-09-23,SYN_POOL_A04,11.93,12.16,11.88,12.1
2022-09-26,SYN_POOL_A04,12.01,12.23,11.96,12.17
2022-09-27,SYN_POOL_A04,12.1,12.3,12.05,12.24
2022-09-28,SYN_POOL_A04,12.18,12.36,12.14,12.32
2022-09-29,SYN_POOL_A04,12.26,12.43,12.23,12.39
2022-09-30,SYN_POOL_A04,12.34,12.5,12.33,12.47
2022-10-03,SYN_POOL_A04,12.43,12.56,12.42,12.54
2022-10-04,SYN_POOL_A04,12.51,12.63,12.51,12.61
2022-10-05,SYN_POOL_A04,12.59,12.69,12.59,12.69
2022-10-06,SYN_POOL_A04,12.68,12.76,12.66,12.76
2022-10-07,SYN_POOL_A04,12.76,12.85,12.74,12.84
2022-10-10,SYN_POOL_A04,12.85,12.93,12.82,12.91
2022-10-11,SYN_POOL_A04,12.93,13.01,12.89,12.99
2022-10-12,SYN_POOL_A04,13.02,13.1,12.97,13.06
2022-10-13,SYN_POOL_A04,13.1,13.18,13.05,13.14
2022-10-14,SYN_POOL_A04,13.19,13.27,13.12,13.21
2022-10-17,SYN_POOL_A04,13.27,13.35,13.2,13.29
2022-10-18,SYN_POOL_A04,13.36,13.43,13.28,13.36
2022-10-19,SYN_POOL_A04,13.44,13.52,13.35,13.44
2022-10-20,SYN_POOL_A04,13.53,13.62,13.41,13.52
2022-10-21,SYN_POOL_A04,13.62,13.72,13.48,13.59
2022-10-24,SYN_POOL_A04,13.71,13.81,13.55,13.67
2022-10-25,SYN_POOL_A04,13.79,13.91,13.63,13.74
2022-10-26,SYN_POOL_A04,13.88,14.0,13.71,13.82
2022-10-27,SYN_POOL_A04,13.97,14.08,13.79,13.9
2022-10-28,SYN_POOL_A04,13.76,14.08,13.66,13.97
2022-10-31,SYN_POOL_A04,13.84,13.94,13.47,13.55
2022-11-01,SYN_POOL_A04,13.44,13.72,13.36,13.63
2022-11-02,SYN_POOL_A04,13.52,13.78,13.46,13.7
2022-11-03,SYN_POOL_A04,13.61,13.85,13.55,13.78
2022-11-04,SYN_POOL_A04,13.69,13.92,13.64,13.86
2022-11-07,SYN_POOL_A04,13.78,13.98,13.74,13.93
2022-11-08,SYN_POOL_A04,13.86,14.05,13.83,14.01
2022-11-09,SYN_POOL_A04,13.95,14.12,13.93,14.08
2022-11-10,SYN_POOL_A04,14.04,14.19,14.02,14.16
2022-11-11,SYN_POOL_A04,14.12,14.25,14.12,14.24
2022-11-14,SYN_POOL_A04,14.21,14.32,14.21,14.31
2022-11-15,SYN_POOL_A04,14.3,14.39,14.28,14.39
2022-11-16,SYN_POOL_A04,14.39,14.47,14.36,14.46
2022-11-17,SYN_POOL_A04,14.47,14.56,14.44,14.54
2022-11-18,SYN_POOL_A04,14.56,14.65,14.52,14.62
2022-11-21,SYN_POOL_A04,14.65,14.73,14.6,14.7
2022-11-22,SYN_POOL_A04,14.74,14.82,14.68,14.77
2022-11-23,SYN_POOL_A04,14.83,14.91,14.76,14.85
2022-11-24,SYN_POOL_A04,14.92,15.0,14.84,14.93
2022-11-25,SYN_POOL_A04,15.0,15.08,14.91,15.01
2022-11-28,SYN_POOL_A04,15.09,15.18,14.98,15.08
2022-11-29,SYN_POOL_A04,15.18,15.28,15.05,15.16
2022-11-30,SYN_POOL_A04,15.27,15.38,15.12,15.24
2022-12-01,SYN_POOL_A04,15.36,15.48,15.19,15.32
2022-12-02,SYN_POOL_A04,15.46,15.58,15.26,15.4
2022-12-05,SYN_POOL_A04,15.55,15.69,15.35,15.48
2022-12-06,SYN_POOL_A04,15.64,15.77,15.44,15.55
2022-12-07,SYN_POOL_A04,15.39,15.75,15.29,15.63
2022-12-08,SYN_POOL_A04,15.48,15.59,15.06,15.16
2022-12-09,SYN_POOL_A04,15.02,15.33,14.94,15.23
2022-12-12,SYN_POOL_A04,15.11,15.4,15.04,15.31
2022-12-13,SYN_POOL_A04,15.2,15.47,15.13,15.39
2022-12-14,SYN_POOL_A04,15.29,15.54,15.23,15.47
2022-12-15,SYN_POOL_A04,15.38,15.6,15.33,15.54
2022-12-16,SYN_POOL_A04,15.47,15.67,15.43,15.62
2022-12-19,SYN_POOL_A04,15.56,15.74,15.53,15.7
2022-12-20,SYN_POOL_A04,15.65,15.81,15.63,15.78
2022-12-21,SYN_POOL_A04,15.74,15.88,15.73,15.86
2022-12-22,SYN_POOL_A04,15.83,15.95,15.82,15.93
2022-12-23,SYN_POOL_A04,15.92,16.01,15.9,16.01
2022-12-26,SYN_POOL_A04,16.01,16.1,15.98,16.09
2022-12-27,SYN_POOL_A04,16.1,16.19,16.06,16.17
2022-12-28,SYN_POOL_A04,16.19,16.28,16.15,16.25
2022-12-29,SYN_POOL_A04,16.28,16.37,16.23,16.33
2022-12-30,SYN_POOL_A04,16.37,16.46,16.31,16.41
2023-01-02,SYN_POOL_A04,16.46,16.55,16.39,16.49
2023-01-03,SYN_POOL_A04,16.56,16.64,16.47,16.57
2023-01-04,SYN_POOL_A04,16.65,16.73,16.55,16.65
2023-01-05,SYN_POOL_A04,16.74,16.84,16.62,16.73
2023-01-06,SYN_POOL_A04,16.84,16.94,16.69,16.81
2023-01-09,SYN_POOL_A04,16.93,17.05,16.76,16.89
2023-01-10,SYN_POOL_A04,17.02,17.15,16.82,16.97
2023-01-11,SYN_POOL_A04,17.12,17.26,16.9,17.05
2023-01-12,SYN_POOL_A04,17.21,17.36,16.99,17.13
2023-01-13,SYN_POOL_A04,17.31,17.45,17.08,17.21
2023-01-16,SYN_POOL_A04,17.03,17.43,16.91,17.29
2023-01-17,SYN_POOL_A04,17.12,17.25,16.65,16.76
2023-01-18,SYN_POOL_A04,16.61,16.95,16.51,16.84
2023-01-19,SYN_POOL_A04,16.7,17.02,16.61,16.92
2023-01-20,SYN_POOL_A04,16.79,17.09,16.72,17.0
2023-01-23,SYN_POOL_A04,16.88,17.16,16.82,17.08
2023-01-24,SYN_POOL_A04,16.97,17.22,16.92,17.16
2023-01-25,SYN_POOL_A04,17.07,17.29,17.02,17.24
2023-01-26,SYN_POOL_A04,17.16,17.36,17.13,17.32
2023-01-27,SYN_POOL_A04,17.25,17.43,17.23,17.4
2023-01-30,SYN_POOL_A04,17.35,17.5,17.34,17.48
2023-01-31,SYN_POOL_A04,17.44,17.57,17.44,17.56
2023-02-01,SYN_POOL_A04,17.53,17.64,17.52,17.64
2023-02-02,SYN_POOL_A04,17.63,17.73,17.6,17.72
2023-02-03,SYN_POOL_A04,17.72,17.82,17.69,17.8
2023-02-06,SYN_POOL_A04,17.82,17.91,17.77,17.88
2023-02-07,SYN_POOL_A04,17.91,18.0,17.85,17.96
2023-02-08,SYN_POOL_A04,18.01,18.1,17.94,18.04
2023-02-09,SYN_POOL_A04,18.1,18.19,18.02,18.12
2023-02-10,SYN_POOL_A04,18.2,18.28,18.1,18.21
2023-02-13,SYN_POOL_A04,18.29,18.38,18.18,18.29
2023-02-14,SYN_POOL_A04,18.39,18.49,18.25,18.37
2023-02-15,SYN_POOL_A04,18.49,18.6,18.32,18.45
2023-02-16,SYN_POOL_A04,18.58,18.71,18.39,18.53
2023-02-17,SYN_POOL_A04,18.68,18.82,18.46,18.62
2023-02-20,SYN_POOL_A04,18.78,18.93,18.53,18.7
2023-02-21,SYN_POOL_A04,18.88,19.04,18.62,18.78
2023-02-22,SYN_POOL_A04,18.97,19.14,18.72,18.87
2023-02-23,SYN_POOL_A04,18.66,19.1,18.53,18.95
2023-02-24,SYN_POOL_A04,18.76,19.17,18.64,19.03
2023-02-27,SYN_POOL_A04,18.86,18.98,18.33,18.44
2023-02-28,SYN_POOL_A04,18.29,18.63,18.19,18.52
2023-03-01,SYN_POOL_A04,18.38,18.7,18.3,18.6
2023-03-02,SYN_POOL_A04,18.48,18.77,18.4,18.68
2023-03-03,SYN_POOL_A04,18.57,18.84,18.51,18.77
2023-03-06,SYN_POOL_A04,18.67,18.91,18.62,18.85
2023-03-07,SYN_POOL_A04,18.76,18.99,18.72,18.93
2023-03-08,SYN_POOL_A04,18.86,19.06,18.83,19.01
2023-03-09,SYN_POOL_A04,18.96,19.13,18.94,19.09
2023-03-10,SYN_POOL_A04,19.05,19.2,19.05,19.18
2023-03-13,SYN_POOL_A04,19.15,19.27,19.14,19.26
2023-03-14,SYN_POOL_A04,19.25,19.35,19.22,19.34
2023-03-15,SYN_POOL_A04,19.34,19.44,19.31,19.43
2023-03-16,SYN_POOL_A04,19.44,19.54,19.39,19.51
2023-03-17,SYN_POOL_A04,19.54,19.64,19.48,19.59
2023-03-20,SYN_POOL_A04,19.64,19.73,19.57,19.68
2023-03-21,SYN_POOL_A04,19.74,19.83,19.65,19.76
2023-03-22,SYN_POOL_A04,19.84,19.93,19.74,19.84
2023-03-23,SYN_POOL_A04,19.94,20.03,19.82,19.93
2023-03-24,SYN_POOL_A04,20.04,20.14,19.89,20.01
2023-03-27,SYN_POOL_A04,20.14,20.26,19.96,20.1
2023-03-28,SYN_POOL_A04,20.24,20.37,20.03,20.18
2023-03-29,SYN_POOL_A04,20.34,20.48,20.1,20.26
2023-03-30,SYN_POOL_A04,20.44,20.6,20.17,20.35
2023-03-31,SYN_POOL_A04,20.54,20.71,20.26,20.43
2023-04-03,SYN_POOL_A04,20.64,20.82,20.36,20.52
2023-04-04,SYN_POOL_A04,20.74,20.91,20.45,20.6
2023-04-05,SYN_POOL_A04,20.4,20.85,20.26,20.69
2023-04-06,SYN_POOL_A04,20.5,20.64,19.92,20.04
2023-04-07,SYN_POOL_A04,19.87,20.25,19.76,20.12
2023-04-10,SYN_POOL_A04,19.97,20.32,19.87,20.21
2023-04-11,SYN_POOL_A04,20.07,20.39,19.98,20.29
2023-04-12,SYN_POOL_A04,20.17,20.46,20.1,20.38
2023-04-13,SYN_POOL_A04,20.26,20.54,20.21,20.46
2023-04-14,SYN_POOL_A04,20.36,20.61,20.32,20.54
2023-04-17,SYN_POOL_A04,20.46,20.68,20.43,20.63
2023-04-18,SYN_POOL_A04,20.56,20.75,20.54,20.71
2023-04-19,SYN_POOL_A04,20.66,20.82,20.66,20.8
2023-04-20,SYN_POOL_A04,20.76,20.89,20.76,20.88
2023-04-21,SYN_POOL_A04,20.86,20.97,20.84,20.97
2023-04-24,SYN_POOL_A04,20.97,21.07,20.93,21.05
2023-04-25,SYN_POOL_A04,21.07,21.17,21.02,21.14
2023-04-26,SYN_POOL_A04,21.17,21.27,21.11,21.22
2023-04-27,SYN_POOL_A04,21.27,21.37,21.19,21.31
2023-04-28,SYN_POOL_A04,21.37,21.47,21.28,21.39
2023-05-01,SYN_POOL_A04,21.47,21.57,21.37,21.48
2023-05-02,SYN_POOL_A04,21.58,21.68,21.45,21.57
2023-05-03,SYN_POOL_A04,21.68,21.79,21.52,21.65
2023-05-04,SYN_POOL_A04,21.78,21.91,21.59,21.74
2023-05-05,SYN_POOL_A04,21.89,22.03,21.66,21.83
2023-05-08,SYN_POOL_A04,21.99,22.15,21.74,21.91
2023-05-09,SYN_POOL_A04,22.09,22.27,21.81,22.0
2023-05-10,SYN_POOL_A04,22.2,22.39,21.89,22.09
2023-05-11,SYN_POOL_A04,22.3,22.5,21.99,22.17
2023-05-12,SYN_POOL_A04,22.41,22.59,22.09,22.26
2023-05-15,SYN_POOL_A04,22.03,22.52,21.88,22.35
2023-05-16,SYN_POOL_A04,22.14,22.29,21.51,21.64
2023-05-17,SYN_POOL_A04,21.45,21.87,21.34,21.73
2023-05-18,SYN_POOL_A04,21.56,21.94,21.45,21.81
2023-05-19,SYN_POOL_A04,21.66,22.01,21.57,21.9
2023-05-22,SYN_POOL_A04,21.76,22.08,21.68,21.98
2023-05-23,SYN_POOL_A04,21.86,22.16,21.8,22.07
2023-05-24,SYN_POOL_A04,21.96,22.23,21.91,22.16
2023-05-25,SYN_POOL_A04,22.07,22.3,22.03,22.24
2023-05-26,SYN_POOL_A04,22.17,22.37,22.15,22.33
2023-05-29,SYN_POOL_A04,22.27,22.45,22.26,22.42
2023-05-30,SYN_POOL_A04,22.38,22.52,22.37,22.5
2023-05-31,SYN_POOL_A04,22.48,22.59,22.46,22.59
2023-06-01,SYN_POOL_A04,22.58,22.69,22.55,22.68
2023-06-02,SYN_POOL_A04,22.69,22.79,22.64,22.77
2023-06-05,SYN_POOL_A04,22.79,22.9,22.73,22.85
2023-06-06,SYN_POOL_A04,22.9,23.0,22.82,22.94
2023-06-07,SYN_POOL_A04,23.0,23.1,22.91,23.03
2023-06-08,SYN_POOL_A04,23.11,23.2,23.0,23.12
2023-06-09,SYN_POOL_A04,23.22,23.32,23.08,23.2
2023-06-12,SYN_POOL_A04,23.32,23.44,23.15,23.29
2023-06-13,SYN_POOL_A04,23.43,23.56,23.23,23.38
2023-06-14,SYN_POOL_A04,23.54,23.69,23.3,23.47
2023-06-15,SYN_POOL_A04,23.64,23.81,23.37,23.56
2023-06-16,SYN_POOL_A04,23.75,23.93,23.44,23.65
2023-06-19,SYN_POOL_A04,23.86,24.06,23.53,23.74
2023-06-20,SYN_POOL_A04,23.97,24.18,23.63,23.82
2023-06-21,SYN_POOL_A04,24.07,24.28,23.73,23.91
2023-06-22,SYN_POOL_A04,23.67,24.19,23.5,24.0
2023-06-23,SYN_POOL_A04,23.77,23.94,23.1,23.24
2023-06-26,SYN_POOL_A04,23.04,23.48,22.91,23.33
2023-06-27,SYN_POOL_A04,23.14,23.55,23.02,23.42
2023-06-28,SYN_POOL_A04,23.25,23.63,23.14,23.5
2023-06-29,SYN_POOL_A04,23.35,23.7,23.26,23.59
2023-06-30,SYN_POOL_A04,23.46,23.77,23.38,23.68
2023-07-03,SYN_POOL_A04,23.56,23.85,23.5,23.77
2023-07-04,SYN_POOL_A04,23.67,23.92,23.63,23.86
2023-07-05,SYN_POOL_A04,23.77,24.0,23.75,23.95
2023-07-06,SYN_POOL_A04,23.88,24.07,23.87,24.04
2023-07-07,SYN_POOL_A04,23.99,24.14,23.99,24.12
2023-07-10,SYN_POOL_A04,24.1,24.22,24.08,24.21
2023-07-11,SYN_POOL_A04,24.2,24.32,24.17,24.3
2023-07-12,SYN_POOL_A04,24.31,24.42,24.26,24.39
2023-07-13,SYN_POOL_A04,24.42,24.53,24.35,24.48
2023-07-14,SYN_POOL_A04,24.53,24.63,24.45,24.57
2023-07-17,SYN_POOL_A04,24.64,24.74,24.54,24.66
2023-07-18,SYN_POOL_A04,24.74,24.84,24.63,24.75
2023-07-19,SYN_POOL_A04,24.85,24.96,24.71,24.84
2023-07-20,SYN_POOL_A04,24.96,25.09,24.79,24.93
2023-07-21,SYN_POOL_A04,25.07,25.21,24.86,25.02
2023-07-24,SYN_POOL_A04,25.18,25.34,24.93,25.11
2023-07-25,SYN_POOL_A04,25.29,25.47,25.01,25.2
2023-07-26,SYN_POOL_A04,25.4,25.6,25.08,25.29
2023-07-27,SYN_POOL_A04,25.52,25.72,25.16,25.39
2023-07-28,SYN_POOL_A04,25.63,25.85,25.26,25.48
2023-07-31,SYN_POOL_A04,25.74,25.96,25.37,25.57
2023-08-01,SYN_POOL_A04,25.3,25.86,25.12,25.66
2023-08-02,SYN_POOL_A04,25.41,25.94,25.25,25.75
2023-08-03,SYN_POOL_A04,25.52,25.69,24.79,24.93
2023-08-04,SYN_POOL_A04,24.72,25.17,24.6,25.02
2023-08-07,SYN_POOL_A04,24.83,25.24,24.72,25.11
2023-08-08,SYN_POOL_A04,24.94,25.32,24.85,25.2
2023-08-09,SYN_POOL_A04,25.05,25.39,24.97,25.29
2023-08-10,SYN_POOL_A04,25.16,25.47,25.09,25.38
2023-08-11,SYN_POOL_A04,25.27,25.54,25.22,25.47
2023-08-14,SYN_POOL_A04,25.38,25.62,25.35,25.56
2023-08-15,SYN_POOL_A04,25.49,25.69,25.47,25.65
2023-08-16,SYN_POOL_A04,25.6,25.77,25.6,25.74
2023-08-17,SYN_POOL_A04,25.71,25.84,25.69,25.83
2023-08-18,SYN_POOL_A04,25.82,25.94,25.79,25.93
2023-08-21,SYN_POOL_A04,25.93,25.96,25.88,25.94
2023-08-22,SYN_POOL_A04,25.96,26.01,25.88,25.95
2023-08-23,SYN_POOL_A04,25.99,26.05,25.87,25.95
2023-08-24,SYN_POOL_A04,26.02,26.09,25.86,25.96
2023-08-25,SYN_POOL_A04,26.04,26.14,25.85,25.97
2023-08-28,SYN_POOL_A04,26.07,26.18,25.84,25.98
2023-08-29,SYN_POOL_A04,26.1,26.23,25.83,25.98
2023-08-30,SYN_POOL_A04,26.13,26.27,25.82,25.99
2023-08-31,SYN_POOL_A04,26.15,26.31,25.82,26.0
2023-09-01,SYN_POOL_A04,26.18,26.36,25.81,26.0
2023-09-04,SYN_POOL_A04,26.21,26.4,25.8,26.01
2023-09-05,SYN_POOL_A04,26.24,26.45,25.79,26.02
2023-09-06,SYN_POOL_A04,26.26,26.49,25.81,26.03
2023-09-07,SYN_POOL_A04,26.29,26.52,25.83,26.03
2023-09-08,SYN_POOL_A04,25.75,26.25,25.57,26.04
2023-09-11,SYN_POOL_A04,25.78,26.24,25.61,26.05
2023-09-12,SYN_POOL_A04,25.81,25.98,24.98,25.13
2023-09-13,SYN_POOL_A04,24.92,25.29,24.79,25.14
2023-09-14,SYN_POOL_A04,24.95,25.28,24.83,25.15
2023-09-15,SYN_POOL_A04,24.97,25.28,24.87,25.15
2023-09-18,SYN_POOL_A04,25.0,25.27,24.92,25.16
2023-09-19,SYN_POOL_A04,25.03,25.26,24.96,25.17
2023-09-20,SYN_POOL_A04,25.05,25.25,25.0,25.18
2023-09-21,SYN_POOL_A04,25.08,25.24,25.04,25.18
2023-09-22,SYN_POOL_A04,25.11,25.23,25.09,25.19
2023-09-25,SYN_POOL_A04,25.13,25.22,25.13,25.2
2023-09-26,SYN_POOL_A04,25.16,25.21,25.15,25.2
2023-09-27,SYN_POOL_A04,25.18,25.22,25.16,25.21
2023-09-28,SYN_POOL_A04,25.21,25.24,25.17,25.22
2023-09-29,SYN_POOL_A04,25.24,25.28,25.16,25.22
2023-10-02,SYN_POOL_A04,25.26,25.32,25.15,25.23
2023-10-03,SYN_POOL_A04,25.29,25.36,25.14,25.24
2023-10-04,SYN_POOL_A04,25.31,25.4,25.13,25.24
2023-10-05,SYN_POOL_A04,25.34,25.44,25.13,25.25
2023-10-06,SYN_POOL_A04,25.37,25.49,25.12,25.26
2023-10-09,SYN_POOL_A04,25.39,25.53,25.11,25.26
2023-10-10,SYN_POOL_A04,25.42,25.57,25.1,25.27
2023-10-11,SYN_POOL_A04,25.44,25.61,25.09,25.28
2023-10-12,SYN_POOL_A04,25.47,25.65,25.08,25.28
2023-10-13,SYN_POOL_A04,25.49,25.7,25.07,25.29
2023-10-16,SYN_POOL_A04,25.52,25.74,25.08,25.29
2023-10-17,SYN_POOL_A04,25.55,25.77,25.1,25.3
2023-10-18,SYN_POOL_A04,25.57,25.78,25.12,25.31
2023-10-19,SYN_POOL_A04,25.05,25.5,24.88,25.31
2023-10-20,SYN_POOL_A04,25.07,25.25,24.27,24.42
2023-10-23,SYN_POOL_A04,24.21,24.58,24.08,24.43
2023-10-24,SYN_POOL_A04,24.24,24.57,24.12,24.44
2023-10-25,SYN_POOL_A04,24.26,24.56,24.16,24.44
2023-10-26,SYN_POOL_A04,24.29,24.55,24.2,24.45
2023-10-27,SYN_POOL_A04,24.31,24.55,24.24,24.45
2023-10-30,SYN_POOL_A04,24.34,24.54,24.28,24.46
2023-10-31,SYN_POOL_A04,24.36,24.53,24.33,24.47
2023-11-01,SYN_POOL_A04,24.39,24.52,24.37,24.47
2023-11-02,SYN_POOL_A04,24.41,24.51,24.41,24.48
2023-11-03,SYN_POOL_A04,24.44,24.5,24.43,24.48
2023-11-06,SYN_POOL_A04,24.46,24.49,24.44,24.49
2023-11-07,SYN_POOL_A04,24.49,24.51,24.45,24.5
2023-11-08,SYN_POOL_A04,24.51,24.55,24.45,24.5
2023-11-09,SYN_POOL_A04,24.54,24.59,24.44,24.51
2023-11-10,SYN_POOL_A04,24.56,24.63,24.43,24.51
2023-11-13,SYN_POOL_A04,24.59,24.67,24.42,24.52
2023-11-14,SYN_POOL_A04,24.61,24.71,24.41,24.52
2023-11-15,SYN_POOL_A04,24.63,24.75,24.4,24.53
2023-11-16,SYN_POOL_A04,24.66,24.79,24.39,24.54
2023-11-17,SYN_POOL_A04,24.68,24.83,24.38,24.54
2023-11-20,SYN_POOL_A04,24.71,24.87,24.37,24.55
2023-11-21,SYN_POOL_A04,24.73,24.91,24.36,24.55
2023-11-22,SYN_POOL_A04,24.75,24.95,24.34,24.56
2023-11-23,SYN_POOL_A04,24.78,24.99,24.35,24.56
2023-11-24,SYN_POOL_A04,24.8,25.02,24.37,24.57
2023-11-27,SYN_POOL_A04,24.83,25.03,24.39,24.57
2023-11-28,SYN_POOL_A04,24.32,24.77,24.15,24.58
2023-11-29,SYN_POOL_A04,24.34,24.51,23.57,23.71
2023-11-30,SYN_POOL_A04,23.51,23.87,23.38,23.72
2023-12-01,SYN_POOL_A04,23.53,23.86,23.41,23.72
2023-12-04,SYN_POOL_A04,23.55,23.85,23.45,23.73
2023-12-05,SYN_POOL_A04,23.58,23.84,23.49,23.73
2023-12-06,SYN_POOL_A04,23.6,23.83,23.53,23.74
2023-12-07,SYN_POOL_A04,23.62,23.71,23.57,23.64
2023-12-08,SYN_POOL_A04,23.54,23.6,23.44,23.48
2023-12-11,SYN_POOL_A04,23.4,23.45,23.29,23.32
2023-12-12,SYN_POOL_A04,23.26,23.29,23.15,23.16
2023-12-13,SYN_POOL_A04,23.12,23.13,22.99,23.0
2023-12-14,SYN_POOL_A04,22.97,22.97,22.82,22.84
2023-12-15,SYN_POOL_A04,22.83,22.84,22.64,22.67
2023-12-18,SYN_POOL_A04,22.69,22.71,22.46,22.51
2023-12-19,SYN_POOL_A04,22.54,22.58,22.29,22.35
2023-12-20,SYN_POOL_A04,22.39,22.45,22.11,22.19
2023-12-21,SYN_POOL_A04,22.25,22.32,21.93,22.02
2023-12-22,SYN_POOL_A04,22.1,22.18,21.76,21.86
2023-12-25,SYN_POOL_A04,21.95,22.05,21.58,21.69
2023-12-26,SYN_POOL_A04,21.8,21.91,21.4,21.53
2023-12-27,SYN_POOL_A04,21.65,21.78,21.22,21.36
2023-12-28,SYN_POOL_A04,21.5,21.64,21.04,21.2
2023-12-29,SYN_POOL_A04,21.35,21.5,20.86,21.03
2024-01-01,SYN_POOL_A04,21.2,21.36,20.68,20.86
2024-01-02,SYN_POOL_A04,21.05,21.22,20.51,20.69
2024-01-03,SYN_POOL_A04,20.89,21.08,20.36,20.53
2024-01-04,SYN_POOL_A04,20.74,20.91,20.2,20.36
2024-01-05,SYN_POOL_A04,20.14,20.35,20.0,20.19
2024-01-08,SYN_POOL_A04,19.99,20.14,19.19,19.31
2024-01-09,SYN_POOL_A04,19.14,19.27,19.03,19.15
2024-01-10,SYN_POOL_A04,18.99,19.1,18.89,18.98
2024-01-11,SYN_POOL_A04,18.84,18.94,18.74,18.82
2024-01-12,SYN_POOL_A04,18.69,18.78,18.58,18.65
2024-01-15,SYN_POOL_A04,18.55,18.62,18.43,18.49
2024-01-16,SYN_POOL_A04,18.4,18.46,18.28,18.32
2024-01-17,SYN_POOL_A04,18.24,18.29,18.12,18.16
2024-01-18,SYN_POOL_A04,18.09,18.13,17.97,17.99
2024-01-19,SYN_POOL_A04,17.94,17.97,17.81,17.82
2024-01-22,SYN_POOL_A04,17.79,17.8,17.65,17.66
2024-01-23,SYN_POOL_A04,17.63,17.64,17.47,17.49
2024-01-24,SYN_POOL_A04,17.48,17.49,17.29,17.32
2024-01-25,SYN_POOL_A04,17.32,17.34,17.11,17.15
2024-01-26,SYN_POOL_A04,17.17,17.2,16.93,16.98
2024-01-29,SYN_POOL_A04,17.01,17.05,16.75,16.81
2024-01-30,SYN_POOL_A04,16.85,16.9,16.57,16.64
2024-01-31,SYN_POOL_A04,16.69,16.76,16.39,16.47
2024-02-01,SYN_POOL_A04,16.54,16.61,16.21,16.3
2024-02-02,SYN_POOL_A04,16.38,16.46,16.03,16.12
2024-02-05,SYN_POOL_A04,16.21,16.31,15.85,15.95
2024-02-06,SYN_POOL_A04,16.05,16.15,15.67,15.78
2024-02-07,SYN_POOL_A04,15.89,16.0,15.48,15.6
2024-02-08,SYN_POOL_A04,15.73,15.85,15.3,15.43
2024-02-09,SYN_POOL_A04,15.56,15.69,15.12,15.26
2024-02-12,SYN_POOL_A04,15.4,15.54,14.95,15.08
2024-02-13,SYN_POOL_A04,15.24,15.37,14.79,14.91
2024-02-14,SYN_POOL_A04,14.75,14.86,14.63,14.73
2024-02-15,SYN_POOL_A04,14.58,14.69,14.46,14.55
2024-02-16,SYN_POOL_A04,14.42,14.52,13.79,13.87
2024-02-19,SYN_POOL_A04,13.75,13.84,13.63,13.7
2024-02-20,SYN_POOL_A04,13.59,13.67,13.47,13.53
2024-02-21,SYN_POOL_A04,13.43,13.5,13.3,13.35
2024-02-22,SYN_POOL_A04,13.27,13.33,13.14,13.18
2024-02-23,SYN_POOL_A04,13.11,13.16,12.98,13.01
2024-02-26,SYN_POOL_A04,12.95,12.99,12.81,12.84
2024-02-27,SYN_POOL_A04,12.79,12.82,12.65,12.66
2024-02-28,SYN_POOL_A04,12.63,12.65,12.48,12.49
2024-02-29,SYN_POOL_A04,12.46,12.47,12.31,12.32
2024-03-01,SYN_POOL_A04,12.3,12.3,12.13,12.14
2024-03-04,SYN_POOL_A04,12.13,12.14,11.95,11.96
2024-03-05,SYN_POOL_A04,11.97,11.98,11.77,11.79
2024-03-06,SYN_POOL_A04,11.8,11.82,11.58,11.61
2024-03-07,SYN_POOL_A04,11.63,11.66,11.4,11.44
2024-03-08,SYN_POOL_A04,11.46,11.5,11.22,11.26
2024-03-11,SYN_POOL_A04,11.29,11.33,11.03,11.08
2024-03-12,SYN_POOL_A04,11.12,11.17,10.85,10.9
2024-03-13,SYN_POOL_A04,10.95,11.01,10.66,10.72
2024-03-14,SYN_POOL_A04,10.78,10.84,10.48,10.54
2024-03-15,SYN_POOL_A04,10.61,10.67,10.29,10.36
2024-03-18,SYN_POOL_A04,10.44,10.51,10.11,10.18
2024-03-19,SYN_POOL_A04,10.26,10.34,9.92,10.0
2024-03-20,SYN_POOL_A04,10.09,10.17,9.73,9.82
2024-03-21,SYN_POOL_A04,9.91,10.0,9.56,9.64
2024-03-22,SYN_POOL_A04,9.74,9.82,9.38,9.46
2024-03-25,SYN_POOL_A04,9.35,9.43,9.21,9.27
2024-03-26,SYN_POOL_A04,9.18,9.25,9.1,9.16
2024-03-27,SYN_POOL_A04,9.07,9.14,8.79,8.84
2024-03-28,SYN_POOL_A04,8.77,8.91,8.72,8.85
2024-03-29,SYN_POOL_A04,8.79,8.91,8.75,8.86
2024-04-01,SYN_POOL_A04,8.8,8.92,8.77,8.87
2024-04-02,SYN_POOL_A04,8.82,8.92,8.79,8.88
2024-04-03,SYN_POOL_A04,8.84,8.93,8.81,8.89
2024-04-04,SYN_POOL_A04,8.85,8.93,8.83,8.9
2024-04-05,SYN_POOL_A04,8.87,8.94,8.86,8.91
2024-04-08,SYN_POOL_A04,8.89,8.94,8.88,8.92
2024-04-09,SYN_POOL_A04,8.9,8.94,8.9,8.93
2024-04-10,SYN_POOL_A04,8.92,8.95,8.92,8.94
2024-04-11,SYN_POOL_A04,8.94,8.96,8.93,8.95
2024-04-12,SYN_POOL_A04,8.95,8.97,8.94,8.96
2024-04-15,SYN_POOL_A04,8.97,8.99,8.95,8.98
2024-04-16,SYN_POOL_A04,8.99,9.01,8.96,8.99
2024-04-17,SYN_POOL_A04,9.01,9.03,8.96,9.0
2024-04-18,SYN_POOL_A04,9.02,9.05,8.97,9.01
2024-04-19,SYN_POOL_A04,9.04,9.08,8.97,9.02
2024-04-22,SYN_POOL_A04,9.06,9.1,8.98,9.03
2024-04-23,SYN_POOL_A04,9.07,9.12,8.98,9.04
2024-04-24,SYN_POOL_A04,9.09,9.14,8.98,9.05
2024-04-25,SYN_POOL_A04,9.11,9.17,8.99,9.06
2024-04-26,SYN_POOL_A04,9.12,9.19,8.99,9.07
2024-04-29,SYN_POOL_A04,9.14,9.21,9.0,9.08
2024-04-30,SYN_POOL_A04,9.16,9.24,9.01,9.09
2024-05-01,SYN_POOL_A04,9.18,9.26,9.02,9.1
2024-05-02,SYN_POOL_A04,9.19,9.27,9.04,9.11
2024-05-03,SYN_POOL_A04,9.01,9.18,8.95,9.12
2024-05-06,SYN_POOL_A04,9.03,9.09,8.75,8.8
2024-05-07,SYN_POOL_A04,8.73,8.87,8.68,8.81
2024-05-08,SYN_POOL_A04,8.74,8.87,8.7,8.82
2024-05-09,SYN_POOL_A04,8.76,8.88,8.72,8.83
2024-05-10,SYN_POOL_A04,8.78,8.88,8.75,8.84
2024-05-13,SYN_POOL_A04,8.79,8.89,8.77,8.85
2024-05-14,SYN_POOL_A04,8.81,8.89,8.79,8.86
2024-05-15,SYN_POOL_A04,8.83,8.89,8.81,8.87
2024-05-16,SYN_POOL_A04,8.84,8.9,8.84,8.88
2024-05-17,SYN_POOL_A04,8.86,8.9,8.86,8.89
2024-05-20,SYN_POOL_A04,8.88,8.91,8.87,8.9
2024-05-21,SYN_POOL_A04,8.89,8.91,8.89,8.91
2024-05-22,SYN_POOL_A04,8.91,8.93,8.9,8.92
2024-05-23,SYN_POOL_A04,8.93,8.94,8.91,8.93
2024-05-24,SYN_POOL_A04,8.94,8.96,8.92,8.94
2024-05-27,SYN_POOL_A04,8.96,8.99,8.92,8.95
2024-05-28,SYN_POOL_A04,8.98,9.01,8.93,8.96
2024-05-29,SYN_POOL_A04,9.0,9.03,8.93,8.97
2024-05-30,SYN_POOL_A04,9.01,9.05,8.93,8.98
2024-05-31,SYN_POOL_A04,9.03,9.08,8.94,8.99
2024-06-03,SYN_POOL_A04,9.05,9.1,8.94,9.0
2024-06-04,SYN_POOL_A04,9.06,9.12,8.95,9.01
2024-06-05,SYN_POOL_A04,9.08,9.14,8.95,9.02
2024-06-06,SYN_POOL_A04,9.1,9.17,8.95,9.03
2024-06-07,SYN_POOL_A04,9.11,9.19,8.96,9.04
2024-06-10,SYN_POOL_A04,9.13,9.21,8.98,9.05
2024-06-11,SYN_POOL_A04,9.15,9.22,8.99,9.06
2024-06-12,SYN_POOL_A04,8.97,9.14,8.91,9.07
2024-06-13,SYN_POOL_A04,8.99,9.05,8.71,8.76
2024-06-14,SYN_POOL_A04,8.68,8.83,8.64,8.77
2024-06-17,SYN_POOL_A04,8.7,8.83,8.66,8.78
2024-06-18,SYN_POOL_A04,8.72,8.84,8.68,8.79
2024-06-19,SYN_POOL_A04,8.73,8.84,8.7,8.8
2024-06-20,SYN_POOL_A04,8.75,8.85,8.72,8.81
2024-06-21,SYN_POOL_A04,8.77,8.85,8.75,8.82
2024-06-24,SYN_POOL_A04,8.78,8.85,8.77,8.83
2024-06-25,SYN_POOL_A04,8.8,8.86,8.79,8.84
2024-06-26,SYN_POOL_A04,8.82,8.86,8.81,8.85
2024-06-27,SYN_POOL_A04,8.83,8.87,8.83,8.86
2024-06-28,SYN_POOL_A04,8.85,8.87,8.84,8.87
2024-07-01,SYN_POOL_A04,8.87,8.89,8.85,8.88
2024-07-02,SYN_POOL_A04,8.88,8.9,8.87,8.89
2024-07-03,SYN_POOL_A04,8.9,8.92,8.88,8.9
2024-07-04,SYN_POOL_A04,8.92,8.94,8.88,8.91
2024-07-05,SYN_POOL_A04,8.93,8.96,8.88,8.92
2024-07-08,SYN_POOL_A04,8.95,8.99,8.89,8.93
2024-07-09,SYN_POOL_A04,8.97,9.01,8.89,8.94
2024-07-10,SYN_POOL_A04,8.99,9.03,8.9,8.95
2024-07-11,SYN_POOL_A04,9.0,9.05,8.9,8.96
2024-07-12,SYN_POOL_A04,9.02,9.08,8.91,8.97
2024-07-15,SYN_POOL_A04,9.04,9.1,8.91,8.98
2024-07-16,SYN_POOL_A04,9.05,9.12,8.91,8.99
2024-07-17,SYN_POOL_A04,9.07,9.14,8.92,9.0
2024-07-18,SYN_POOL_A04,9.09,9.17,8.94,9.01
2024-07-19,SYN_POOL_A04,9.1,9.18,8.95,9.02
2024-07-22,SYN_POOL_A04,8.93,9.1,8.86,9.03
2024-07-23,SYN_POOL_A04,8.94,9.01,8.66,8.72
2024-07-24,SYN_POOL_A04,8.64,8.79,8.59,8.73
2024-07-25,SYN_POOL_A04,8.66,8.79,8.61,8.74
2024-07-26,SYN_POOL_A04,8.68,8.8,8.64,8.75
2024-07-29,SYN_POOL_A04,8.69,8.8,8.66,8.76
2024-07-30,SYN_POOL_A04,8.71,8.8,8.68,8.77
2024-07-31,SYN_POOL_A04,8.72,8.81,8.7,8.78
2024-08-01,SYN_POOL_A04,8.74,8.81,8.72,8.79
2024-08-02,SYN_POOL_A04,8.76,8.82,8.75,8.8
2024-08-05,SYN_POOL_A04,8.77,8.82,8.77,8.81
2024-08-06,SYN_POOL_A04,8.79,8.83,8.79,8.82
2024-08-07,SYN_POOL_A04,8.81,8.83,8.8,8.83
2024-08-08,SYN_POOL_A04,8.82,8.84,8.81,8.84
2024-08-09,SYN_POOL_A04,8.84,8.86,8.82,8.85
2024-08-12,SYN_POOL_A04,8.86,8.87,8.83,8.86
2024-08-13,SYN_POOL_A04,8.87,8.9,8.84,8.87
2024-08-14,SYN_POOL_A04,8.89,8.92,8.84,8.88
2024-08-15,SYN_POOL_A04,8.91,8.94,8.85,8.89
2024-08-16,SYN_POOL_A04,8.92,8.96,8.85,8.9
2024-08-19,SYN_POOL_A04,8.94,8.99,8.86,8.91
2024-08-20,SYN_POOL_A04,8.96,9.01,8.86,8.92
2024-08-21,SYN_POOL_A04,8.97,9.03,8.86,8.93
2024-08-22,SYN_POOL_A04,8.99,9.05,8.87,8.94
2024-08-23,SYN_POOL_A04,9.01,9.08,8.87,8.95
2024-08-26,SYN_POOL_A04,9.03,9.1,8.88,8.96
2024-08-27,SYN_POOL_A04,9.04,9.12,8.89,8.97
2024-08-28,SYN_POOL_A04,9.06,9.14,8.91,8.98
2024-08-29,SYN_POOL_A04,8.88,9.06,8.82,8.99
2024-08-30,SYN_POOL_A04,8.9,9.06,8.84,9.0
2024-09-02,SYN_POOL_A04,8.91,8.97,8.64,8.69
2024-09-03,SYN_POOL_A04,8.62,8.75,8.57,8.7
2024-09-04,SYN_POOL_A04,8.63,8.76,8.59,8.71
2024-09-05,SYN_POOL_A04,8.65,8.76,8.61,8.72
2024-09-06,SYN_POOL_A04,8.67,8.76,8.64,8.73
2024-09-09,SYN_POOL_A04,8.68,8.77,8.66,8.74
2024-09-10,SYN_POOL_A04,8.7,8.77,8.68,8.75
2024-09-11,SYN_POOL_A04,8.71,8.78,8.7,8.76
2024-09-12,SYN_POOL_A04,8.73,8.78,8.73,8.77
2024-09-13,SYN_POOL_A04,8.75,8.79,8.75,8.78
2024-09-16,SYN_POOL_A04,8.76,8.79,8.76,8.79
2024-09-17,SYN_POOL_A04,8.78,8.8,8.77,8.8
2024-09-18,SYN_POOL_A04,8.8,8.82,8.78,8.81
2024-09-19,SYN_POOL_A04,8.81,8.83,8.79,8.82
2024-09-20,SYN_POOL_A04,8.83,8.85,8.8,8.83
2024-09-23,SYN_POOL_A04,8.85,8.87,8.8,8.84
2024-09-24,SYN_POOL_A04,8.86,8.9,8.81,8.85
2024-09-25,SYN_POOL_A04,8.88,8.92,8.81,8.86
2024-09-26,SYN_POOL_A04,8.9,8.94,8.82,8.87
2024-09-27,SYN_POOL_A04,8.91,8.96,8.82,8.88
2024-09-30,SYN_POOL_A04,8.93,8.98,8.82,8.89
2024-10-01,SYN_POOL_A04,8.95,9.01,8.83,8.9
2024-10-02,SYN_POOL_A04,8.96,9.03,8.83,8.9
2024-10-03,SYN_POOL_A04,8.98,9.05,8.84,8.91
2024-10-04,SYN_POOL_A04,9.0,9.07,8.85,8.92
2024-10-07,SYN_POOL_A04,9.01,9.09,8.86,8.93
2024-10-08,SYN_POOL_A04,8.84,9.02,8.77,8.94
2024-10-09,SYN_POOL_A04,8.85,9.02,8.8,8.95
2024-10-10,SYN_POOL_A04,8.87,8.93,8.6,8.65
2024-10-11,SYN_POOL_A04,8.57,8.71,8.53,8.66
2024-10-14,SYN_POOL_A04,8.59,8.71,8.55,8.67
2024-10-15,SYN_POOL_A04,8.61,8.72,8.57,8.68
2024-10-16,SYN_POOL_A04,8.62,8.72,8.59,8.69
2024-10-17,SYN_POOL_A04,8.64,8.73,8.62,8.7
2024-10-18,SYN_POOL_A04,8.66,8.73,8.64,8.71
2024-10-21,SYN_POOL_A04,8.67,8.74,8.66,8.72
2024-10-22,SYN_POOL_A04,8.69,8.74,8.68,8.73
2024-10-23,SYN_POOL_A04,8.7,8.74,8.7,8.74
2024-10-24,SYN_POOL_A04,8.72,8.75,8.72,8.75
2024-10-25,SYN_POOL_A04,8.74,8.76,8.73,8.75
2024-10-28,SYN_POOL_A04,8.75,8.77,8.74,8.76
2024-10-29,SYN_POOL_A04,8.77,8.79,8.75,8.77
2024-10-30,SYN_POOL_A04,8.79,8.81,8.76,8.78
2024-10-31,SYN_POOL_A04,8.8,8.83,8.76,8.79
2024-11-01,SYN_POOL_A04,8.82,8.85,8.77,8.8
2024-11-04,SYN_POOL_A04,8.84,8.87,8.77,8.81
2024-11-05,SYN_POOL_A04,8.85,8.89,8.77,8.82
2024-11-06,SYN_POOL_A04,8.87,8.92,8.78,8.83
2024-11-07,SYN_POOL_A04,8.89,8.94,8.78,8.84
2024-11-08,SYN_POOL_A04,8.9,8.96,8.79,8.85
2024-11-11,SYN_POOL_A04,8.92,8.98,8.79,8.86
2024-11-12,SYN_POOL_A04,8.94,9.01,8.79,8.87
2024-11-13,SYN_POOL_A04,8.95,9.03,8.8,8.88
2024-11-14,SYN_POOL_A04,8.97,9.05,8.82,8.89
2024-11-15,SYN_POOL_A04,8.99,9.06,8.84,8.9
2024-11-18,SYN_POOL_A04,8.81,8.98,8.75,8.91
2024-11-19,SYN_POOL_A04,8.83,8.89,8.55,8.61
2024-11-20,SYN_POOL_A04,8.53,8.67,8.48,8.62
2024-11-21,SYN_POOL_A04,8.55,8.67,8.51,8.63
2024-11-22,SYN_POOL_A04,8.56,8.68,8.53,8.63
2024-11-25,SYN_POOL_A04,8.58,8.68,8.55,8.64
2024-11-26,SYN_POOL_A04,8.6,8.69,8.57,8.65
2024-11-27,SYN_POOL_A04,8.61,8.69,8.59,8.66
2024-11-28,SYN_POOL_A04,8.63,8.7,8.61,8.67
2024-11-29,SYN_POOL_A04,8.65,8.7,8.64,8.68
2024-12-02,SYN_POOL_A04,8.66,8.7,8.66,8.69
2024-12-03,SYN_POOL_A04,8.68,8.71,8.68,8.7
2024-12-04,SYN_POOL_A04,8.69,8.71,8.69,8.71
2024-12-05,SYN_POOL_A04,8.71,8.73,8.7,8.72
2024-12-06,SYN_POOL_A04,8.73,8.74,8.71,8.73
2024-12-09,SYN_POOL_A04,8.74,8.76,8.72,8.74
2024-12-10,SYN_POOL_A04,8.76,8.78,8.72,8.75
2024-12-11,SYN_POOL_A04,8.78,8.8,8.73,8.76
2024-12-12,SYN_POOL_A04,8.79,8.83,8.73,8.77
2024-12-13,SYN_POOL_A04,8.81,8.85,8.73,8.78
2024-12-16,SYN_POOL_A04,8.83,8.87,8.74,8.79
2024-12-17,SYN_POOL_A04,8.84,8.89,8.74,8.8
2024-12-18,SYN_POOL_A04,8.86,8.92,8.75,8.81
2024-12-19,SYN_POOL_A04,8.88,8.94,8.75,8.82
2024-12-20,SYN_POOL_A04,8.89,8.96,8.75,8.83
2024-12-23,SYN_POOL_A04,8.91,8.98,8.76,8.84
2024-12-24,SYN_POOL_A04,8.93,9.01,8.78,8.85
2024-12-25,SYN_POOL_A04,8.94,9.02,8.79,8.86
2024-12-26,SYN_POOL_A04,8.77,8.94,8.71,8.87
2024-12-27,SYN_POOL_A04,8.78,8.85,8.51,8.56
2024-12-30,SYN_POOL_A04,8.49,8.63,8.44,8.57
2024-12-31,SYN_POOL_A04,8.5,8.63,8.46,8.58
2025-01-01,SYN_POOL_A04,8.52,8.64,8.48,8.59
2025-01-02,SYN_POOL_A04,8.54,8.64,8.51,8.6
2025-01-03,SYN_POOL_A04,8.55,8.65,8.53,8.61
2025-01-06,SYN_POOL_A04,8.57,8.65,8.55,8.62
2025-01-07,SYN_POOL_A04,8.59,8.65,8.57,8.63
2025-01-08,SYN_POOL_A04,8.6,8.66,8.59,8.64
2025-01-09,SYN_POOL_A04,8.62,8.66,8.61,8.65
2025-01-10,SYN_POOL_A04,8.63,8.67,8.63,8.66
2025-01-13,SYN_POOL_A04,8.65,8.67,8.64,8.67
2025-01-14,SYN_POOL_A04,8.67,8.69,8.66,8.68
2025-01-15,SYN_POOL_A04,8.68,8.7,8.67,8.69
2025-01-16,SYN_POOL_A04,8.7,8.72,8.68,8.7
2025-01-17,SYN_POOL_A04,8.72,8.74,8.68,8.71
2025-01-20,SYN_POOL_A04,8.73,8.76,8.68,8.72
2025-01-21,SYN_POOL_A04,8.75,8.78,8.69,8.73
2025-01-22,SYN_POOL_A04,8.77,8.8,8.69,8.74
2025-01-23,SYN_POOL_A04,8.78,8.83,8.7,8.75
2025-01-24,SYN_POOL_A04,8.8,8.85,8.7,8.76
2025-01-27,SYN_POOL_A04,8.81,8.87,8.7,8.77
2025-01-28,SYN_POOL_A04,8.83,8.89,8.71,8.78
2025-01-29,SYN_POOL_A04,8.85,8.91,8.71,8.79
2025-01-30,SYN_POOL_A04,8.86,8.94,8.72,8.8
2025-01-31,SYN_POOL_A04,8.88,8.96,8.73,8.81
2025-02-03,SYN_POOL_A04,8.9,8.97,8.75,8.82
2025-02-04,SYN_POOL_A04,8.72,8.9,8.66,8.83
2025-02-05,SYN_POOL_A04,8.74,8.8,8.47,8.52
2025-02-06,SYN_POOL_A04,8.45,8.59,8.4,8.53
2025-02-07,SYN_POOL_A04,8.46,8.59,8.42,8.54
2025-02-10,SYN_POOL_A04,8.48,8.6,8.44,8.55
2025-02-11,SYN_POOL_A04,8.49,8.6,8.46,8.56
2025-02-12,SYN_POOL_A04,8.51,8.61,8.48,8.57
2025-02-13,SYN_POOL_A04,8.53,8.61,8.51,8.58
2025-02-14,SYN_POOL_A04,8.54,8.61,8.53,8.59
2025-02-17,SYN_POOL_A04,8.56,8.62,8.55,8.6
2025-02-18,SYN_POOL_A04,8.58,8.62,8.57,8.61
2025-02-19,SYN_POOL_A04,8.59,8.63,8.59,8.62
2025-02-20,SYN_POOL_A04,8.61,8.63,8.6,8.63
2025-02-21,SYN_POOL_A04,8.62,8.64,8.61,8.64
2025-02-24,SYN_POOL_A04,8.64,8.66,8.62,8.65
2025-02-25,SYN_POOL_A04,8.66,8.67,8.63,8.66
2025-02-26,SYN_POOL_A04,8.67,8.69,8.64,8.67
2025-02-27,SYN_POOL_A04,8.69,8.72,8.64,8.68
2025-02-28,SYN_POOL_A04,8.71,8.74,8.65,8.69
2025-03-03,SYN_POOL_A04,8.72,8.76,8.65,8.7
2025-03-04,SYN_POOL_A04,8.74,8.78,8.66,8.71
2025-03-05,SYN_POOL_A04,8.75,8.8,8.66,8.72
2025-03-06,SYN_POOL_A04,8.77,8.82,8.66,8.73
2025-03-07,SYN_POOL_A04,8.79,8.85,8.67,8.73
2025-03-10,SYN_POOL_A04,8.8,8.87,8.67,8.74
2025-03-11,SYN_POOL_A04,8.82,8.89,8.68,8.75
2025-03-12,SYN_POOL_A04,8.84,8.91,8.69,8.76
2025-03-13,SYN_POOL_A04,8.85,8.93,8.7,8.77
2025-03-14,SYN_POOL_A04,8.68,8.85,8.62,8.78
2025-03-17,SYN_POOL_A04,8.7,8.86,8.64,8.79
2025-03-18,SYN_POOL_A04,8.71,8.77,8.44,8.49
2025-03-19,SYN_POOL_A04,8.42,8.55,8.38,8.5
2025-03-20,SYN_POOL_A04,8.44,8.56,8.4,8.51
2025-03-21,SYN_POOL_A04,8.45,8.56,8.42,8.52
2025-03-24,SYN_POOL_A04,8.47,8.57,8.44,8.53
2025-03-25,SYN_POOL_A04,8.48,8.57,8.46,8.54
2025-03-26,SYN_POOL_A04,8.5,8.57,8.48,8.55
2025-03-27,SYN_POOL_A04,8.52,8.58,8.5,8.56
2025-03-28,SYN_POOL_A04,8.53,8.58,8.53,8.57
2025-03-31,SYN_POOL_A04,8.55,8.59,8.55,8.58
2025-04-01,SYN_POOL_A04,8.56,8.59,8.56,8.59
2025-04-02,SYN_POOL_A04,8.58,8.6,8.57,8.6
2025-04-03,SYN_POOL_A04,8.6,8.61,8.58,8.61
2025-04-04,SYN_POOL_A04,8.61,8.63,8.59,8.62
2025-04-07,SYN_POOL_A04,8.63,8.65,8.6,8.63
2025-04-08,SYN_POOL_A04,8.65,8.67,8.6,8.64
2025-04-09,SYN_POOL_A04,8.66,8.69,8.61,8.64
2025-04-10,SYN_POOL_A04,8.68,8.71,8.61,8.65
2025-04-11,SYN_POOL_A04,8.69,8.74,8.62,8.66
2025-04-14,SYN_POOL_A04,8.71,8.76,8.62,8.67
2025-04-15,SYN_POOL_A04,8.73,8.78,8.62,8.68
2025-04-16,SYN_POOL_A04,8.74,8.8,8.63,8.69
2025-04-17,SYN_POOL_A04,8.76,8.82,8.63,8.7
2025-04-18,SYN_POOL_A04,8.78,8.85,8.63,8.71
2025-04-21,SYN_POOL_A04,8.79,8.87,8.65,8.72
2025-04-22,SYN_POOL_A04,8.81,8.89,8.66,8.73
2025-04-23,SYN_POOL_A04,8.82,8.9,8.68,8.74
2025-04-24,SYN_POOL_A04,8.65,8.82,8.59,8.75
2025-04-25,SYN_POOL_A04,8.67,8.73,8.4,8.45
2025-04-28,SYN_POOL_A04,8.38,8.51,8.33,8.46
2025-04-29,SYN_POOL_A04,8.39,8.52,8.35,8.47
2025-04-30,SYN_POOL_A04,8.41,8.52,8.38,8.48
2025-05-01,SYN_POOL_A04,8.43,8.52,8.4,8.49
2025-05-02,SYN_POOL_A04,8.44,8.53,8.42,8.5
2025-05-05,SYN_POOL_A04,8.46,8.53,8.44,8.51
2025-05-06,SYN_POOL_A04,8.47,8.54,8.46,8.52
2025-05-07,SYN_POOL_A04,8.49,8.54,8.48,8.53
2025-05-08,SYN_POOL_A04,8.51,8.55,8.5,8.54
2025-05-09,SYN_POOL_A04,8.52,8.55,8.52,8.55
2025-05-12,SYN_POOL_A04,8.54,8.56,8.53,8.55
2025-05-13,SYN_POOL_A04,8.55,8.57,8.54,8.56
2025-05-14,SYN_POOL_A04,8.57,8.59,8.55,8.57
2025-05-15,SYN_POOL_A04,8.59,8.6,8.56,8.58
2025-05-16,SYN_POOL_A04,8.6,8.63,8.56,8.59
2025-05-19,SYN_POOL_A04,8.62,8.65,8.57,8.6
2025-05-20,SYN_POOL_A04,8.63,8.67,8.57,8.61
2025-05-21,SYN_POOL_A04,8.65,8.69,8.57,8.62
2025-05-22,SYN_POOL_A04,8.67,8.71,8.58,8.63
2025-05-23,SYN_POOL_A04,8.68,8.73,8.58,8.64
2025-05-26,SYN_POOL_A04,8.7,8.76,8.59,8.65
2025-05-27,SYN_POOL_A04,8.72,8.78,8.59,8.66
2025-05-28,SYN_POOL_A04,8.73,8.8,8.59,8.67
2025-05-29,SYN_POOL_A04,8.75,8.82,8.6,8.68
2025-05-30,SYN_POOL_A04,8.76,8.84,8.62,8.69
2025-06-02,SYN_POOL_A04,8.78,8.85,8.63,8.7
2025-06-03,SYN_POOL_A04,8.61,8.77,8.55,8.71
2025-06-04,SYN_POOL_A04,8.62,8.69,8.36,8.41
2025-06-05,SYN_POOL_A04,8.34,8.47,8.29,8.42
2025-06-06,SYN_POOL_A04,8.35,8.48,8.31,8.43
2025-06-09,SYN_POOL_A04,8.37,8.48,8.33,8.44
2025-06-10,SYN_POOL_A04,8.38,8.48,8.35,8.45
2025-06-11,SYN_POOL_A04,8.4,8.49,8.37,8.46
2025-06-12,SYN_POOL_A04,8.41,8.49,8.4,8.47
2025-06-13,SYN_POOL_A04,8.43,8.5,8.42,8.47
2025-06-16,SYN_POOL_A04,8.45,8.5,8.44,8.48
2025-06-17,SYN_POOL_A04,8.46,8.5,8.46,8.49
2025-06-18,SYN_POOL_A04,8.48,8.51,8.48,8.5
2025-06-19,SYN_POOL_A04,8.49,8.51,8.49,8.51
2025-06-20,SYN_POOL_A04,8.51,8.53,8.5,8.52
2025-06-23,SYN_POOL_A04,8.53,8.54,8.51,8.53
2025-06-24,SYN_POOL_A04,8.54,8.56,8.52,8.54
2025-06-25,SYN_POOL_A04,8.56,8.58,8.52,8.55
2025-06-26,SYN_POOL_A04,8.57,8.6,8.53,8.56
2025-06-27,SYN_POOL_A04,8.59,8.62,8.53,8.57
2025-06-30,SYN_POOL_A04,8.61,8.65,8.53,8.58
2025-07-01,SYN_POOL_A04,8.62,8.67,8.54,8.59
2025-07-02,SYN_POOL_A04,8.64,8.69,8.54,8.6
2025-07-03,SYN_POOL_A04,8.65,8.71,8.55,8.61
2025-07-04,SYN_POOL_A04,8.67,8.73,8.55,8.62
2025-07-07,SYN_POOL_A04,8.69,8.75,8.55,8.63
2025-07-08,SYN_POOL_A04,8.7,8.78,8.56,8.64
2025-07-09,SYN_POOL_A04,8.72,8.8,8.57,8.65
2025-07-10,SYN_POOL_A04,8.74,8.81,8.59,8.65
2025-07-11,SYN_POOL_A04,8.56,8.73,8.51,8.66
2025-07-14,SYN_POOL_A04,8.58,8.64,8.31,8.37
2025-07-15,SYN_POOL_A04,8.29,8.43,8.25,8.38
2025-07-16,SYN_POOL_A04,8.31,8.44,8.27,8.39
2025-07-17,SYN_POOL_A04,8.32,8.44,8.29,8.4
2025-07-18,SYN_POOL_A04,8.34,8.44,8.31,8.4
2025-07-21,SYN_POOL_A04,8.36,8.45,8.33,8.41
2025-07-22,SYN_POOL_A04,8.37,8.45,8.35,8.42
2025-07-23,SYN_POOL_A04,8.39,8.46,8.37,8.43
2025-07-24,SYN_POOL_A04,8.4,8.46,8.39,8.44
2025-07-25,SYN_POOL_A04,8.42,8.46,8.42,8.45
2025-07-28,SYN_POOL_A04,8.44,8.47,8.43,8.46
2025-07-29,SYN_POOL_A04,8.45,8.47,8.45,8.47
2025-07-30,SYN_POOL_A04,8.47,8.48,8.46,8.48
2025-07-31,SYN_POOL_A04,8.48,8.5,8.47,8.49
2022-08-01,SYN_POOL_A05,12.14,12.21,12.07,12.14
2022-08-02,SYN_POOL_A05,12.04,12.23,11.98,12.16
2022-08-03,SYN_POOL_A05,12.07,12.14,11.82,11.87
2022-08-04,SYN_POOL_A05,11.79,11.95,11.75,11.89
2022-08-05,SYN_POOL_A05,11.82,11.97,11.78,11.92
2022-08-08,SYN_POOL_A05,11.85,11.99,11.82,11.94
2022-08-09,SYN_POOL_A05,11.88,12.01,11.85,11.97
2022-08-10,SYN_POOL_A05,11.91,12.02,11.89,11.99
2022-08-11,SYN_POOL_A05,11.95,12.04,11.92,12.01
2022-08-12,SYN_POOL_A05,11.98,12.06,11.96,12.04
2022-08-15,SYN_POOL_A05,12.01,12.08,12.0,12.06
2022-08-16,SYN_POOL_A05,12.04,12.1,12.03,12.08
2022-08-17,SYN_POOL_A05,12.07,12.12,12.07,12.11
2022-08-18,SYN_POOL_A05,12.1,12.13,12.09,12.13
2022-08-19,SYN_POOL_A05,12.13,12.16,12.12,12.16
2022-08-22,SYN_POOL_A05,12.16,12.19,12.14,12.18
2022-08-23,SYN_POOL_A05,12.19,12.22,12.17,12.2
2022-08-24,SYN_POOL_A05,12.22,12.25,12.19,12.23
2022-08-25,SYN_POOL_A05,12.25,12.28,12.22,12.25
2022-08-26,SYN_POOL_A05,12.28,12.31,12.24,12.28
2022-08-29,SYN_POOL_A05,12.31,12.35,12.25,12.3
2022-08-30,SYN_POOL_A05,12.34,12.39,12.27,12.32
2022-08-31,SYN_POOL_A05,12.38,12.42,12.29,12.35
2022-09-01,SYN_POOL_A05,12.41,12.46,12.31,12.37
2022-09-02,SYN_POOL_A05,12.44,12.5,12.33,12.4
2022-09-05,SYN_POOL_A05,12.47,12.54,12.35,12.42
2022-09-06,SYN_POOL_A05,12.5,12.57,12.36,12.45
2022-09-07,SYN_POOL_A05,12.53,12.61,12.39,12.47
2022-09-08,SYN_POOL_A05,12.56,12.64,12.42,12.49
2022-09-09,SYN_POOL_A05,12.4,12.59,12.34,12.52
2022-09-12,SYN_POOL_A05,12.43,12.61,12.37,12.54
2022-09-13,SYN_POOL_A05,12.46,12.52,12.19,12.25
2022-09-14,SYN_POOL_A05,12.17,12.32,12.13,12.27
2022-09-15,SYN_POOL_A05,12.2,12.34,12.16,12.29
2022-09-16,SYN_POOL_A05,12.23,12.36,12.2,12.32
2022-09-19,SYN_POOL_A05,12.26,12.38,12.24,12.34
2022-09-20,SYN_POOL_A05,12.29,12.4,12.27,12.37
2022-09-21,SYN_POOL_A05,12.33,12.42,12.31,12.39
2022-09-22,SYN_POOL_A05,12.36,12.43,12.34,12.41
2022-09-23,SYN_POOL_A05,12.39,12.45,12.38,12.44
2022-09-26,SYN_POOL_A05,12.42,12.47,12.42,12.46
2022-09-27,SYN_POOL_A05,12.45,12.49,12.44,12.49
2022-09-28,SYN_POOL_A05,12.48,12.51,12.47,12.51
2022-09-29,SYN_POOL_A05,12.51,12.54,12.5,12.54
2022-09-30,SYN_POOL_A05,12.54,12.57,12.52,12.56
2022-10-03,SYN_POOL_A05,12.57,12.6,12.55,12.58
2022-10-04,SYN_POOL_A05,12.61,12.63,12.57,12.61
2022-10-05,SYN_POOL_A05,12.64,12.67,12.59,12.63
2022-10-06,SYN_POOL_A05,12.67,12.71,12.61,12.66
2022-10-07,SYN_POOL_A05,12.7,12.74,12.63,12.68
2022-10-10,SYN_POOL_A05,12.73,12.78,12.65,12.71
2022-10-11,SYN_POOL_A05,12.76,12.82,12.67,12.73
2022-10-12,SYN_POOL_A05,12.8,12.86,12.69,12.76
2022-10-13,SYN_POOL_A05,12.83,12.89,12.7,12.78
2022-10-14,SYN_POOL_A05,12.86,12.93,12.72,12.8
2022-10-17,SYN_POOL_A05,12.89,12.97,12.75,12.83
2022-10-18,SYN_POOL_A05,12.92,13.0,12.78,12.85
2022-10-19,SYN_POOL_A05,12.75,12.95,12.69,12.88
2022-10-20,SYN_POOL_A05,12.79,12.97,12.72,12.9
2022-10-21,SYN_POOL_A05,12.82,12.88,12.54,12.6
2022-10-24,SYN_POOL_A05,12.52,12.68,12.47,12.62
2022-10-25,SYN_POOL_A05,12.55,12.7,12.51,12.64
2022-10-26,SYN_POOL_A05,12.58,12.71,12.54,12.67
2022-10-27,SYN_POOL_A05,12.61,12.73,12.58,12.69
2022-10-28,SYN_POOL_A05,12.64,12.75,12.62,12.72
2022-10-31,SYN_POOL_A05,12.68,12.77,12.66,12.74
2022-11-01,SYN_POOL_A05,12.71,12.79,12.69,12.77
2022-11-02,SYN_POOL_A05,12.74,12.81,12.73,12.79
2022-11-03,SYN_POOL_A05,12.77,12.83,12.77,12.82
2022-11-04,SYN_POOL_A05,12.8,12.84,12.8,12.84
2022-11-07,SYN_POOL_A05,12.83,12.87,12.82,12.87
2022-11-08,SYN_POOL_A05,12.86,12.9,12.85,12.89
2022-11-09,SYN_POOL_A05,12.9,12.93,12.87,12.91
2022-11-10,SYN_POOL_A05,12.93,12.96,12.9,12.94
2022-11-11,SYN_POOL_A05,12.96,12.99,12.93,12.96
2022-11-14,SYN_POOL_A05,12.99,13.02,12.95,12.99
2022-11-15,SYN_POOL_A05,13.02,13.06,12.97,13.01
2022-11-16,SYN_POOL_A05,13.06,13.1,12.99,13.04
2022-11-17,SYN_POOL_A05,13.09,13.14,13.0,13.06
2022-11-18,SYN_POOL_A05,13.12,13.18,13.02,13.09
2022-11-21,SYN_POOL_A05,13.15,13.22,13.04,13.11
2022-11-22,SYN_POOL_A05,13.18,13.25,13.06,13.14
2022-11-23,SYN_POOL_A05,13.22,13.29,13.08,13.16
2022-11-24,SYN_POOL_A05,13.25,13.33,13.11,13.19
2022-11-25,SYN_POOL_A05,13.28,13.37,13.14,13.21
2022-11-28,SYN_POOL_A05,13.31,13.39,13.17,13.24
2022-11-29,SYN_POOL_A05,13.14,13.34,13.08,13.26
2022-11-30,SYN_POOL_A05,13.17,13.24,12.89,12.95
2022-12-01,SYN_POOL_A05,12.87,13.03,12.82,12.97
2022-12-02,SYN_POOL_A05,12.9,13.05,12.85,13.0
2022-12-05,SYN_POOL_A05,12.93,13.07,12.89,13.02
2022-12-06,SYN_POOL_A05,12.96,13.09,12.93,13.05
2022-12-07,SYN_POOL_A05,12.99,13.11,12.97,13.07
2022-12-08,SYN_POOL_A05,13.02,13.12,13.0,13.1
2022-12-09,SYN_POOL_A05,13.06,13.14,13.04,13.12
2022-12-12,SYN_POOL_A05,13.09,13.16,13.08,13.14
2022-12-13,SYN_POOL_A05,13.12,13.18,13.12,13.17
2022-12-14,SYN_POOL_A05,13.15,13.2,13.15,13.19
2022-12-15,SYN_POOL_A05,13.19,13.22,13.18,13.22
2022-12-16,SYN_POOL_A05,13.22,13.25,13.2,13.24
2022-12-19,SYN_POOL_A05,13.25,13.28,13.23,13.27
2022-12-20,SYN_POOL_A05,13.28,13.31,13.25,13.29
2022-12-21,SYN_POOL_A05,13.31,13.34,13.28,13.32
2022-12-22,SYN_POOL_A05,13.35,13.38,13.3,13.34
2022-12-23,SYN_POOL_A05,13.38,13.42,13.32,13.37
2022-12-26,SYN_POOL_A05,13.41,13.46,13.34,13.39
2022-12-27,SYN_POOL_A05,13.44,13.49,13.36,13.42
2022-12-28,SYN_POOL_A05,13.48,13.53,13.38,13.45
2022-12-29,SYN_POOL_A05,13.51,13.57,13.4,13.47
2022-12-30,SYN_POOL_A05,13.54,13.61,13.42,13.5
2023-01-02,SYN_POOL_A05,13.58,13.65,13.44,13.52
2023-01-03,SYN_POOL_A05,13.61,13.69,13.46,13.55
2023-01-04,SYN_POOL_A05,13.64,13.73,13.49,13.57
2023-01-05,SYN_POOL_A05,13.67,13.76,13.52,13.6
2023-01-06,SYN_POOL_A05,13.5,13.7,13.43,13.62
2023-01-09,SYN_POOL_A05,13.53,13.6,13.24,13.3
2023-01-10,SYN_POOL_A05,13.21,13.38,13.16,13.32
2023-01-11,SYN_POOL_A05,13.24,13.4,13.2,13.35
2023-01-12,SYN_POOL_A05,13.28,13.42,13.24,13.37
2023-01-13,SYN_POOL_A05,13.31,13.44,13.27,13.4
2023-01-16,SYN_POOL_A05,13.34,13.46,13.31,13.42
2023-01-17,SYN_POOL_A05,13.37,13.48,13.35,13.45
2023-01-18,SYN_POOL_A05,13.41,13.5,13.39,13.47
2023-01-19,SYN_POOL_A05,13.44,13.52,13.43,13.5
2023-01-20,SYN_POOL_A05,13.47,13.54,13.47,13.52
2023-01-23,SYN_POOL_A05,13.5,13.56,13.5,13.55
2023-01-24,SYN_POOL_A05,13.54,13.57,13.53,13.57
2023-01-25,SYN_POOL_A05,13.57,13.6,13.56,13.6
2023-01-26,SYN_POOL_A05,13.6,13.64,13.58,13.62
2023-01-27,SYN_POOL_A05,13.64,13.67,13.61,13.65
2023-01-30,SYN_POOL_A05,13.67,13.7,13.64,13.67
2023-01-31,SYN_POOL_A05,13.7,13.73,13.66,13.7
2023-02-01,SYN_POOL_A05,13.73,13.77,13.68,13.73
2023-02-02,SYN_POOL_A05,13.77,13.81,13.7,13.75
2023-02-03,SYN_POOL_A05,13.8,13.85,13.72,13.78
2023-02-06,SYN_POOL_A05,13.83,13.89,13.74,13.8
2023-02-07,SYN_POOL_A05,13.87,13.93,13.76,13.83
2023-02-08,SYN_POOL_A05,13.9,13.97,13.77,13.85
2023-02-09,SYN_POOL_A05,13.93,14.01,13.79,13.88
2023-02-10,SYN_POOL_A05,13.97,14.05,13.81,13.9
2023-02-13,SYN_POOL_A05,14.0,14.09,13.85,13.93
2023-02-14,SYN_POOL_A05,14.03,14.12,13.88,13.96
2023-02-15,SYN_POOL_A05,13.85,14.06,13.78,13.98
2023-02-16,SYN_POOL_A05,13.88,13.96,13.58,13.65
2023-02-17,SYN_POOL_A05,13.56,13.74,13.5,13.67
2023-02-20,SYN_POOL_A05,13.59,13.76,13.54,13.7
2023-02-21,SYN_POOL_A05,13.62,13.78,13.58,13.72
2023-02-22,SYN_POOL_A05,13.66,13.8,13.62,13.75
2023-02-23,SYN_POOL_A05,13.69,13.81,13.66,13.77
2023-02-24,SYN_POOL_A05,13.72,13.83,13.7,13.8
2023-02-27,SYN_POOL_A05,13.76,13.85,13.74,13.83
2023-02-28,SYN_POOL_A05,13.79,13.87,13.78,13.85
2023-03-01,SYN_POOL_A05,13.82,13.89,13.82,13.88
2023-03-02,SYN_POOL_A05,13.86,13.91,13.86,13.9
2023-03-03,SYN_POOL_A05,13.89,13.93,13.88,13.93
2023-03-06,SYN_POOL_A05,13.92,13.96,13.91,13.95
2023-03-07,SYN_POOL_A05,13.96,13.99,13.94,13.98
2023-03-08,SYN_POOL_A05,13.99,14.02,13.96,14.0
2023-03-09,SYN_POOL_A05,14.02,14.05,13.99,14.03
2023-03-10,SYN_POOL_A05,14.06,14.09,14.02,14.06
2023-03-13,SYN_POOL_A05,14.09,14.13,14.04,14.08
2023-03-14,SYN_POOL_A05,14.12,14.17,14.06,14.11
2023-03-15,SYN_POOL_A05,14.16,14.21,14.07,14.13
2023-03-16,SYN_POOL_A05,14.19,14.25,14.09,14.16
2023-03-17,SYN_POOL_A05,14.22,14.29,14.11,14.18
2023-03-20,SYN_POOL_A05,14.26,14.33,14.13,14.21
2023-03-21,SYN_POOL_A05,14.29,14.37,14.15,14.24
2023-03-22,SYN_POOL_A05,14.33,14.41,14.17,14.26
2023-03-23,SYN_POOL_A05,14.36,14.45,14.2,14.29
2023-03-24,SYN_POOL_A05,14.39,14.48,14.23,14.31
2023-03-27,SYN_POOL_A05,14.2,14.42,14.13,14.34
2023-03-28,SYN_POOL_A05,14.24,14.44,14.17,14.37
2023-03-29,SYN_POOL_A05,14.27,14.34,13.96,14.02
2023-03-30,SYN_POOL_A05,13.94,14.11,13.89,14.05
2023-03-31,SYN_POOL_A05,13.97,14.13,13.93,14.07
2023-04-03,SYN_POOL_A05,14.01,14.15,13.97,14.1
2023-04-04,SYN_POOL_A05,14.04,14.17,14.01,14.13
2023-04-05,SYN_POOL_A05,14.07,14.19,14.05,14.15
2023-04-06,SYN_POOL_A05,14.11,14.21,14.09,14.18
2023-04-07,SYN_POOL_A05,14.14,14.23,14.13,14.2
2023-04-10,SYN_POOL_A05,14.17,14.25,14.17,14.23
2023-04-11,SYN_POOL_A05,14.21,14.27,14.21,14.26
2023-04-12,SYN_POOL_A05,14.24,14.28,14.23,14.28
2023-04-13,SYN_POOL_A05,14.27,14.31,14.26,14.31
2023-04-14,SYN_POOL_A05,14.31,14.34,14.29,14.33
2023-04-17,SYN_POOL_A05,14.34,14.38,14.32,14.36
2023-04-18,SYN_POOL_A05,14.38,14.41,14.34,14.39
2023-04-19,SYN_POOL_A05,14.41,14.44,14.37,14.41
2023-04-20,SYN_POOL_A05,14.44,14.48,14.39,14.44
2023-04-21,SYN_POOL_A05,14.48,14.52,14.41,14.46
2023-04-24,SYN_POOL_A05,14.51,14.56,14.43,14.49
2023-04-25,SYN_POOL_A05,14.55,14.6,14.45,14.52
2023-04-26,SYN_POOL_A05,14.58,14.64,14.47,14.54
2023-04-27,SYN_POOL_A05,14.62,14.69,14.49,14.57
2023-04-28,SYN_POOL_A05,14.65,14.73,14.51,14.59
2023-05-01,SYN_POOL_A05,14.68,14.77,14.53,14.62
2023-05-02,SYN_POOL_A05,14.72,14.81,14.56,14.65
2023-05-03,SYN_POOL_A05,14.75,14.85,14.59,14.67
2023-05-04,SYN_POOL_A05,14.56,14.79,14.48,14.7
2023-05-05,SYN_POOL_A05,14.59,14.81,14.52,14.73
2023-05-08,SYN_POOL_A05,14.63,14.7,14.31,14.37
2023-05-09,SYN_POOL_A05,14.29,14.46,14.23,14.4
2023-05-10,SYN_POOL_A05,14.32,14.48,14.27,14.43
2023-05-11,SYN_POOL_A05,14.35,14.5,14.31,14.45
2023-05-12,SYN_POOL_A05,14.39,14.52,14.35,14.48
2023-05-15,SYN_POOL_A05,14.42,14.54,14.39,14.5
2023-05-16,SYN_POOL_A05,14.46,14.56,14.43,14.53
2023-05-17,SYN_POOL_A05,14.49,14.58,14.47,14.56
2023-05-18,SYN_POOL_A05,14.52,14.6,14.51,14.58
2023-05-19,SYN_POOL_A05,14.56,14.62,14.55,14.61
2023-05-22,SYN_POOL_A05,14.59,14.64,14.59,14.64
2023-05-23,SYN_POOL_A05,14.63,14.66,14.62,14.66
2023-05-24,SYN_POOL_A05,14.66,14.7,14.64,14.69
2023-05-25,SYN_POOL_A05,14.69,14.73,14.67,14.71
2023-05-26,SYN_POOL_A05,14.73,14.76,14.7,14.74
2023-05-29,SYN_POOL_A05,14.76,14.8,14.73,14.77
2023-05-30,SYN_POOL_A05,14.8,14.83,14.75,14.79
2023-05-31,SYN_POOL_A05,14.83,14.88,14.77,14.82
2023-06-01,SYN_POOL_A05,14.87,14.92,14.79,14.85
2023-06-02,SYN_POOL_A05,14.9,14.96,14.81,14.87
2023-06-05,SYN_POOL_A05,14.94,15.0,14.83,14.9
2023-06-06,SYN_POOL_A05,14.97,15.04,14.85,14.93
2023-06-07,SYN_POOL_A05,15.01,15.08,14.86,14.95
2023-06-08,SYN_POOL_A05,15.04,15.13,14.88,14.98
2023-06-09,SYN_POOL_A05,15.08,15.17,14.91,15.0
2023-06-12,SYN_POOL_A05,15.11,15.21,14.94,15.03
2023-06-13,SYN_POOL_A05,15.15,15.24,14.98,15.06
2023-06-14,SYN_POOL_A05,14.95,15.17,14.87,15.08
2023-06-15,SYN_POOL_A05,14.98,15.06,14.66,14.72
2023-06-16,SYN_POOL_A05,14.63,14.82,14.57,14.75
2023-06-19,SYN_POOL_A05,14.67,14.84,14.61,14.78
2023-06-20,SYN_POOL_A05,14.7,14.86,14.66,14.8
2023-06-21,SYN_POOL_A05,14.73,14.88,14.7,14.83
2023-06-22,SYN_POOL_A05,14.77,14.9,14.74,14.86
2023-06-23,SYN_POOL_A05,14.8,14.92,14.78,14.88
2023-06-26,SYN_POOL_A05,14.84,14.93,14.82,14.91
2023-06-27,SYN_POOL_A05,14.87,14.94,14.86,14.92
2023-06-28,SYN_POOL_A05,14.89,14.94,14.88,14.92
2023-06-29,SYN_POOL_A05,14.91,14.94,14.9,14.93
2023-06-30,SYN_POOL_A05,14.92,14.94,14.91,14.94
2023-07-03,SYN_POOL_A05,14.94,14.96,14.92,14.95
2023-07-04,SYN_POOL_A05,14.96,14.97,14.93,14.96
2023-07-05,SYN_POOL_A05,14.97,14.99,14.94,14.97
2023-07-06,SYN_POOL_A05,14.99,15.02,14.94,14.98
2023-07-07,SYN_POOL_A05,15.01,15.04,14.94,14.99
2023-07-10,SYN_POOL_A05,15.02,15.07,14.94,14.99
2023-07-11,SYN_POOL_A05,15.04,15.09,14.94,15.0
2023-07-12,SYN_POOL_A05,15.06,15.11,14.95,15.01
2023-07-13,SYN_POOL_A05,15.08,15.14,14.95,15.02
2023-07-14,SYN_POOL_A05,15.09,15.16,14.95,15.03
2023-07-17,SYN_POOL_A05,15.11,15.19,14.95,15.04
2023-07-18,SYN_POOL_A05,15.13,15.21,14.95,15.05
2023-07-19,SYN_POOL_A05,15.14,15.23,14.96,15.05
2023-07-20,SYN_POOL_A05,15.16,15.26,14.97,15.06
2023-07-21,SYN_POOL_A05,15.18,15.27,14.99,15.07
2023-07-24,SYN_POOL_A05,14.96,15.16,14.88,15.08
2023-07-25,SYN_POOL_A05,14.98,15.05,14.64,14.7
2023-07-26,SYN_POOL_A05,14.61,14.78,14.55,14.71
2023-07-27,SYN_POOL_A05,14.62,14.78,14.57,14.72
2023-07-28,SYN_POOL_A05,14.64,14.78,14.6,14.73
2023-07-31,SYN_POOL_A05,14.66,14.78,14.62,14.74
2023-08-01,SYN_POOL_A05,14.67,14.79,14.64,14.74
2023-08-02,SYN_POOL_A05,14.69,14.79,14.67,14.75
2023-08-03,SYN_POOL_A05,14.71,14.79,14.69,14.76
2023-08-04,SYN_POOL_A05,14.73,14.79,14.71,14.77
2023-08-07,SYN_POOL_A05,14.74,14.79,14.74,14.78
2023-08-08,SYN_POOL_A05,14.76,14.8,14.76,14.79
2023-08-09,SYN_POOL_A05,14.78,14.8,14.77,14.8
2023-08-10,SYN_POOL_A05,14.79,14.81,14.78,14.81
2023-08-11,SYN_POOL_A05,14.81,14.83,14.79,14.81
2023-08-14,SYN_POOL_A05,14.83,14.85,14.79,14.82
2023-08-15,SYN_POOL_A05,14.84,14.87,14.8,14.83
2023-08-16,SYN_POOL_A05,14.86,14.89,14.8,14.84
2023-08-17,SYN_POOL_A05,14.88,14.92,14.8,14.85
2023-08-18,SYN_POOL_A05,14.89,14.94,14.8,14.86
2023-08-21,SYN_POOL_A05,14.91,14.96,14.8,14.86
2023-08-22,SYN_POOL_A05,14.93,14.99,14.8,14.87
2023-08-23,SYN_POOL_A05,14.94,15.01,14.8,14.88
2023-08-24,SYN_POOL_A05,14.96,15.03,14.81,14.89
2023-08-25,SYN_POOL_A05,14.98,15.06,14.81,14.9
2023-08-28,SYN_POOL_A05,14.99,15.08,14.81,14.91
2023-08-29,SYN_POOL_A05,15.01,15.11,14.83,14.92
2023-08-30,SYN_POOL_A05,15.03,15.12,14.84,14.92
2023-08-31,SYN_POOL_A05,14.81,15.02,14.74,14.93
2023-09-01,SYN_POOL_A05,14.83,14.91,14.49,14.56
2023-09-04,SYN_POOL_A05,14.46,14.64,14.4,14.57
2023-09-05,SYN_POOL_A05,14.48,14.64,14.43,14.57
2023-09-06,SYN_POOL_A05,14.5,14.64,14.45,14.58
2023-09-07,SYN_POOL_A05,14.51,14.64,14.47,14.59
2023-09-08,SYN_POOL_A05,14.53,14.64,14.5,14.6
2023-09-11,SYN_POOL_A05,14.55,14.64,14.52,14.61
2023-09-12,SYN_POOL_A05,14.56,14.65,14.54,14.62
2023-09-13,SYN_POOL_A05,14.58,14.65,14.57,14.63
2023-09-14,SYN_POOL_A05,14.6,14.65,14.59,14.63
2023-09-15,SYN_POOL_A05,14.61,14.65,14.61,14.64
2023-09-18,SYN_POOL_A05,14.63,14.65,14.62,14.65
2023-09-19,SYN_POOL_A05,14.64,14.66,14.63,14.66
2023-09-20,SYN_POOL_A05,14.66,14.68,14.64,14.67
2023-09-21,SYN_POOL_A05,14.68,14.7,14.65,14.68
2023-09-22,SYN_POOL_A05,14.69,14.72,14.65,14.68
2023-09-25,SYN_POOL_A05,14.71,14.74,14.65,14.69
2023-09-26,SYN_POOL_A05,14.73,14.77,14.65,14.7
2023-09-27,SYN_POOL_A05,14.74,14.79,14.66,14.71
2023-09-28,SYN_POOL_A05,14.76,14.81,14.66,14.72
2023-09-29,SYN_POOL_A05,14.78,14.84,14.66,14.73
2023-10-02,SYN_POOL_A05,14.79,14.86,14.66,14.73
2023-10-03,SYN_POOL_A05,14.81,14.88,14.66,14.74
2023-10-04,SYN_POOL_A05,14.83,14.91,14.66,14.75
2023-10-05,SYN_POOL_A05,14.84,14.93,14.66,14.76
2023-10-06,SYN_POOL_A05,14.86,14.95,14.68,14.77
2023-10-09,SYN_POOL_A05,14.88,14.97,14.69,14.78
2023-10-10,SYN_POOL_A05,14.66,14.87,14.59,14.78
2023-10-11,SYN_POOL_A05,14.68,14.87,14.61,14.79
2023-10-12,SYN_POOL_A05,14.7,14.77,14.36,14.42
2023-10-13,SYN_POOL_A05,14.33,14.49,14.28,14.43
2023-10-16,SYN_POOL_A05,14.35,14.5,14.3,14.44
2023-10-17,SYN_POOL_A05,14.37,14.5,14.33,14.45
2023-10-18,SYN_POOL_A05,14.38,14.5,14.35,14.46
2023-10-19,SYN_POOL_A05,14.4,14.5,14.37,14.46
2023-10-20,SYN_POOL_A05,14.42,14.5,14.39,14.47
2023-10-23,SYN_POOL_A05,14.43,14.5,14.42,14.48
2023-10-24,SYN_POOL_A05,14.45,14.51,14.44,14.49
2023-10-25,SYN_POOL_A05,14.47,14.51,14.46,14.5
2023-10-26,SYN_POOL_A05,14.48,14.51,14.48,14.51
2023-10-27,SYN_POOL_A05,14.5,14.52,14.49,14.51
2023-10-30,SYN_POOL_A05,14.51,14.53,14.5,14.52
2023-10-31,SYN_POOL_A05,14.53,14.55,14.51,14.53
2023-11-01,SYN_POOL_A05,14.55,14.57,14.51,14.54
2023-11-02,SYN_POOL_A05,14.56,14.59,14.51,14.55
2023-11-03,SYN_POOL_A05,14.58,14.62,14.51,14.56
2023-11-06,SYN_POOL_A05,14.6,14.64,14.51,14.56
2023-11-07,SYN_POOL_A05,14.61,14.66,14.51,14.57
2023-11-08,SYN_POOL_A05,14.63,14.69,14.51,14.58
2023-11-09,SYN_POOL_A05,14.64,14.71,14.52,14.59
2023-11-10,SYN_POOL_A05,14.66,14.73,14.52,14.6
2023-11-13,SYN_POOL_A05,14.68,14.75,14.52,14.6
2023-11-14,SYN_POOL_A05,14.69,14.78,14.52,14.61
2023-11-15,SYN_POOL_A05,14.71,14.8,14.53,14.62
2023-11-16,SYN_POOL_A05,14.73,14.82,14.55,14.63
2023-11-17,SYN_POOL_A05,14.74,14.83,14.56,14.64
2023-11-20,SYN_POOL_A05,14.53,14.73,14.46,14.65
2023-11-21,SYN_POOL_A05,14.55,14.62,14.22,14.28
2023-11-22,SYN_POOL_A05,14.19,14.35,14.13,14.29
2023-11-23,SYN_POOL_A05,14.21,14.35,14.16,14.29
2023-11-24,SYN_POOL_A05,14.22,14.35,14.18,14.3
2023-11-27,SYN_POOL_A05,14.24,14.36,14.2,14.31
2023-11-28,SYN_POOL_A05,14.25,14.36,14.22,14.32
2023-11-29,SYN_POOL_A05,14.27,14.36,14.25,14.33
2023-11-30,SYN_POOL_A05,14.29,14.36,14.27,14.34
2023-12-01,SYN_POOL_A05,14.3,14.36,14.29,14.34
2023-12-04,SYN_POOL_A05,14.32,14.36,14.32,14.35
2023-12-05,SYN_POOL_A05,14.33,14.37,14.33,14.36
2023-12-06,SYN_POOL_A05,14.35,14.37,14.34,14.37
2023-12-07,SYN_POOL_A05,14.37,14.38,14.35,14.38
2023-12-08,SYN_POOL_A05,14.38,14.4,14.36,14.38
2023-12-11,SYN_POOL_A05,14.4,14.42,14.36,14.39
2023-12-12,SYN_POOL_A05,14.42,14.44,14.36,14.4
2023-12-13,SYN_POOL_A05,14.43,14.47,14.37,14.41
2023-12-14,SYN_POOL_A05,14.45,14.49,14.37,14.42
2023-12-15,SYN_POOL_A05,14.46,14.51,14.37,14.43
2023-12-18,SYN_POOL_A05,14.48,14.53,14.37,14.43
2023-12-19,SYN_POOL_A05,14.5,14.56,14.37,14.44
2023-12-20,SYN_POOL_A05,14.51,14.58,14.37,14.45
2023-12-21,SYN_POOL_A05,14.53,14.6,14.37,14.46
2023-12-22,SYN_POOL_A05,14.54,14.63,14.38,14.47
2023-12-25,SYN_POOL_A05,14.56,14.65,14.38,14.47
2023-12-26,SYN_POOL_A05,14.58,14.67,14.4,14.48
2023-12-27,SYN_POOL_A05,14.59,14.68,14.41,14.49
2023-12-28,SYN_POOL_A05,14.38,14.58,14.31,14.5
2023-12-29,SYN_POOL_A05,14.4,14.47,14.07,14.13
2024-01-01,SYN_POOL_A05,14.04,14.21,13.99,14.14
2024-01-02,SYN_POOL_A05,14.06,14.21,14.01,14.15
2024-01-03,SYN_POOL_A05,14.08,14.21,14.03,14.16
2024-01-04,SYN_POOL_A05,14.09,14.21,14.06,14.17
2024-01-05,SYN_POOL_A05,14.11,14.21,14.08,14.17
2024-01-08,SYN_POOL_A05,14.12,14.22,14.1,14.18
2024-01-09,SYN_POOL_A05,14.14,14.22,14.12,14.19
2024-01-10,SYN_POOL_A05,14.16,14.22,14.15,14.2
2024-01-11,SYN_POOL_A05,14.17,14.22,14.17,14.21
2024-01-12,SYN_POOL_A05,14.19,14.22,14.19,14.21
2024-01-15,SYN_POOL_A05,14.2,14.22,14.2,14.22
2024-01-16,SYN_POOL_A05,14.22,14.24,14.2,14.23
2024-01-17,SYN_POOL_A05,14.24,14.25,14.21,14.24
2024-01-18,SYN_POOL_A05,14.25,14.27,14.22,14.25
2024-01-19,SYN_POOL_A05,14.27,14.29,14.22,14.25
2024-01-22,SYN_POOL_A05,14.28,14.32,14.22,14.26
2024-01-23,SYN_POOL_A05,14.3,14.34,14.22,14.27
2024-01-24,SYN_POOL_A05,14.32,14.36,14.22,14.28
2024-01-25,SYN_POOL_A05,14.33,14.38,14.23,14.29
2024-01-26,SYN_POOL_A05,14.35,14.41,14.23,14.29
2024-01-29,SYN_POOL_A05,14.36,14.43,14.23,14.3
2024-01-30,SYN_POOL_A05,14.38,14.45,14.23,14.31
2024-01-31,SYN_POOL_A05,14.39,14.47,14.23,14.32
2024-02-01,SYN_POOL_A05,14.41,14.5,14.24,14.33
2024-02-02,SYN_POOL_A05,14.43,14.52,14.25,14.33
2024-02-05,SYN_POOL_A05,14.44,14.53,14.26,14.34
2024-02-06,SYN_POOL_A05,14.23,14.43,14.16,14.35
2024-02-07,SYN_POOL_A05,14.25,14.32,13.93,13.99
2024-02-08,SYN_POOL_A05,13.9,14.06,13.84,14.0
2024-02-09,SYN_POOL_A05,13.92,14.07,13.87,14.01
2024-02-12,SYN_POOL_A05,13.93,14.07,13.89,14.01
2024-02-13,SYN_POOL_A05,13.95,14.07,13.91,14.02
2024-02-14,SYN_POOL_A05,13.96,14.07,13.93,14.03
2024-02-15,SYN_POOL_A05,13.98,14.07,13.95,14.04
2024-02-16,SYN_POOL_A05,13.99,14.07,13.98,14.05
2024-02-19,SYN_POOL_A05,14.01,14.07,14.0,14.05
2024-02-20,SYN_POOL_A05,14.03,14.08,14.02,14.06
2024-02-21,SYN_POOL_A05,14.04,14.08,14.04,14.07
2024-02-22,SYN_POOL_A05,14.06,14.08,14.05,14.08
2024-02-23,SYN_POOL_A05,14.07,14.09,14.06,14.09
2024-02-26,SYN_POOL_A05,14.09,14.1,14.07,14.09
2024-02-27,SYN_POOL_A05,14.1,14.12,14.07,14.1
2024-02-28,SYN_POOL_A05,14.12,14.14,14.08,14.11
2024-02-29,SYN_POOL_A05,14.14,14.17,14.08,14.12
2024-03-01,SYN_POOL_A05,14.15,14.19,14.08,14.12
2024-03-04,SYN_POOL_A05,14.17,14.21,14.08,14.13
2024-03-05,SYN_POOL_A05,14.18,14.23,14.08,14.14
2024-03-06,SYN_POOL_A05,14.2,14.26,14.08,14.15
2024-03-07,SYN_POOL_A05,14.21,14.28,14.08,14.16
2024-03-08,SYN_POOL_A05,14.23,14.3,14.08,14.16
2024-03-11,SYN_POOL_A05,14.25,14.32,14.09,14.17
2024-03-12,SYN_POOL_A05,14.26,14.35,14.09,14.18
2024-03-13,SYN_POOL_A05,14.28,14.37,14.1,14.19
2024-03-14,SYN_POOL_A05,14.29,14.38,14.12,14.19
2024-03-15,SYN_POOL_A05,14.09,14.28,14.01,14.2
2024-03-18,SYN_POOL_A05,14.1,14.29,14.04,14.21
2024-03-19,SYN_POOL_A05,14.12,14.19,13.8,13.85
2024-03-20,SYN_POOL_A05,13.77,13.92,13.72,13.86
2024-03-21,SYN_POOL_A05,13.79,13.92,13.74,13.87
2024-03-22,SYN_POOL_A05,13.8,13.92,13.76,13.88
2024-03-25,SYN_POOL_A05,13.82,13.93,13.79,13.89
2024-03-26,SYN_POOL_A05,13.83,13.94,13.81,13.9
2024-03-27,SYN_POOL_A05,13.86,13.97,13.84,13.94
2024-03-28,SYN_POOL_A05,13.9,14.0,13.89,13.98
2024-03-29,SYN_POOL_A05,13.95,14.03,13.94,14.02
2024-04-01,SYN_POOL_A05,14.0,14.07,14.0,14.06
2024-04-02,SYN_POOL_A05,14.04,14.1,14.04,14.1
2024-04-03,SYN_POOL_A05,14.09,14.14,14.08,14.13
2024-04-04,SYN_POOL_A05,14.14,14.18,14.12,14.17
2024-04-05,SYN_POOL_A05,14.18,14.23,14.16,14.21
2024-04-08,SYN_POOL_A05,14.23,14.27,14.2,14.25
2024-04-09,SYN_POOL_A05,14.28,14.32,14.24,14.29
2024-04-10,SYN_POOL_A05,14.32,14.36,14.28,14.33
2024-04-11,SYN_POOL_A05,14.37,14.41,14.31,14.37
2024-04-12,SYN_POOL_A05,14.42,14.47,14.35,14.4
2024-04-15,SYN_POOL_A05,14.46,14.52,14.38,14.44
2024-04-16,SYN_POOL_A05,14.51,14.57,14.41,14.48
2024-04-17,SYN_POOL_A05,14.56,14.63,14.44,14.52
2024-04-18,SYN_POOL_A05,14.6,14.68,14.47,14.56
2024-04-19,SYN_POOL_A05,14.65,14.74,14.51,14.6
2024-04-22,SYN_POOL_A05,14.7,14.79,14.55,14.64
2024-04-23,SYN_POOL_A05,14.75,14.84,14.6,14.68
2024-04-24,SYN_POOL_A05,14.56,14.8,14.49,14.72
2024-04-25,SYN_POOL_A05,14.61,14.84,14.54,14.76
2024-04-26,SYN_POOL_A05,14.66,14.73,14.35,14.42
2024-04-29,SYN_POOL_A05,14.33,14.52,14.27,14.46
2024-04-30,SYN_POOL_A05,14.38,14.55,14.33,14.49
2024-05-01,SYN_POOL_A05,14.42,14.58,14.38,14.53
2024-05-02,SYN_POOL_A05,14.47,14.62,14.43,14.57
2024-05-03,SYN_POOL_A05,14.52,14.65,14.49,14.61
2024-05-06,SYN_POOL_A05,14.56,14.68,14.54,14.65
2024-05-07,SYN_POOL_A05,14.61,14.71,14.59,14.69
2024-05-08,SYN_POOL_A05,14.66,14.75,14.65,14.73
2024-05-09,SYN_POOL_A05,14.7,14.78,14.7,14.77
2024-05-10,SYN_POOL_A05,14.75,14.81,14.75,14.81
2024-05-13,SYN_POOL_A05,14.8,14.85,14.79,14.84
2024-05-14,SYN_POOL_A05,14.84,14.89,14.83,14.88
2024-05-15,SYN_POOL_A05,14.89,14.94,14.87,14.92
2024-05-16,SYN_POOL_A05,14.94,14.99,14.91,14.96
2024-05-17,SYN_POOL_A05,14.99,15.03,14.95,15.0
2024-05-20,SYN_POOL_A05,15.04,15.08,14.99,15.04
2024-05-21,SYN_POOL_A05,15.08,15.13,15.03,15.08
2024-05-22,SYN_POOL_A05,15.13,15.18,15.06,15.12
2024-05-23,SYN_POOL_A05,15.18,15.24,15.09,15.16
2024-05-24,SYN_POOL_A05,15.23,15.29,15.12,15.2
2024-05-27,SYN_POOL_A05,15.28,15.35,15.16,15.24
2024-05-28,SYN_POOL_A05,15.32,15.4,15.19,15.28
2024-05-29,SYN_POOL_A05,15.37,15.46,15.22,15.32
2024-05-30,SYN_POOL_A05,15.42,15.52,15.26,15.36
2024-05-31,SYN_POOL_A05,15.47,15.57,15.31,15.4
2024-06-03,SYN_POOL_A05,15.52,15.61,15.36,15.44
2024-06-04,SYN_POOL_A05,15.33,15.56,15.25,15.48
2024-06-05,SYN_POOL_A05,15.37,15.45,15.05,15.12
2024-06-06,SYN_POOL_A05,15.03,15.23,14.97,15.16
2024-06-07,SYN_POOL_A05,15.07,15.26,15.02,15.2
2024-06-10,SYN_POOL_A05,15.12,15.29,15.08,15.24
2024-06-11,SYN_POOL_A05,15.17,15.33,15.13,15.28
2024-06-12,SYN_POOL_A05,15.22,15.36,15.19,15.32
2024-06-13,SYN_POOL_A05,15.26,15.39,15.24,15.36
2024-06-14,SYN_POOL_A05,15.31,15.42,15.29,15.4
2024-06-17,SYN_POOL_A05,15.36,15.46,15.35,15.44
2024-06-18,SYN_POOL_A05,15.41,15.49,15.41,15.48
2024-06-19,SYN_POOL_A05,15.46,15.52,15.45,15.52
2024-06-20,SYN_POOL_A05,15.51,15.56,15.49,15.56
2024-06-21,SYN_POOL_A05,15.55,15.6,15.54,15.6
2024-06-24,SYN_POOL_A05,15.6,15.65,15.58,15.64
2024-06-25,SYN_POOL_A05,15.65,15.7,15.62,15.68
2024-06-26,SYN_POOL_A05,15.7,15.75,15.66,15.72
2024-06-27,SYN_POOL_A05,15.75,15.79,15.7,15.76
2024-06-28,SYN_POOL_A05,15.8,15.84,15.74,15.8
2024-07-01,SYN_POOL_A05,15.85,15.9,15.77,15.84
2024-07-02,SYN_POOL_A05,15.89,15.95,15.81,15.88
2024-07-03,SYN_POOL_A05,15.94,16.01,15.84,15.92
2024-07-04,SYN_POOL_A05,15.99,16.07,15.87,15.96
2024-07-05,SYN_POOL_A05,16.04,16.13,15.9,16.0
2024-07-08,SYN_POOL_A05,16.09,16.18,15.94,16.04
2024-07-09,SYN_POOL_A05,16.14,16.24,15.98,16.08
2024-07-10,SYN_POOL_A05,16.19,16.3,16.02,16.12
2024-07-11,SYN_POOL_A05,16.24,16.34,16.07,16.16
2024-07-12,SYN_POOL_A05,16.04,16.29,15.96,16.2
2024-07-15,SYN_POOL_A05,16.09,16.17,15.75,15.82
2024-07-16,SYN_POOL_A05,15.72,15.94,15.66,15.86
2024-07-17,SYN_POOL_A05,15.77,15.97,15.72,15.9
2024-07-18,SYN_POOL_A05,15.82,16.0,15.77,15.94
2024-07-19,SYN_POOL_A05,15.87,16.04,15.83,15.98
2024-07-22,SYN_POOL_A05,15.92,16.07,15.88,16.02
2024-07-23,SYN_POOL_A05,15.97,16.1,15.94,16.06
2024-07-24,SYN_POOL_A05,16.02,16.13,16.0,16.1
2024-07-25,SYN_POOL_A05,16.06,16.17,16.05,16.14
2024-07-26,SYN_POOL_A05,16.11,16.2,16.11,16.18
2024-07-29,SYN_POOL_A05,16.16,16.23,16.16,16.23
2024-07-30,SYN_POOL_A05,16.21,16.27,16.2,16.27
2024-07-31,SYN_POOL_A05,16.26,16.31,16.24,16.31
2024-08-01,SYN_POOL_A05,16.31,16.36,16.29,16.35
2024-08-02,SYN_POOL_A05,16.36,16.41,16.33,16.39
2024-08-05,SYN_POOL_A05,16.41,16.46,16.37,16.43
2024-08-06,SYN_POOL_A05,16.46,16.51,16.41,16.47
2024-08-07,SYN_POOL_A05,16.51,16.56,16.45,16.51
2024-08-08,SYN_POOL_A05,16.56,16.61,16.49,16.55
2024-08-09,SYN_POOL_A05,16.61,16.67,16.52,16.59
2024-08-12,SYN_POOL_A05,16.66,16.73,16.55,16.63
2024-08-13,SYN_POOL_A05,16.71,16.79,16.59,16.67
2024-08-14,SYN_POOL_A05,16.76,16.85,16.62,16.71
2024-08-15,SYN_POOL_A05,16.81,16.9,16.65,16.76
2024-08-16,SYN_POOL_A05,16.86,16.96,16.69,16.8
2024-08-19,SYN_POOL_A05,16.91,17.02,16.74,16.84
2024-08-20,SYN_POOL_A05,16.96,17.07,16.79,16.88
2024-08-21,SYN_POOL_A05,16.75,17.02,16.67,16.92
2024-08-22,SYN_POOL_A05,16.8,16.89,16.45,16.53
2024-08-23,SYN_POOL_A05,16.42,16.64,16.35,16.57
2024-08-26,SYN_POOL_A05,16.47,16.68,16.41,16.61
2024-08-27,SYN_POOL_A05,16.52,16.71,16.47,16.65
2024-08-28,SYN_POOL_A05,16.57,16.74,16.52,16.69
2024-08-29,SYN_POOL_A05,16.62,16.78,16.58,16.73
2024-08-30,SYN_POOL_A05,16.67,16.81,16.64,16.77
2024-09-02,SYN_POOL_A05,16.72,16.84,16.7,16.81
2024-09-03,SYN_POOL_A05,16.77,16.88,16.75,16.85
2024-09-04,SYN_POOL_A05,16.82,16.91,16.81,16.89
2024-09-05,SYN_POOL_A05,16.87,16.94,16.87,16.93
2024-09-06,SYN_POOL_A05,16.92,16.98,16.91,16.98
2024-09-09,SYN_POOL_A05,16.97,17.02,16.95,17.02
2024-09-10,SYN_POOL_A05,17.02,17.07,17.0,17.06
2024-09-11,SYN_POOL_A05,17.07,17.12,17.04,17.1
2024-09-12,SYN_POOL_A05,17.12,17.17,17.08,17.14
2024-09-13,SYN_POOL_A05,17.17,17.22,17.12,17.18
2024-09-16,SYN_POOL_A05,17.22,17.27,17.17,17.22
2024-09-17,SYN_POOL_A05,17.27,17.33,17.2,17.27
2024-09-18,SYN_POOL_A05,17.33,17.39,17.23,17.31
2024-09-19,SYN_POOL_A05,17.38,17.45,17.27,17.35
2024-09-20,SYN_POOL_A05,17.43,17.51,17.3,17.39
2024-09-23,SYN_POOL_A05,17.48,17.57,17.33,17.43
2024-09-24,SYN_POOL_A05,17.53,17.63,17.37,17.47
2024-09-25,SYN_POOL_A05,17.58,17.69,17.4,17.51
2024-09-26,SYN_POOL_A05,17.63,17.75,17.45,17.56
2024-09-27,SYN_POOL_A05,17.69,17.8,17.5,17.6
2024-09-30,SYN_POOL_A05,17.46,17.74,17.37,17.64
2024-10-01,SYN_POOL_A05,17.52,17.78,17.43,17.68
2024-10-02,SYN_POOL_A05,17.57,17.65,17.2,17.27
2024-10-03,SYN_POOL_A05,17.17,17.39,17.1,17.31
2024-10-04,SYN_POOL_A05,17.22,17.42,17.16,17.35
2024-10-07,SYN_POOL_A05,17.27,17.45,17.22,17.39
2024-10-08,SYN_POOL_A05,17.32,17.49,17.28,17.44
2024-10-09,SYN_POOL_A05,17.37,17.52,17.34,17.48
2024-10-10,SYN_POOL_A05,17.42,17.55,17.4,17.52
2024-10-11,SYN_POOL_A05,17.47,17.59,17.45,17.56
2024-10-14,SYN_POOL_A05,17.52,17.62,17.51,17.6
2024-10-15,SYN_POOL_A05,17.57,17.66,17.57,17.64
2024-10-16,SYN_POOL_A05,17.63,17.69,17.62,17.69
2024-10-17,SYN_POOL_A05,17.68,17.73,17.66,17.73
2024-10-18,SYN_POOL_A05,17.73,17.78,17.71,17.77
2024-10-21,SYN_POOL_A05,17.78,17.83,17.75,17.81
2024-10-22,SYN_POOL_A05,17.83,17.88,17.79,17.85
2024-10-23,SYN_POOL_A05,17.88,17.93,17.84,17.9
2024-10-24,SYN_POOL_A05,17.94,17.98,17.88,17.94
2024-10-25,SYN_POOL_A05,17.99,18.04,17.91,17.98
2024-10-28,SYN_POOL_A05,18.04,18.1,17.95,18.02
2024-10-29,SYN_POOL_A05,18.09,18.16,17.98,18.06
2024-10-30,SYN_POOL_A05,18.15,18.22,18.02,18.11
2024-10-31,SYN_POOL_A05,18.2,18.29,18.05,18.15
2024-11-01,SYN_POOL_A05,18.25,18.35,18.08,18.19
2024-11-04,SYN_POOL_A05,18.3,18.41,18.12,18.23
2024-11-05,SYN_POOL_A05,18.36,18.47,18.16,18.28
2024-11-06,SYN_POOL_A05,18.41,18.52,18.21,18.32
2024-11-07,SYN_POOL_A05,18.18,18.47,18.08,18.36
2024-11-08,SYN_POOL_A05,18.23,18.5,18.14,18.4
2024-11-11,SYN_POOL_A05,18.28,18.37,17.9,17.97
2024-11-12,SYN_POOL_A05,17.86,18.1,17.79,18.01
2024-11-13,SYN_POOL_A05,17.91,18.13,17.85,18.06
2024-11-14,SYN_POOL_A05,17.97,18.16,17.91,18.1
2024-11-15,SYN_POOL_A05,18.02,18.2,17.97,18.14
2024-11-18,SYN_POOL_A05,18.07,18.23,18.03,18.18
2024-11-19,SYN_POOL_A05,18.12,18.27,18.09,18.23
2024-11-20,SYN_POOL_A05,18.17,18.3,18.16,18.27
2024-11-21,SYN_POOL_A05,18.23,18.33,18.22,18.31
2024-11-22,SYN_POOL_A05,18.28,18.37,18.28,18.35
2024-11-25,SYN_POOL_A05,18.33,18.4,18.33,18.4
2024-11-26,SYN_POOL_A05,18.38,18.44,18.37,18.44
2024-11-27,SYN_POOL_A05,18.44,18.49,18.41,18.48
2024-11-28,SYN_POOL_A05,18.49,18.54,18.46,18.52
2024-11-29,SYN_POOL_A05,18.54,18.59,18.5,18.57
2024-12-02,SYN_POOL_A05,18.6,18.64,18.55,18.61
2024-12-03,SYN_POOL_A05,18.65,18.7,18.59,18.65
2024-12-04,SYN_POOL_A05,18.7,18.76,18.63,18.69
2024-12-05,SYN_POOL_A05,18.75,18.82,18.66,18.74
2024-12-06,SYN_POOL_A05,18.81,18.88,18.7,18.78
2024-12-09,SYN_POOL_A05,18.86,18.94,18.73,18.82
2024-12-10,SYN_POOL_A05,18.92,19.0,18.76,18.87
2024-12-11,SYN_POOL_A05,18.97,19.07,18.8,18.91
2024-12-12,SYN_POOL_A05,19.02,19.13,18.83,18.95
2024-12-13,SYN_POOL_A05,19.08,19.19,18.88,18.99
2024-12-16,SYN_POOL_A05,19.13,19.25,18.93,19.04
2024-12-17,SYN_POOL_A05,19.18,19.3,18.98,19.08
2024-12-18,SYN_POOL_A05,18.94,19.23,18.85,19.12
2024-12-19,SYN_POOL_A05,18.99,19.09,18.59,18.68
2024-12-20,SYN_POOL_A05,18.56,18.8,18.49,18.72
2024-12-23,SYN_POOL_A05,18.61,18.84,18.55,18.76
2024-12-24,SYN_POOL_A05,18.66,18.87,18.61,18.8
2024-12-25,SYN_POOL_A05,18.72,18.9,18.67,18.84
2024-12-26,SYN_POOL_A05,18.77,18.93,18.73,18.88
2024-12-27,SYN_POOL_A05,18.81,18.96,18.78,18.92
2024-12-30,SYN_POOL_A05,18.86,18.99,18.84,18.95
2024-12-31,SYN_POOL_A05,18.91,19.01,18.89,18.99
2025-01-01,SYN_POOL_A05,18.95,19.04,18.95,19.03
2025-01-02,SYN_POOL_A05,19.0,19.07,19.0,19.06
2025-01-03,SYN_POOL_A05,19.05,19.1,19.04,19.1
2025-01-06,SYN_POOL_A05,19.1,19.15,19.07,19.14
2025-01-07,SYN_POOL_A05,19.14,19.19,19.11,19.17
2025-01-08,SYN_POOL_A05,19.19,19.24,19.15,19.21
2025-01-09,SYN_POOL_A05,19.24,19.28,19.19,19.25
2025-01-10,SYN_POOL_A05,19.29,19.33,19.23,19.28
2025-01-13,SYN_POOL_A05,19.33,19.39,19.25,19.32
2025-01-14,SYN_POOL_A05,19.38,19.44,19.28,19.36
2025-01-15,SYN_POOL_A05,19.43,19.5,19.31,19.39
2025-01-16,SYN_POOL_A05,19.48,19.56,19.34,19.43
2025-01-17,SYN_POOL_A05,19.52,19.62,19.37,19.47
2025-01-20,SYN_POOL_A05,19.57,19.67,19.39,19.51
2025-01-21,SYN_POOL_A05,19.62,19.73,19.42,19.54
2025-01-22,SYN_POOL_A05,19.67,19.79,19.46,19.58
2025-01-23,SYN_POOL_A05,19.72,19.85,19.5,19.62
2025-01-24,SYN_POOL_A05,19.77,19.89,19.55,19.65
2025-01-27,SYN_POOL_A05,19.51,19.8,19.41,19.69
2025-01-28,SYN_POOL_A05,19.56,19.66,19.14,19.22
2025-01-29,SYN_POOL_A05,19.1,19.35,19.02,19.26
2025-01-30,SYN_POOL_A05,19.15,19.38,19.08,19.3
2025-01-31,SYN_POOL_A05,19.2,19.41,19.14,19.33
2025-02-03,SYN_POOL_A05,19.24,19.43,19.19,19.37
2025-02-04,SYN_POOL_A05,19.29,19.46,19.25,19.41
2025-02-05,SYN_POOL_A05,19.34,19.49,19.3,19.44
2025-02-06,SYN_POOL_A05,19.39,19.52,19.36,19.48
2025-02-07,SYN_POOL_A05,19.43,19.55,19.42,19.52
2025-02-10,SYN_POOL_A05,19.48,19.57,19.47,19.56
2025-02-11,SYN_POOL_A05,19.53,19.6,19.53,19.59
2025-02-12,SYN_POOL_A05,19.58,19.63,19.57,19.63
2025-02-13,SYN_POOL_A05,19.62,19.68,19.6,19.67
2025-02-14,SYN_POOL_A05,19.67,19.72,19.64,19.7
2025-02-17,SYN_POOL_A05,19.72,19.77,19.68,19.74
2025-02-18,SYN_POOL_A05,19.77,19.81,19.72,19.78
2025-02-19,SYN_POOL_A05,19.82,19.86,19.76,19.82
2025-02-20,SYN_POOL_A05,19.87,19.92,19.79,19.85
2025-02-21,SYN_POOL_A05,19.91,19.98,19.82,19.89
2025-02-24,SYN_POOL_A05,19.96,20.04,19.84,19.93
2025-02-25,SYN_POOL_A05,20.01,20.09,19.87,19.97
2025-02-26,SYN_POOL_A05,20.06,20.15,19.9,20.0
2025-02-27,SYN_POOL_A05,20.11,20.21,19.93,20.04
2025-02-28,SYN_POOL_A05,20.16,20.27,19.96,20.08
2025-03-03,SYN_POOL_A05,20.21,20.33,19.99,20.12
2025-03-04,SYN_POOL_A05,20.26,20.39,20.03,20.16
2025-03-05,SYN_POOL_A05,20.31,20.43,20.08,20.19
2025-03-06,SYN_POOL_A05,20.04,20.35,19.94,20.23
2025-03-07,SYN_POOL_A05,20.09,20.19,19.66,19.75
2025-03-10,SYN_POOL_A05,19.62,19.88,19.54,19.79
2025-03-11,SYN_POOL_A05,19.67,19.91,19.6,19.82
2025-03-12,SYN_POOL_A05,19.72,19.94,19.65,19.86
2025-03-13,SYN_POOL_A05,19.77,19.97,19.71,19.9
2025-03-14,SYN_POOL_A05,19.81,19.99,19.77,19.94
2025-03-17,SYN_POOL_A05,19.86,20.02,19.83,19.97
2025-03-18,SYN_POOL_A05,19.91,20.05,19.88,20.01
2025-03-19,SYN_POOL_A05,19.96,20.08,19.94,20.05
2025-03-20,SYN_POOL_A05,20.01,20.11,20.0,20.09
2025-03-21,SYN_POOL_A05,20.06,20.14,20.06,20.12
2025-03-24,SYN_POOL_A05,20.1,20.16,20.1,20.16
2025-03-25,SYN_POOL_A05,20.15,20.21,20.13,20.2
2025-03-26,SYN_POOL_A05,20.2,20.25,20.17,20.24
2025-03-27,SYN_POOL_A05,20.25,20.3,20.21,20.27
2025-03-28,SYN_POOL_A05,20.3,20.35,20.25,20.31
2025-03-31,SYN_POOL_A05,20.35,20.39,20.29,20.35
2025-04-01,SYN_POOL_A05,20.4,20.45,20.32,20.39
2025-04-02,SYN_POOL_A05,20.45,20.51,20.35,20.43
2025-04-03,SYN_POOL_A05,20.5,20.57,20.38,20.46
2025-04-04,SYN_POOL_A05,20.55,20.63,20.41,20.5
2025-04-07,SYN_POOL_A05,20.6,20.69,20.44,20.54
2025-04-08,SYN_POOL_A05,20.65,20.75,20.46,20.58
2025-04-09,SYN_POOL_A05,20.7,20.81,20.49,20.62
2025-04-10,SYN_POOL_A05,20.75,20.87,20.52,20.65
2025-04-11,SYN_POOL_A05,20.8,20.93,20.57,20.69
2025-04-14,SYN_POOL_A05,20.85,20.98,20.62,20.73
2025-04-15,SYN_POOL_A05,20.57,20.89,20.47,20.77
2025-04-16,SYN_POOL_A05,20.62,20.92,20.52,20.81
2025-04-17,SYN_POOL_A05,20.67,20.77,20.23,20.31
2025-04-18,SYN_POOL_A05,20.19,20.44,20.11,20.35
2025-04-21,SYN_POOL_A05,20.24,20.47,20.17,20.39
2025-04-22,SYN_POOL_A05,20.29,20.5,20.23,20.43
2025-04-23,SYN_POOL_A05,20.34,20.53,20.29,20.46
2025-04-24,SYN_POOL_A05,20.39,20.55,20.35,20.5
2025-04-25,SYN_POOL_A05,20.43,20.58,20.4,20.54
2025-04-28,SYN_POOL_A05,20.48,20.61,20.46,20.58
2025-04-29,SYN_POOL_A05,20.53,20.64,20.52,20.62
2025-04-30,SYN_POOL_A05,20.58,20.67,20.58,20.65
2025-05-01,SYN_POOL_A05,20.63,20.7,20.62,20.69
2025-05-02,SYN_POOL_A05,20.68,20.73,20.66,20.73
2025-05-05,SYN_POOL_A05,20.73,20.78,20.7,20.77
2025-05-06,SYN_POOL_A05,20.78,20.83,20.74,20.81
2025-05-07,SYN_POOL_A05,20.83,20.88,20.78,20.85
2025-05-08,SYN_POOL_A05,20.88,20.93,20.82,20.88
2025-05-09,SYN_POOL_A05,20.93,20.98,20.86,20.92
2025-05-12,SYN_POOL_A05,20.98,21.04,20.89,20.96
2025-05-13,SYN_POOL_A05,21.03,21.1,20.91,21.0
2025-05-14,SYN_POOL_A05,21.08,21.16,20.94,21.04
2025-05-15,SYN_POOL_A05,21.13,21.22,20.97,21.08
2025-05-16,SYN_POOL_A05,21.18,21.28,21.0,21.11
2025-05-19,SYN_POOL_A05,21.23,21.34,21.03,21.15
2025-05-20,SYN_POOL_A05,21.28,21.41,21.06,21.19
2025-05-21,SYN_POOL_A05,21.33,21.47,21.1,21.23
2025-05-22,SYN_POOL_A05,21.38,21.52,21.15,21.27
2025-05-23,SYN_POOL_A05,21.44,21.56,21.2,21.31
2025-05-26,SYN_POOL_A05,21.15,21.46,21.05,21.35
2025-05-27,SYN_POOL_A05,21.2,21.31,20.75,20.84
2025-05-28,SYN_POOL_A05,20.71,20.97,20.63,20.88
2025-05-29,SYN_POOL_A05,20.76,21.0,20.69,20.91
2025-05-30,SYN_POOL_A05,20.81,21.03,20.75,20.95
2025-06-02,SYN_POOL_A05,20.86,21.06,20.81,20.99
2025-06-03,SYN_POOL_A05,20.91,21.09,20.87,21.03
2025-06-04,SYN_POOL_A05,20.96,21.11,20.93,21.07
2025-06-05,SYN_POOL_A05,21.01,21.14,20.99,21.11
2025-06-06,SYN_POOL_A05,21.06,21.17,21.05,21.15
2025-06-09,SYN_POOL_A05,21.11,21.2,21.11,21.18
2025-06-10,SYN_POOL_A05,21.16,21.23,21.15,21.22
2025-06-11,SYN_POOL_A05,21.21,21.26,21.19,21.26
2025-06-12,SYN_POOL_A05,21.26,21.31,21.23,21.3
2025-06-13,SYN_POOL_A05,21.31,21.36,21.28,21.34
2025-06-16,SYN_POOL_A05,21.36,21.41,21.32,21.38
2025-06-17,SYN_POOL_A05,21.41,21.46,21.36,21.42
2025-06-18,SYN_POOL_A05,21.46,21.51,21.39,21.46
2025-06-19,SYN_POOL_A05,21.51,21.58,21.42,21.49
2025-06-20,SYN_POOL_A05,21.56,21.64,21.45,21.53
2025-06-23,SYN_POOL_A05,21.62,21.7,21.48,21.57
2025-06-24,SYN_POOL_A05,21.67,21.76,21.51,21.61
2025-06-25,SYN_POOL_A05,21.72,21.82,21.53,21.65
2025-06-26,SYN_POOL_A05,21.77,21.88,21.56,21.69
2025-06-27,SYN_POOL_A05,21.82,21.94,21.59,21.73
2025-06-30,SYN_POOL_A05,21.87,22.01,21.63,21.77
2025-07-01,SYN_POOL_A05,21.92,22.06,21.68,21.81
2025-07-02,SYN_POOL_A05,21.97,22.11,21.73,21.85
2025-07-03,SYN_POOL_A05,21.69,22.01,21.58,21.89
2025-07-04,SYN_POOL_A05,21.74,21.85,21.27,21.36
2025-07-07,SYN_POOL_A05,21.23,21.5,21.14,21.4
2025-07-08,SYN_POOL_A05,21.28,21.53,21.2,21.44
2025-07-09,SYN_POOL_A05,21.33,21.56,21.27,21.48
2025-07-10,SYN_POOL_A05,21.38,21.59,21.33,21.52
2025-07-11,SYN_POOL_A05,21.43,21.62,21.39,21.56
2025-07-14,SYN_POOL_A05,21.48,21.65,21.45,21.6
2025-07-15,SYN_POOL_A05,21.53,21.68,21.51,21.64
2025-07-16,SYN_POOL_A05,21.58,21.7,21.57,21.67
2025-07-17,SYN_POOL_A05,21.63,21.73,21.63,21.71
2025-07-18,SYN_POOL_A05,21.69,21.76,21.68,21.75
2025-07-21,SYN_POOL_A05,21.74,21.79,21.72,21.79
2025-07-22,SYN_POOL_A05,21.79,21.84,21.76,21.83
2025-07-23,SYN_POOL_A05,21.84,21.89,21.81,21.87
2025-07-24,SYN_POOL_A05,21.89,21.94,21.85,21.91
2025-07-25,SYN_POOL_A05,21.94,21.99,21.89,21.95
2025-07-28,SYN_POOL_A05,21.99,22.05,21.92,21.99
2025-07-29,SYN_POOL_A05,22.05,22.11,21.95,22.03
2025-07-30,SYN_POOL_A05,22.1,22.17,21.98,22.07
2025-07-31,SYN_POOL_A05,22.15,22.23,22.01,22.11
2022-08-01,SYN_POOL_A06,14.79,14.87,14.73,14.79
2022-08-02,SYN_POOL_A06,14.7,14.88,14.65,14.82
2022-08-03,SYN_POOL_A06,14.74,14.89,14.7,14.84
2022-08-04,SYN_POOL_A06,14.77,14.91,14.74,14.86
2022-08-05,SYN_POOL_A06,14.81,14.92,14.79,14.89
2022-08-08,SYN_POOL_A06,14.85,14.93,14.84,14.91
2022-08-09,SYN_POOL_A06,14.88,14.95,14.88,14.94
2022-08-10,SYN_POOL_A06,14.92,14.96,14.91,14.96
2022-08-11,SYN_POOL_A06,14.96,15.0,14.93,14.99
2022-08-12,SYN_POOL_A06,14.99,15.03,14.96,15.01
2022-08-15,SYN_POOL_A06,15.03,15.07,14.98,15.03
2022-08-16,SYN_POOL_A06,15.07,15.11,15.0,15.06
2022-08-17,SYN_POOL_A06,15.1,15.16,15.01,15.08
2022-08-18,SYN_POOL_A06,15.14,15.21,15.03,15.11
2022-08-19,SYN_POOL_A06,15.18,15.25,15.04,15.13
2022-08-22,SYN_POOL_A06,15.22,15.3,15.05,15.15
2022-08-23,SYN_POOL_A06,15.25,15.35,15.07,15.18
2022-08-24,SYN_POOL_A06,15.29,15.4,15.08,15.2
2022-08-25,SYN_POOL_A06,15.33,15.45,15.09,15.23
2022-08-26,SYN_POOL_A06,15.36,15.5,15.11,15.25
2022-08-29,SYN_POOL_A06,15.4,15.54,15.13,15.28
2022-08-30,SYN_POOL_A06,15.44,15.59,15.16,15.3
2022-08-31,SYN_POOL_A06,15.48,15.62,15.2,15.32
2022-09-01,SYN_POOL_A06,15.15,15.48,15.03,15.35
2022-09-02,SYN_POOL_A06,15.18,15.3,14.67,14.77
2022-09-05,SYN_POOL_A06,14.62,14.9,14.53,14.79
2022-09-06,SYN_POOL_A06,14.66,14.92,14.58,14.82
2022-09-07,SYN_POOL_A06,14.7,14.93,14.63,14.84
2022-09-08,SYN_POOL_A06,14.73,14.94,14.67,14.87
2022-09-09,SYN_POOL_A06,14.77,14.96,14.72,14.89
2022-09-12,SYN_POOL_A06,14.81,14.97,14.77,14.91
2022-09-13,SYN_POOL_A06,14.84,14.98,14.81,14.94
2022-09-14,SYN_POOL_A06,14.88,15.0,14.86,14.96
2022-09-15,SYN_POOL_A06,14.92,15.01,14.91,14.99
2022-09-16,SYN_POOL_A06,14.95,15.02,14.95,15.01
2022-09-19,SYN_POOL_A06,14.99,15.04,14.98,15.04
2022-09-20,SYN_POOL_A06,15.03,15.07,15.01,15.06
2022-09-21,SYN_POOL_A06,15.07,15.1,15.03,15.08
2022-09-22,SYN_POOL_A06,15.1,15.14,15.06,15.11
2022-09-23,SYN_POOL_A06,15.14,15.18,15.08,15.13
2022-09-26,SYN_POOL_A06,15.18,15.23,15.09,15.16
2022-09-27,SYN_POOL_A06,15.21,15.28,15.1,15.18
2022-09-28,SYN_POOL_A06,15.25,15.32,15.12,15.21
2022-09-29,SYN_POOL_A06,15.29,15.37,15.13,15.23
2022-09-30,SYN_POOL_A06,15.33,15.42,15.14,15.25
2022-10-03,SYN_POOL_A06,15.36,15.47,15.16,15.28
2022-10-04,SYN_POOL_A06,15.4,15.52,15.17,15.3
2022-10-05,SYN_POOL_A06,15.44,15.57,15.18,15.33
2022-10-06,SYN_POOL_A06,15.48,15.62,15.2,15.35
2022-10-07,SYN_POOL_A06,15.51,15.66,15.23,15.38
2022-10-10,SYN_POOL_A06,15.55,15.7,15.27,15.4
2022-10-11,SYN_POOL_A06,15.22,15.56,15.1,15.42
2022-10-12,SYN_POOL_A06,15.26,15.57,15.15,15.45
2022-10-13,SYN_POOL_A06,15.29,15.41,14.77,14.87
2022-10-14,SYN_POOL_A06,14.73,14.99,14.65,14.89
2022-10-17,SYN_POOL_A06,14.77,15.01,14.69,14.92
2022-10-18,SYN_POOL_A06,14.8,15.02,14.74,14.94
2022-10-19,SYN_POOL_A06,14.84,15.03,14.79,14.96
2022-10-20,SYN_POOL_A06,14.88,15.05,14.83,14.99
2022-10-21,SYN_POOL_A06,14.91,15.06,14.88,15.01
2022-10-24,SYN_POOL_A06,14.95,15.07,14.93,15.04
2022-10-25,SYN_POOL_A06,14.99,15.09,14.98,15.06
2022-10-26,SYN_POOL_A06,15.03,15.1,15.02,15.09
2022-10-27,SYN_POOL_A06,15.06,15.12,15.05,15.11
2022-10-28,SYN_POOL_A06,15.1,15.14,15.08,15.13
2022-10-31,SYN_POOL_A06,15.14,15.18,15.11,15.16
2022-11-01,SYN_POOL_A06,15.17,15.21,15.13,15.18
2022-11-02,SYN_POOL_A06,15.21,15.25,15.15,15.21
2022-11-03,SYN_POOL_A06,15.25,15.3,15.17,15.23
2022-11-04,SYN_POOL_A06,15.29,15.35,15.18,15.26
2022-11-07,SYN_POOL_A06,15.32,15.4,15.2,15.28
2022-11-08,SYN_POOL_A06,15.36,15.44,15.21,15.31
2022-11-09,SYN_POOL_A06,15.4,15.49,15.22,15.33
2022-11-10,SYN_POOL_A06,15.44,15.54,15.24,15.35
2022-11-11,SYN_POOL_A06,15.47,15.59,15.25,15.38
2022-11-14,SYN_POOL_A06,15.51,15.64,15.26,15.4
2022-11-15,SYN_POOL_A06,15.55,15.69,15.28,15.43
2022-11-16,SYN_POOL_A06,15.59,15.74,15.31,15.45
2022-11-17,SYN_POOL_A06,15.63,15.78,15.34,15.48
2022-11-18,SYN_POOL_A06,15.29,15.64,15.17,15.5
2022-11-21,SYN_POOL_A06,15.33,15.65,15.22,15.53
2022-11-22,SYN_POOL_A06,15.37,15.48,14.84,14.94
2022-11-23,SYN_POOL_A06,14.8,15.07,14.71,14.97
2022-11-24,SYN_POOL_A06,14.84,15.08,14.76,14.99
2022-11-25,SYN_POOL_A06,14.87,15.1,14.81,15.01
2022-11-28,SYN_POOL_A06,14.91,15.11,14.86,15.04
2022-11-29,SYN_POOL_A06,14.95,15.12,14.9,15.06
2022-11-30,SYN_POOL_A06,14.99,15.14,14.95,15.09
2022-12-01,SYN_POOL_A06,15.02,15.15,15.0,15.11
2022-12-02,SYN_POOL_A06,15.06,15.16,15.05,15.14
2022-12-05,SYN_POOL_A06,15.1,15.18,15.09,15.16
2022-12-06,SYN_POOL_A06,15.13,15.19,15.13,15.18
2022-12-07,SYN_POOL_A06,15.17,15.21,15.15,15.21
2022-12-08,SYN_POOL_A06,15.21,15.25,15.18,15.23
2022-12-09,SYN_POOL_A06,15.25,15.28,15.21,15.26
2022-12-12,SYN_POOL_A06,15.28,15.32,15.23,15.28
2022-12-13,SYN_POOL_A06,15.32,15.37,15.25,15.31
2022-12-14,SYN_POOL_A06,15.36,15.42,15.26,15.33
2022-12-15,SYN_POOL_A06,15.4,15.47,15.27,15.36
2022-12-16,SYN_POOL_A06,15.43,15.51,15.29,15.38
2022-12-19,SYN_POOL_A06,15.47,15.56,15.3,15.41
2022-12-20,SYN_POOL_A06,15.51,15.61,15.31,15.43
2022-12-21,SYN_POOL_A06,15.55,15.66,15.33,15.45
2022-12-22,SYN_POOL_A06,15.59,15.71,15.34,15.48
2022-12-23,SYN_POOL_A06,15.62,15.76,15.35,15.5
2022-12-26,SYN_POOL_A06,15.66,15.81,15.38,15.53
2022-12-27,SYN_POOL_A06,15.7,15.85,15.41,15.55
2022-12-28,SYN_POOL_A06,15.74,15.88,15.45,15.58
2022-12-29,SYN_POOL_A06,15.4,15.73,15.29,15.6
2022-12-30,SYN_POOL_A06,15.44,15.56,14.91,15.01
2023-01-02,SYN_POOL_A06,14.87,15.14,14.78,15.04
2023-01-03,SYN_POOL_A06,14.91,15.16,14.83,15.06
2023-01-04,SYN_POOL_A06,14.94,15.17,14.88,15.09
2023-01-05,SYN_POOL_A06,14.98,15.19,14.92,15.11
2023-01-06,SYN_POOL_A06,15.02,15.2,14.97,15.14
2023-01-09,SYN_POOL_A06,15.06,15.21,15.02,15.16
2023-01-10,SYN_POOL_A06,15.09,15.23,15.07,15.19
2023-01-11,SYN_POOL_A06,15.13,15.24,15.12,15.21
2023-01-12,SYN_POOL_A06,15.17,15.26,15.16,15.23
2023-01-13,SYN_POOL_A06,15.21,15.27,15.2,15.26
2023-01-16,SYN_POOL_A06,15.24,15.29,15.23,15.28
2023-01-17,SYN_POOL_A06,15.28,15.32,15.25,15.31
2023-01-18,SYN_POOL_A06,15.32,15.36,15.28,15.33
2023-01-19,SYN_POOL_A06,15.36,15.39,15.31,15.36
2023-01-20,SYN_POOL_A06,15.39,15.44,15.32,15.38
2023-01-23,SYN_POOL_A06,15.43,15.49,15.34,15.41
2023-01-24,SYN_POOL_A06,15.47,15.54,15.35,15.43
2023-01-25,SYN_POOL_A06,15.51,15.59,15.36,15.46
2023-01-26,SYN_POOL_A06,15.55,15.63,15.38,15.48
2023-01-27,SYN_POOL_A06,15.58,15.68,15.39,15.51
2023-01-30,SYN_POOL_A06,15.62,15.73,15.4,15.53
2023-01-31,SYN_POOL_A06,15.66,15.78,15.42,15.55
2023-02-01,SYN_POOL_A06,15.7,15.83,15.43,15.58
2023-02-02,SYN_POOL_A06,15.74,15.88,15.45,15.6
2023-02-03,SYN_POOL_A06,15.77,15.93,15.49,15.63
2023-02-06,SYN_POOL_A06,15.81,15.96,15.52,15.65
2023-02-07,SYN_POOL_A06,15.47,15.81,15.36,15.68
2023-02-08,SYN_POOL_A06,15.51,15.63,14.98,15.09
2023-02-09,SYN_POOL_A06,14.94,15.22,14.85,15.11
2023-02-10,SYN_POOL_A06,14.98,15.23,14.9,15.14
2023-02-13,SYN_POOL_A06,15.02,15.25,14.94,15.16
2023-02-14,SYN_POOL_A06,15.05,15.26,14.99,15.19
2023-02-15,SYN_POOL_A06,15.09,15.28,15.04,15.21
2023-02-16,SYN_POOL_A06,15.13,15.29,15.09,15.24
2023-02-17,SYN_POOL_A06,15.16,15.3,15.14,15.26
2023-02-20,SYN_POOL_A06,15.2,15.32,15.18,15.28
2023-02-21,SYN_POOL_A06,15.24,15.33,15.23,15.31
2023-02-22,SYN_POOL_A06,15.28,15.35,15.27,15.33
2023-02-23,SYN_POOL_A06,15.32,15.36,15.3,15.36
2023-02-24,SYN_POOL_A06,15.35,15.39,15.33,15.38
2023-02-27,SYN_POOL_A06,15.39,15.43,15.35,15.41
2023-02-28,SYN_POOL_A06,15.43,15.46,15.38,15.43
2023-03-01,SYN_POOL_A06,15.47,15.51,15.4,15.46
2023-03-02,SYN_POOL_A06,15.5,15.56,15.41,15.48
2023-03-03,SYN_POOL_A06,15.54,15.61,15.43,15.51
2023-03-06,SYN_POOL_A06,15.58,15.66,15.44,15.53
2023-03-07,SYN_POOL_A06,15.62,15.71,15.45,15.56
2023-03-08,SYN_POOL_A06,15.66,15.76,15.47,15.58
2023-03-09,SYN_POOL_A06,15.69,15.8,15.48,15.61
2023-03-10,SYN_POOL_A06,15.73,15.85,15.49,15.63
2023-03-13,SYN_POOL_A06,15.77,15.9,15.51,15.66
2023-03-14,SYN_POOL_A06,15.81,15.95,15.53,15.68
2023-03-15,SYN_POOL_A06,15.85,16.0,15.56,15.71
2023-03-16,SYN_POOL_A06,15.89,16.04,15.6,15.73
2023-03-17,SYN_POOL_A06,15.55,15.89,15.43,15.75
2023-03-20,SYN_POOL_A06,15.59,15.71,15.05,15.16
2023-03-21,SYN_POOL_A06,15.01,15.3,14.92,15.19
2023-03-22,SYN_POOL_A06,15.05,15.31,14.96,15.21
2023-03-23,SYN_POOL_A06,15.09,15.32,15.01,15.23
2023-03-24,SYN_POOL_A06,15.12,15.34,15.06,15.26
2023-03-27,SYN_POOL_A06,15.16,15.35,15.11,15.28
2023-03-28,SYN_POOL_A06,15.2,15.37,15.16,15.31
2023-03-29,SYN_POOL_A06,15.24,15.38,15.2,15.33
2023-03-30,SYN_POOL_A06,15.27,15.39,15.25,15.36
2023-03-31,SYN_POOL_A06,15.31,15.41,15.3,15.38
2023-04-03,SYN_POOL_A06,15.35,15.42,15.35,15.41
2023-04-04,SYN_POOL_A06,15.39,15.44,15.37,15.43
2023-04-05,SYN_POOL_A06,15.42,15.47,15.4,15.46
2023-04-06,SYN_POOL_A06,15.46,15.5,15.43,15.48
2023-04-07,SYN_POOL_A06,15.5,15.54,15.46,15.51
2023-04-10,SYN_POOL_A06,15.54,15.58,15.48,15.53
2023-04-11,SYN_POOL_A06,15.58,15.63,15.49,15.56
2023-04-12,SYN_POOL_A06,15.61,15.68,15.5,15.58
2023-04-13,SYN_POOL_A06,15.65,15.73,15.52,15.61
2023-04-14,SYN_POOL_A06,15.69,15.78,15.53,15.63
2023-04-17,SYN_POOL_A06,15.73,15.83,15.54,15.66
2023-04-18,SYN_POOL_A06,15.77,15.88,15.56,15.68
2023-04-19,SYN_POOL_A06,15.81,15.93,15.57,15.71
2023-04-20,SYN_POOL_A06,15.84,15.98,15.59,15.73
2023-04-21,SYN_POOL_A06,15.88,16.03,15.6,15.76
2023-04-24,SYN_POOL_A06,15.92,16.08,15.63,15.78
2023-04-25,SYN_POOL_A06,15.96,16.11,15.67,15.81
2023-04-26,SYN_POOL_A06,15.62,15.97,15.5,15.83
2023-04-27,SYN_POOL_A06,15.66,15.99,15.55,15.86
2023-04-28,SYN_POOL_A06,15.7,15.81,15.16,15.26
2023-05-01,SYN_POOL_A06,15.12,15.39,15.03,15.28
2023-05-02,SYN_POOL_A06,15.16,15.4,15.08,15.31
2023-05-03,SYN_POOL_A06,15.19,15.41,15.13,15.33
2023-05-04,SYN_POOL_A06,15.23,15.43,15.18,15.36
2023-05-05,SYN_POOL_A06,15.27,15.44,15.22,15.38
2023-05-08,SYN_POOL_A06,15.31,15.46,15.27,15.41
2023-05-09,SYN_POOL_A06,15.34,15.47,15.32,15.43
2023-05-10,SYN_POOL_A06,15.38,15.49,15.37,15.46
2023-05-11,SYN_POOL_A06,15.42,15.5,15.42,15.48
2023-05-12,SYN_POOL_A06,15.46,15.51,15.45,15.51
2023-05-15,SYN_POOL_A06,15.5,15.54,15.48,15.53
2023-05-16,SYN_POOL_A06,15.53,15.57,15.5,15.56
2023-05-17,SYN_POOL_A06,15.57,15.61,15.53,15.58
2023-05-18,SYN_POOL_A06,15.61,15.65,15.55,15.61
2023-05-19,SYN_POOL_A06,15.65,15.7,15.57,15.63
2023-05-22,SYN_POOL_A06,15.69,15.75,15.58,15.66
2023-05-23,SYN_POOL_A06,15.73,15.8,15.59,15.68
2023-05-24,SYN_POOL_A06,15.76,15.85,15.61,15.71
2023-05-25,SYN_POOL_A06,15.8,15.9,15.62,15.73
2023-05-26,SYN_POOL_A06,15.84,15.95,15.64,15.76
2023-05-29,SYN_POOL_A06,15.88,16.0,15.65,15.78
2023-05-30,SYN_POOL_A06,15.92,16.05,15.66,15.81
2023-05-31,SYN_POOL_A06,15.96,16.1,15.68,15.83
2023-06-01,SYN_POOL_A06,16.0,16.15,15.71,15.86
2023-06-02,SYN_POOL_A06,16.03,16.19,15.74,15.88
2023-06-05,SYN_POOL_A06,15.69,16.05,15.57,15.91
2023-06-06,SYN_POOL_A06,15.73,16.06,15.61,15.93
2023-06-07,SYN_POOL_A06,15.77,15.89,15.23,15.33
2023-06-08,SYN_POOL_A06,15.19,15.46,15.1,15.36
2023-06-09,SYN_POOL_A06,15.23,15.48,15.15,15.38
2023-06-12,SYN_POOL_A06,15.26,15.49,15.19,15.41
2023-06-13,SYN_POOL_A06,15.3,15.51,15.24,15.43
2023-06-14,SYN_POOL_A06,15.34,15.52,15.29,15.46
2023-06-15,SYN_POOL_A06,15.38,15.53,15.34,15.48
2023-06-16,SYN_POOL_A06,15.42,15.55,15.39,15.51
2023-06-19,SYN_POOL_A06,15.45,15.56,15.44,15.53
2023-06-20,SYN_POOL_A06,15.49,15.58,15.49,15.56
2023-06-21,SYN_POOL_A06,15.53,15.59,15.52,15.58
2023-06-22,SYN_POOL_A06,15.57,15.61,15.55,15.61
2023-06-23,SYN_POOL_A06,15.61,15.65,15.58,15.63
2023-06-26,SYN_POOL_A06,15.64,15.68,15.6,15.66
2023-06-27,SYN_POOL_A06,15.68,15.72,15.63,15.68
2023-06-28,SYN_POOL_A06,15.72,15.77,15.64,15.71
2023-06-29,SYN_POOL_A06,15.76,15.82,15.66,15.73
2023-06-30,SYN_POOL_A06,15.8,15.87,15.67,15.76
2023-07-03,SYN_POOL_A06,15.84,15.92,15.69,15.78
2023-07-04,SYN_POOL_A06,15.88,15.97,15.7,15.81
2023-07-05,SYN_POOL_A06,15.91,16.02,15.71,15.83
2023-07-06,SYN_POOL_A06,15.95,16.07,15.73,15.86
2023-07-07,SYN_POOL_A06,15.99,16.12,15.74,15.88
2023-07-10,SYN_POOL_A06,16.03,16.17,15.75,15.91
2023-07-11,SYN_POOL_A06,16.07,16.22,15.78,15.93
2023-07-12,SYN_POOL_A06,16.11,16.27,15.82,15.96
2023-07-13,SYN_POOL_A06,16.15,16.3,15.85,15.98
2023-07-14,SYN_POOL_A06,15.8,16.14,15.68,16.01
2023-07-17,SYN_POOL_A06,15.84,15.96,15.3,15.41
2023-07-18,SYN_POOL_A06,15.26,15.54,15.16,15.43
2023-07-19,SYN_POOL_A06,15.3,15.55,15.21,15.46
2023-07-20,SYN_POOL_A06,15.33,15.57,15.26,15.48
2023-07-21,SYN_POOL_A06,15.37,15.58,15.31,15.51
2023-07-24,SYN_POOL_A06,15.41,15.6,15.36,15.53
2023-07-25,SYN_POOL_A06,15.45,15.61,15.41,15.56
2023-07-26,SYN_POOL_A06,15.49,15.62,15.46,15.58
2023-07-27,SYN_POOL_A06,15.52,15.64,15.51,15.61
2023-07-28,SYN_POOL_A06,15.56,15.65,15.56,15.63
2023-07-31,SYN_POOL_A06,15.6,15.67,15.6,15.66
2023-08-01,SYN_POOL_A06,15.64,15.68,15.62,15.68
2023-08-02,SYN_POOL_A06,15.68,15.72,15.65,15.71
2023-08-03,SYN_POOL_A06,15.72,15.75,15.68,15.73
2023-08-04,SYN_POOL_A06,15.75,15.79,15.71,15.76
2023-08-07,SYN_POOL_A06,15.79,15.84,15.72,15.78
2023-08-08,SYN_POOL_A06,15.83,15.89,15.74,15.81
2023-08-09,SYN_POOL_A06,15.87,15.94,15.75,15.83
2023-08-10,SYN_POOL_A06,15.91,15.99,15.76,15.86
2023-08-11,SYN_POOL_A06,15.95,16.04,15.78,15.88
2023-08-14,SYN_POOL_A06,15.99,16.09,15.79,15.91
2023-08-15,SYN_POOL_A06,16.03,16.14,15.8,15.93
2023-08-16,SYN_POOL_A06,16.06,16.19,15.82,15.96
2023-08-17,SYN_POOL_A06,16.1,16.24,15.83,15.98
2023-08-18,SYN_POOL_A06,16.14,16.29,15.85,16.01
2023-08-21,SYN_POOL_A06,16.18,16.34,15.89,16.03
2023-08-22,SYN_POOL_A06,16.22,16.37,15.93,16.06
2023-08-23,SYN_POOL_A06,15.88,16.22,15.75,16.08
2023-08-24,SYN_POOL_A06,15.91,16.04,15.37,15.48
2023-08-25,SYN_POOL_A06,15.33,15.62,15.23,15.5
2023-08-28,SYN_POOL_A06,15.37,15.63,15.28,15.53
2023-08-29,SYN_POOL_A06,15.4,15.64,15.33,15.55
2023-08-30,SYN_POOL_A06,15.44,15.66,15.38,15.58
2023-08-31,SYN_POOL_A06,15.48,15.67,15.43,15.6
2023-09-01,SYN_POOL_A06,15.52,15.69,15.48,15.63
2023-09-04,SYN_POOL_A06,15.56,15.7,15.53,15.65
2023-09-05,SYN_POOL_A06,15.6,15.72,15.58,15.68
2023-09-06,SYN_POOL_A06,15.63,15.73,15.62,15.71
2023-09-07,SYN_POOL_A06,15.67,15.74,15.67,15.73
2023-09-08,SYN_POOL_A06,15.71,15.76,15.7,15.76
2023-09-11,SYN_POOL_A06,15.75,15.79,15.72,15.78
2023-09-12,SYN_POOL_A06,15.79,15.83,15.75,15.81
2023-09-13,SYN_POOL_A06,15.83,15.86,15.78,15.83
2023-09-14,SYN_POOL_A06,15.87,15.91,15.8,15.86
2023-09-15,SYN_POOL_A06,15.9,15.96,15.81,15.88
2023-09-18,SYN_POOL_A06,15.94,16.01,15.83,15.91
2023-09-19,SYN_POOL_A06,15.98,16.06,15.84,15.93
2023-09-20,SYN_POOL_A06,16.02,16.11,15.85,15.96
2023-09-21,SYN_POOL_A06,16.06,16.16,15.87,15.98
2023-09-22,SYN_POOL_A06,16.1,16.21,15.88,16.01
2023-09-25,SYN_POOL_A06,16.14,16.26,15.9,16.03
2023-09-26,SYN_POOL_A06,16.18,16.31,15.91,16.06
2023-09-27,SYN_POOL_A06,16.22,16.36,15.93,16.08
2023-09-28,SYN_POOL_A06,16.26,16.42,15.96,16.11
2023-09-29,SYN_POOL_A06,16.3,16.45,16.0,16.14
2023-10-02,SYN_POOL_A06,15.95,16.3,15.82,16.16
2023-10-03,SYN_POOL_A06,15.99,16.11,15.44,15.55
2023-10-04,SYN_POOL_A06,15.4,15.69,15.3,15.58
2023-10-05,SYN_POOL_A06,15.44,15.71,15.35,15.6
2023-10-06,SYN_POOL_A06,15.47,15.72,15.4,15.63
2023-10-09,SYN_POOL_A06,15.51,15.73,15.45,15.65
2023-10-10,SYN_POOL_A06,15.55,15.75,15.5,15.68
2023-10-11,SYN_POOL_A06,15.59,15.76,15.54,15.7
2023-10-12,SYN_POOL_A06,15.63,15.78,15.59,15.73
2023-10-13,SYN_POOL_A06,15.67,15.79,15.64,15.75
2023-10-16,SYN_POOL_A06,15.7,15.81,15.69,15.78
2023-10-17,SYN_POOL_A06,15.74,15.82,15.74,15.8
2023-10-18,SYN_POOL_A06,15.78,15.83,15.77,15.83
2023-10-19,SYN_POOL_A06,15.82,15.86,15.8,15.86
2023-10-20,SYN_POOL_A06,15.86,15.9,15.83,15.88
2023-10-23,SYN_POOL_A06,15.9,15.94,15.85,15.91
2023-10-24,SYN_POOL_A06,15.94,15.98,15.88,15.93
2023-10-25,SYN_POOL_A06,15.98,16.03,15.89,15.96
2023-10-26,SYN_POOL_A06,16.02,16.08,15.9,15.98
2023-10-27,SYN_POOL_A06,16.05,16.13,15.92,16.01
2023-10-30,SYN_POOL_A06,16.09,16.18,15.93,16.03
2023-10-31,SYN_POOL_A06,16.13,16.23,15.94,16.06
2023-11-01,SYN_POOL_A06,16.17,16.28,15.96,16.08
2023-11-02,SYN_POOL_A06,16.21,16.33,15.97,16.11
2023-11-03,SYN_POOL_A06,16.25,16.39,15.99,16.14
2023-11-06,SYN_POOL_A06,16.29,16.44,16.0,16.16
2023-11-07,SYN_POOL_A06,16.33,16.49,16.03,16.19
2023-11-08,SYN_POOL_A06,16.37,16.53,16.07,16.21
2023-11-09,SYN_POOL_A06,16.02,16.38,15.89,16.24
2023-11-10,SYN_POOL_A06,16.06,16.4,15.94,16.26
2023-11-13,SYN_POOL_A06,16.1,16.22,15.55,15.65
2023-11-14,SYN_POOL_A06,15.5,15.78,15.41,15.68
2023-11-15,SYN_POOL_A06,15.54,15.8,15.46,15.7
2023-11-16,SYN_POOL_A06,15.58,15.81,15.51,15.73
2023-11-17,SYN_POOL_A06,15.62,15.83,15.56,15.75
2023-11-20,SYN_POOL_A06,15.66,15.84,15.61,15.78
2023-11-21,SYN_POOL_A06,15.7,15.85,15.66,15.8
2023-11-22,SYN_POOL_A06,15.74,15.87,15.71,15.83
2023-11-23,SYN_POOL_A06,15.78,15.88,15.76,15.85
2023-11-24,SYN_POOL_A06,15.81,15.9,15.81,15.88
2023-11-27,SYN_POOL_A06,15.85,15.91,15.84,15.9
2023-11-28,SYN_POOL_A06,15.89,15.94,15.87,15.93
2023-11-29,SYN_POOL_A06,15.93,15.97,15.9,15.96
2023-11-30,SYN_POOL_A06,15.97,16.01,15.93,15.98
2023-12-01,SYN_POOL_A06,16.01,16.05,15.95,16.01
2023-12-04,SYN_POOL_A06,16.05,16.1,15.97,16.03
2023-12-05,SYN_POOL_A06,16.09,16.15,15.98,16.06
2023-12-06,SYN_POOL_A06,16.13,16.2,15.99,16.08
2023-12-07,SYN_POOL_A06,16.17,16.38,16.07,16.29
2023-12-08,SYN_POOL_A06,16.39,16.7,16.27,16.6
2023-12-11,SYN_POOL_A06,16.71,17.02,16.58,16.9
2023-12-12,SYN_POOL_A06,17.03,17.34,16.89,17.21
2023-12-13,SYN_POOL_A06,17.36,17.66,17.2,17.52
2023-12-14,SYN_POOL_A06,17.69,17.99,17.51,17.83
2023-12-15,SYN_POOL_A06,18.01,18.31,17.84,18.14
2023-12-18,SYN_POOL_A06,18.34,18.63,18.18,18.45
2023-12-19,SYN_POOL_A06,18.67,18.93,18.52,18.76
2023-12-20,SYN_POOL_A06,18.55,19.23,18.42,19.08
2023-12-21,SYN_POOL_A06,18.88,19.02,18.5,18.63
2023-12-22,SYN_POOL_A06,18.45,19.06,18.34,18.93
2023-12-25,SYN_POOL_A06,18.77,19.35,18.67,19.24
2023-12-26,SYN_POOL_A06,19.09,19.65,19.0,19.54
2023-12-27,SYN_POOL_A06,19.4,19.94,19.33,19.85
2023-12-28,SYN_POOL_A06,19.72,20.23,19.66,20.15
2023-12-29,SYN_POOL_A06,20.05,20.53,20.0,20.46
2024-01-01,SYN_POOL_A06,20.37,20.82,20.33,20.77
2024-01-02,SYN_POOL_A06,20.69,21.12,20.67,21.07
2024-01-03,SYN_POOL_A06,21.02,21.41,21.01,21.38
2024-01-04,SYN_POOL_A06,21.34,21.71,21.34,21.69
2024-01-05,SYN_POOL_A06,21.67,22.01,21.65,22.0
2024-01-08,SYN_POOL_A06,22.0,22.34,21.96,22.32
2024-01-09,SYN_POOL_A06,22.33,22.66,22.28,22.63
2024-01-10,SYN_POOL_A06,22.66,22.99,22.59,22.94
2024-01-11,SYN_POOL_A06,23.0,23.33,22.91,23.26
2024-01-12,SYN_POOL_A06,23.33,23.66,23.22,23.57
2024-01-15,SYN_POOL_A06,23.67,23.99,23.54,23.89
2024-01-16,SYN_POOL_A06,24.01,24.33,23.86,24.2
2024-01-17,SYN_POOL_A06,24.34,24.66,24.18,24.52
2024-01-18,SYN_POOL_A06,24.68,25.0,24.5,24.84
2024-01-19,SYN_POOL_A06,25.03,25.34,24.82,25.16
2024-01-22,SYN_POOL_A06,25.37,25.68,25.14,25.48
2024-01-23,SYN_POOL_A06,25.71,26.02,25.46,25.8
2024-01-24,SYN_POOL_A06,26.06,26.36,25.81,26.12
2024-01-25,SYN_POOL_A06,26.4,26.7,26.17,26.44
2024-01-26,SYN_POOL_A06,26.75,27.01,26.53,26.76
2024-01-29,SYN_POOL_A06,26.46,27.32,26.26,27.09
2024-01-30,SYN_POOL_A06,26.8,27.01,26.16,26.34
2024-01-31,SYN_POOL_A06,26.08,26.84,25.92,26.65
2024-02-01,SYN_POOL_A06,26.42,27.14,26.27,26.97
2024-02-02,SYN_POOL_A06,26.75,27.44,26.63,27.28
2024-02-05,SYN_POOL_A06,27.09,27.73,26.98,27.6
2024-02-06,SYN_POOL_A06,27.43,28.03,27.34,27.92
2024-02-07,SYN_POOL_A06,27.76,28.33,27.69,28.23
2024-02-08,SYN_POOL_A06,28.1,28.63,28.05,28.55
2024-02-09,SYN_POOL_A06,28.45,28.93,28.41,28.87
2024-02-12,SYN_POOL_A06,28.79,29.23,28.78,29.19
2024-02-13,SYN_POOL_A06,29.13,29.53,29.13,29.51
2024-02-14,SYN_POOL_A06,29.48,29.84,29.45,29.84
2024-02-15,SYN_POOL_A06,29.83,30.18,29.78,30.16
2024-02-16,SYN_POOL_A06,30.17,30.53,30.1,30.48
2024-02-19,SYN_POOL_A06,30.52,30.87,30.43,30.81
2024-02-20,SYN_POOL_A06,30.88,31.22,30.76,31.13
2024-02-21,SYN_POOL_A06,31.23,31.57,31.09,31.46
2024-02-22,SYN_POOL_A06,31.58,31.92,31.42,31.78
2024-02-23,SYN_POOL_A06,31.94,32.27,31.75,32.11
2024-02-26,SYN_POOL_A06,32.29,32.62,32.08,32.44
2024-02-27,SYN_POOL_A06,32.65,32.98,32.41,32.77
2024-02-28,SYN_POOL_A06,33.01,33.33,32.74,33.1
2024-02-29,SYN_POOL_A06,33.37,33.69,33.08,33.43
2024-03-01,SYN_POOL_A06,33.73,34.05,33.41,33.76
2024-03-04,SYN_POOL_A06,34.1,34.41,33.76,34.09
2024-03-05,SYN_POOL_A06,34.46,34.8,34.11,34.43
2024-03-06,SYN_POOL_A06,34.83,35.15,34.47,34.76
2024-03-07,SYN_POOL_A06,34.36,35.4,34.1,35.09
2024-03-08,SYN_POOL_A06,34.72,35.0,33.8,34.04
2024-03-11,SYN_POOL_A06,33.71,34.61,33.5,34.37
2024-03-12,SYN_POOL_A06,34.06,34.92,33.87,34.69
2024-03-13,SYN_POOL_A06,34.41,35.22,34.24,35.02
2024-03-14,SYN_POOL_A06,34.76,35.53,34.62,35.35
2024-03-15,SYN_POOL_A06,35.12,35.83,35.0,35.67
2024-03-18,SYN_POOL_A06,35.48,36.14,35.38,36.0
2024-03-19,SYN_POOL_A06,35.83,36.44,35.76,36.33
2024-03-20,SYN_POOL_A06,36.19,36.75,36.15,36.66
2024-03-21,SYN_POOL_A06,36.55,37.05,36.53,37.0
2024-03-22,SYN_POOL_A06,36.91,37.36,36.91,37.33
2024-03-25,SYN_POOL_A06,37.28,37.67,37.25,37.66
2024-03-26,SYN_POOL_A06,37.64,37.81,37.58,37.79
2024-03-27,SYN_POOL_A06,37.8,37.85,37.45,37.54
2024-03-28,SYN_POOL_A06,37.58,37.66,37.17,37.28
2024-03-29,SYN_POOL_A06,37.36,37.46,36.89,37.03
2024-04-01,SYN_POOL_A06,37.14,37.26,36.61,36.77
2024-04-02,SYN_POOL_A06,36.91,37.07,36.33,36.52
2024-04-03,SYN_POOL_A06,36.69,36.87,36.05,36.26
2024-04-04,SYN_POOL_A06,36.46,36.66,35.77,36.0
2024-04-05,SYN_POOL_A06,36.23,36.46,35.49,35.75
2024-04-08,SYN_POOL_A06,36.0,36.25,35.21,35.49
2024-04-09,SYN_POOL_A06,35.77,36.05,34.92,35.23
2024-04-10,SYN_POOL_A06,35.54,35.84,34.64,34.97
2024-04-11,SYN_POOL_A06,35.31,35.63,34.36,34.7
2024-04-12,SYN_POOL_A06,35.07,35.41,34.12,34.44
2024-04-15,SYN_POOL_A06,34.83,35.17,33.89,34.18
2024-04-16,SYN_POOL_A06,33.78,34.21,33.51,33.91
2024-04-17,SYN_POOL_A06,33.54,33.92,33.31,33.65
2024-04-18,SYN_POOL_A06,33.31,33.56,31.87,32.07
2024-04-19,SYN_POOL_A06,31.78,32.03,31.6,31.82
2024-04-22,SYN_POOL_A06,31.55,31.75,31.4,31.56
2024-04-23,SYN_POOL_A06,31.33,31.49,31.17,31.31
2024-04-24,SYN_POOL_A06,31.1,31.24,30.94,31.05
2024-04-25,SYN_POOL_A06,30.87,30.99,30.7,30.79
2024-04-26,SYN_POOL_A06,30.64,30.73,30.47,30.53
2024-04-29,SYN_POOL_A06,30.41,30.48,30.23,30.27
2024-04-30,SYN_POOL_A06,30.17,30.23,29.99,30.01
2024-05-01,SYN_POOL_A06,29.94,29.97,29.75,29.75
2024-05-02,SYN_POOL_A06,29.7,29.71,29.47,29.49
2024-05-03,SYN_POOL_A06,29.47,29.48,29.18,29.22
2024-05-06,SYN_POOL_A06,29.23,29.26,28.9,28.96
2024-05-07,SYN_POOL_A06,28.99,29.04,28.61,28.69
2024-05-08,SYN_POOL_A06,28.75,28.82,28.33,28.43
2024-05-09,SYN_POOL_A06,28.5,28.6,28.04,28.16
2024-05-10,SYN_POOL_A06,28.26,28.37,27.75,27.89
2024-05-13,SYN_POOL_A06,28.01,28.15,27.47,27.62
2024-05-14,SYN_POOL_A06,27.77,27.92,27.18,27.35
2024-05-15,SYN_POOL_A06,27.52,27.69,26.89,27.08
2024-05-16,SYN_POOL_A06,27.27,27.46,26.6,26.81
2024-05-17,SYN_POOL_A06,27.02,27.22,26.31,26.54
2024-05-20,SYN_POOL_A06,26.77,26.99,26.02,26.26
2024-05-21,SYN_POOL_A06,26.52,26.75,25.73,25.99
2024-05-22,SYN_POOL_A06,26.26,26.51,25.47,25.72
2024-05-23,SYN_POOL_A06,26.01,26.26,25.22,25.44
2024-05-24,SYN_POOL_A06,25.14,25.39,24.94,25.16
2024-05-27,SYN_POOL_A06,24.89,25.09,24.7,24.89
2024-05-28,SYN_POOL_A06,24.63,24.82,23.49,23.64
2024-05-29,SYN_POOL_A06,23.42,23.58,23.24,23.38
2024-05-30,SYN_POOL_A06,23.18,23.32,22.99,23.11
2024-05-31,SYN_POOL_A06,22.93,23.06,22.74,22.84
2024-06-03,SYN_POOL_A06,22.69,22.79,22.49,22.57
2024-06-04,SYN_POOL_A06,22.44,22.53,22.23,22.3
2024-06-05,SYN_POOL_A06,22.19,22.26,21.98,22.03
2024-06-06,SYN_POOL_A06,21.94,21.99,21.72,21.76
2024-06-07,SYN_POOL_A06,21.68,21.72,21.46,21.48
2024-06-10,SYN_POOL_A06,21.43,21.45,21.21,21.21
2024-06-11,SYN_POOL_A06,21.17,21.18,20.92,20.93
2024-06-12,SYN_POOL_A06,20.92,20.92,20.63,20.66
2024-06-13,SYN_POOL_A06,20.66,20.68,20.34,20.38
2024-06-14,SYN_POOL_A06,20.4,20.43,20.05,20.11
2024-06-17,SYN_POOL_A06,20.14,20.19,19.76,19.83
2024-06-18,SYN_POOL_A06,19.88,19.94,19.47,19.55
2024-06-19,SYN_POOL_A06,19.61,19.69,19.18,19.27
2024-06-20,SYN_POOL_A06,19.35,19.44,18.88,18.99
2024-06-21,SYN_POOL_A06,19.08,19.18,18.59,18.71
2024-06-24,SYN_POOL_A06,18.82,18.93,18.3,18.42
2024-06-25,SYN_POOL_A06,18.55,18.67,18.0,18.14
2024-06-26,SYN_POOL_A06,18.28,18.41,17.71,17.85
2024-06-27,SYN_POOL_A06,18.01,18.15,17.41,17.57
2024-06-28,SYN_POOL_A06,17.73,17.89,17.11,17.28
2024-07-01,SYN_POOL_A06,17.46,17.63,16.83,17.0
2024-07-02,SYN_POOL_A06,17.18,17.35,16.56,16.71
2024-07-03,SYN_POOL_A06,16.91,17.06,16.29,16.42
2024-07-04,SYN_POOL_A06,16.24,16.37,16.01,16.13
2024-07-05,SYN_POOL_A06,15.96,16.09,15.12,15.22
2024-07-08,SYN_POOL_A06,15.07,15.18,14.85,14.94
2024-07-09,SYN_POOL_A06,14.81,14.9,14.58,14.66
2024-07-10,SYN_POOL_A06,14.55,14.63,14.31,14.38
2024-07-11,SYN_POOL_A06,14.28,14.35,14.04,14.1
2024-07-12,SYN_POOL_A06,14.01,14.07,13.79,13.83
2024-07-15,SYN_POOL_A06,13.76,13.89,13.72,13.84
2024-07-16,SYN_POOL_A06,13.78,13.89,13.76,13.86
2024-07-17,SYN_POOL_A06,13.81,13.9,13.79,13.87
2024-07-18,SYN_POOL_A06,13.83,13.9,13.83,13.88
2024-07-19,SYN_POOL_A06,13.85,13.9,13.85,13.89
2024-07-22,SYN_POOL_A06,13.88,13.91,13.86,13.91
2024-07-23,SYN_POOL_A06,13.9,13.93,13.88,13.92
2024-07-24,SYN_POOL_A06,13.93,13.95,13.89,13.93
2024-07-25,SYN_POOL_A06,13.95,13.98,13.9,13.94
2024-07-26,SYN_POOL_A06,13.98,14.02,13.9,13.96
2024-07-29,SYN_POOL_A06,14.0,14.05,13.9,13.97
2024-07-30,SYN_POOL_A06,14.02,14.09,13.91,13.98
2024-07-31,SYN_POOL_A06,14.05,14.12,13.91,13.99
2024-08-01,SYN_POOL_A06,14.07,14.16,13.91,14.0
2024-08-02,SYN_POOL_A06,14.1,14.19,13.91,14.02
2024-08-05,SYN_POOL_A06,14.12,14.22,13.91,14.03
2024-08-06,SYN_POOL_A06,14.15,14.26,13.92,14.04
2024-08-07,SYN_POOL_A06,14.17,14.29,13.92,14.05
2024-08-08,SYN_POOL_A06,14.2,14.33,13.93,14.07
2024-08-09,SYN_POOL_A06,14.22,14.36,13.95,14.08
2024-08-12,SYN_POOL_A06,14.24,14.38,13.97,14.09
2024-08-13,SYN_POOL_A06,13.93,14.22,13.82,14.1
2024-08-14,SYN_POOL_A06,13.95,14.06,13.47,13.56
2024-08-15,SYN_POOL_A06,13.43,13.67,13.35,13.57
2024-08-16,SYN_POOL_A06,13.45,13.67,13.38,13.59
2024-08-19,SYN_POOL_A06,13.48,13.68,13.41,13.6
2024-08-20,SYN_POOL_A06,13.5,13.68,13.45,13.61
2024-08-21,SYN_POOL_A06,13.53,13.68,13.48,13.62
2024-08-22,SYN_POOL_A06,13.55,13.68,13.51,13.64
2024-08-23,SYN_POOL_A06,13.57,13.69,13.55,13.65
2024-08-26,SYN_POOL_A06,13.6,13.69,13.58,13.66
2024-08-27,SYN_POOL_A06,13.62,13.69,13.61,13.67
2024-08-28,SYN_POOL_A06,13.65,13.7,13.64,13.69
2024-08-29,SYN_POOL_A06,13.67,13.7,13.66,13.7
2024-08-30,SYN_POOL_A06,13.69,13.72,13.67,13.71
2024-09-02,SYN_POOL_A06,13.72,13.74,13.68,13.72
2024-09-03,SYN_POOL_A06,13.74,13.77,13.69,13.73
2024-09-04,SYN_POOL_A06,13.76,13.8,13.69,13.75
2024-09-05,SYN_POOL_A06,13.79,13.84,13.7,13.76
2024-09-06,SYN_POOL_A06,13.81,13.87,13.7,13.77
2024-09-09,SYN_POOL_A06,13.84,13.9,13.7,13.78
2024-09-10,SYN_POOL_A06,13.86,13.94,13.7,13.79
2024-09-11,SYN_POOL_A06,13.88,13.97,13.71,13.81
2024-09-12,SYN_POOL_A06,13.91,14.01,13.71,13.82
2024-09-13,SYN_POOL_A06,13.93,14.04,13.71,13.83
2024-09-16,SYN_POOL_A06,13.96,14.07,13.71,13.84
2024-09-17,SYN_POOL_A06,13.98,14.11,13.72,13.85
2024-09-18,SYN_POOL_A06,14.0,14.14,13.74,13.87
2024-09-19,SYN_POOL_A06,14.03,14.16,13.76,13.88
2024-09-20,SYN_POOL_A06,13.72,14.01,13.61,13.89
2024-09-23,SYN_POOL_A06,13.74,13.85,13.26,13.36
2024-09-24,SYN_POOL_A06,13.23,13.47,13.14,13.37
2024-09-25,SYN_POOL_A06,13.25,13.47,13.17,13.38
2024-09-26,SYN_POOL_A06,13.27,13.47,13.21,13.39
2024-09-27,SYN_POOL_A06,13.3,13.47,13.24,13.41
2024-09-30,SYN_POOL_A06,13.32,13.48,13.27,13.42
2024-10-01,SYN_POOL_A06,13.34,13.48,13.31,13.43
2024-10-02,SYN_POOL_A06,13.37,13.48,13.34,13.44
2024-10-03,SYN_POOL_A06,13.39,13.48,13.37,13.45
2024-10-04,SYN_POOL_A06,13.41,13.49,13.4,13.47
2024-10-07,SYN_POOL_A06,13.44,13.49,13.43,13.48
2024-10-08,SYN_POOL_A06,13.46,13.49,13.45,13.49
2024-10-09,SYN_POOL_A06,13.48,13.51,13.46,13.5
2024-10-10,SYN_POOL_A06,13.51,13.53,13.48,13.51
2024-10-11,SYN_POOL_A06,13.53,13.56,13.49,13.53
2024-10-14,SYN_POOL_A06,13.55,13.59,13.49,13.54
2024-10-15,SYN_POOL_A06,13.58,13.62,13.49,13.55
2024-10-16,SYN_POOL_A06,13.6,13.66,13.49,13.56
2024-10-17,SYN_POOL_A06,13.62,13.69,13.49,13.57
2024-10-18,SYN_POOL_A06,13.65,13.72,13.5,13.58
2024-10-21,SYN_POOL_A06,13.67,13.76,13.5,13.6
2024-10-22,SYN_POOL_A06,13.69,13.79,13.5,13.61
2024-10-23,SYN_POOL_A06,13.72,13.82,13.5,13.62
2024-10-24,SYN_POOL_A06,13.74,13.85,13.5,13.63
2024-10-25,SYN_POOL_A06,13.76,13.89,13.51,13.64
2024-10-28,SYN_POOL_A06,13.79,13.92,13.53,13.66
2024-10-29,SYN_POOL_A06,13.81,13.94,13.55,13.67
2024-10-30,SYN_POOL_A06,13.51,13.8,13.4,13.68
2024-10-31,SYN_POOL_A06,13.53,13.8,13.43,13.69
2024-11-01,SYN_POOL_A06,13.55,13.65,13.08,13.16
2024-11-04,SYN_POOL_A06,13.04,13.27,12.97,13.18
2024-11-05,SYN_POOL_A06,13.07,13.27,13.0,13.19
2024-11-06,SYN_POOL_A06,13.09,13.27,13.03,13.2
2024-11-07,SYN_POOL_A06,13.11,13.27,13.07,13.21
2024-11-08,SYN_POOL_A06,13.14,13.28,13.1,13.22
2024-11-11,SYN_POOL_A06,13.16,13.28,13.13,13.24
2024-11-12,SYN_POOL_A06,13.18,13.28,13.16,13.25
2024-11-13,SYN_POOL_A06,13.2,13.28,13.19,13.26
2024-11-14,SYN_POOL_A06,13.23,13.28,13.23,13.27
2024-11-15,SYN_POOL_A06,13.25,13.29,13.24,13.28
2024-11-18,SYN_POOL_A06,13.27,13.3,13.26,13.29
2024-11-19,SYN_POOL_A06,13.3,13.32,13.27,13.31
2024-11-20,SYN_POOL_A06,13.32,13.34,13.28,13.32
2024-11-21,SYN_POOL_A06,13.34,13.38,13.28,13.33
2024-11-22,SYN_POOL_A06,13.36,13.41,13.28,13.34
2024-11-25,SYN_POOL_A06,13.39,13.44,13.29,13.35
2024-11-26,SYN_POOL_A06,13.41,13.47,13.29,13.36
2024-11-27,SYN_POOL_A06,13.43,13.51,13.29,13.38
2024-11-28,SYN_POOL_A06,13.46,13.54,13.29,13.39
2024-11-29,SYN_POOL_A06,13.48,13.57,13.29,13.4
2024-12-02,SYN_POOL_A06,13.5,13.6,13.3,13.41
2024-12-03,SYN_POOL_A06,13.53,13.64,13.3,13.42
2024-12-04,SYN_POOL_A06,13.55,13.67,13.3,13.43
2024-12-05,SYN_POOL_A06,13.57,13.7,13.32,13.44
2024-12-06,SYN_POOL_A06,13.59,13.73,13.34,13.45
2024-12-09,SYN_POOL_A06,13.29,13.59,13.19,13.47
2024-12-10,SYN_POOL_A06,13.32,13.59,13.22,13.48
2024-12-11,SYN_POOL_A06,13.34,13.44,12.87,12.96
2024-12-12,SYN_POOL_A06,12.84,13.06,12.76,12.97
2024-12-13,SYN_POOL_A06,12.86,13.06,12.79,12.98
2024-12-16,SYN_POOL_A06,12.88,13.07,12.83,13.0
2024-12-17,SYN_POOL_A06,12.91,13.07,12.86,13.01
2024-12-18,SYN_POOL_A06,12.93,13.07,12.89,13.02
2024-12-19,SYN_POOL_A06,12.95,13.07,12.92,13.03
2024-12-20,SYN_POOL_A06,12.97,13.07,12.95,13.04
2024-12-23,SYN_POOL_A06,13.0,13.08,12.98,13.05
2024-12-24,SYN_POOL_A06,13.02,13.08,13.02,13.06
2024-12-25,SYN_POOL_A06,13.04,13.08,13.03,13.08
2024-12-26,SYN_POOL_A06,13.06,13.09,13.05,13.09
2024-12-27,SYN_POOL_A06,13.09,13.11,13.06,13.1
2024-12-30,SYN_POOL_A06,13.11,13.13,13.07,13.11
2024-12-31,SYN_POOL_A06,13.13,13.16,13.08,13.12
2025-01-01,SYN_POOL_A06,13.15,13.19,13.08,13.13
2025-01-02,SYN_POOL_A06,13.18,13.23,13.08,13.14
2025-01-03,SYN_POOL_A06,13.2,13.26,13.08,13.15
2025-01-06,SYN_POOL_A06,13.22,13.29,13.08,13.17
2025-01-07,SYN_POOL_A06,13.24,13.32,13.09,13.18
2025-01-08,SYN_POOL_A06,13.27,13.35,13.09,13.19
2025-01-09,SYN_POOL_A06,13.29,13.39,13.09,13.2
2025-01-10,SYN_POOL_A06,13.31,13.42,13.09,13.21
2025-01-13,SYN_POOL_A06,13.33,13.45,13.09,13.22
2025-01-14,SYN_POOL_A06,13.36,13.48,13.11,13.23
2025-01-15,SYN_POOL_A06,13.38,13.51,13.13,13.24
2025-01-16,SYN_POOL_A06,13.4,13.52,13.15,13.25
2025-01-17,SYN_POOL_A06,13.1,13.38,13.01,13.27
2025-01-20,SYN_POOL_A06,13.13,13.23,12.67,12.76
2025-01-21,SYN_POOL_A06,12.63,12.86,12.56,12.77
2025-01-22,SYN_POOL_A06,12.66,12.86,12.59,12.78
2025-01-23,SYN_POOL_A06,12.68,12.86,12.62,12.79
2025-01-24,SYN_POOL_A06,12.7,12.86,12.65,12.8
2025-01-27,SYN_POOL_A06,12.72,12.87,12.68,12.81
2025-01-28,SYN_POOL_A06,12.74,12.87,12.71,12.82
2025-01-29,SYN_POOL_A06,12.77,12.87,12.74,12.83
2025-01-30,SYN_POOL_A06,12.79,12.87,12.77,12.85
2025-01-31,SYN_POOL_A06,12.81,12.87,12.81,12.86
2025-02-03,SYN_POOL_A06,12.83,12.88,12.83,12.87
2025-02-04,SYN_POOL_A06,12.85,12.88,12.84,12.88
2025-02-05,SYN_POOL_A06,12.88,12.9,12.85,12.89
2025-02-06,SYN_POOL_A06,12.9,12.92,12.87,12.9
2025-02-07,SYN_POOL_A06,12.92,12.95,12.87,12.91
2025-02-10,SYN_POOL_A06,12.94,12.98,12.87,12.92
2025-02-11,SYN_POOL_A06,12.96,13.01,12.87,12.93
2025-02-12,SYN_POOL_A06,12.99,13.04,12.88,12.94
2025-02-13,SYN_POOL_A06,13.01,13.07,12.88,12.96
2025-02-14,SYN_POOL_A06,13.03,13.11,12.88,12.97
2025-02-17,SYN_POOL_A06,13.05,13.14,12.88,12.98
2025-02-18,SYN_POOL_A06,13.07,13.17,12.88,12.99
2025-02-19,SYN_POOL_A06,13.1,13.2,12.88,13.0
2025-02-20,SYN_POOL_A06,13.12,13.23,12.89,13.01
2025-02-21,SYN_POOL_A06,13.14,13.26,12.89,13.02
2025-02-24,SYN_POOL_A06,13.16,13.29,12.91,13.03
2025-02-25,SYN_POOL_A06,13.18,13.31,12.93,13.04
2025-02-26,SYN_POOL_A06,12.89,13.17,12.8,13.05
2025-02-27,SYN_POOL_A06,12.91,13.02,12.47,12.55
2025-02-28,SYN_POOL_A06,12.43,12.65,12.35,12.56
2025-03-03,SYN_POOL_A06,12.45,12.65,12.38,12.57
2025-03-04,SYN_POOL_A06,12.47,12.66,12.41,12.58
2025-03-05,SYN_POOL_A06,12.49,12.66,12.44,12.6
2025-03-06,SYN_POOL_A06,12.52,12.66,12.47,12.61
2025-03-07,SYN_POOL_A06,12.54,12.66,12.5,12.62
2025-03-10,SYN_POOL_A06,12.56,12.66,12.53,12.63
2025-03-11,SYN_POOL_A06,12.58,12.67,12.57,12.64
2025-03-12,SYN_POOL_A06,12.6,12.67,12.6,12.65
2025-03-13,SYN_POOL_A06,12.62,12.67,12.62,12.66
2025-03-14,SYN_POOL_A06,12.65,12.67,12.63,12.67
2025-03-17,SYN_POOL_A06,12.67,12.69,12.65,12.68
2025-03-18,SYN_POOL_A06,12.69,12.71,12.66,12.69
2025-03-19,SYN_POOL_A06,12.71,12.74,12.67,12.7
2025-03-20,SYN_POOL_A06,12.73,12.77,12.67,12.71
2025-03-21,SYN_POOL_A06,12.75,12.8,12.67,12.73
2025-03-24,SYN_POOL_A06,12.77,12.83,12.67,12.74
2025-03-25,SYN_POOL_A06,12.8,12.86,12.67,12.75
2025-03-26,SYN_POOL_A06,12.82,12.89,12.67,12.76
2025-03-27,SYN_POOL_A06,12.84,12.92,12.67,12.77
2025-03-28,SYN_POOL_A06,12.86,12.95,12.68,12.78
2025-03-31,SYN_POOL_A06,12.88,12.98,12.68,12.79
2025-04-01,SYN_POOL_A06,12.9,13.01,12.68,12.8
2025-04-02,SYN_POOL_A06,12.92,13.04,12.68,12.81
2025-04-03,SYN_POOL_A06,12.95,13.07,12.7,12.82
2025-04-04,SYN_POOL_A06,12.97,13.09,12.72,12.83
2025-04-07,SYN_POOL_A06,12.68,12.95,12.58,12.84
2025-04-08,SYN_POOL_A06,12.7,12.8,12.26,12.35
2025-04-09,SYN_POOL_A06,12.23,12.45,12.15,12.36
2025-04-10,SYN_POOL_A06,12.25,12.45,12.18,12.37
2025-04-11,SYN_POOL_A06,12.27,12.45,12.21,12.38
2025-04-14,SYN_POOL_A06,12.29,12.45,12.24,12.39
2025-04-15,SYN_POOL_A06,12.31,12.46,12.27,12.4
2025-04-16,SYN_POOL_A06,12.33,12.46,12.3,12.41
2025-04-17,SYN_POOL_A06,12.35,12.46,12.33,12.42
2025-04-18,SYN_POOL_A06,12.37,12.46,12.36,12.43
2025-04-21,SYN_POOL_A06,12.39,12.46,12.39,12.44
2025-04-22,SYN_POOL_A06,12.42,12.47,12.41,12.45
2025-04-23,SYN_POOL_A06,12.44,12.47,12.43,12.46
2025-04-24,SYN_POOL_A06,12.46,12.48,12.44,12.47
2025-04-25,SYN_POOL_A06,12.48,12.5,12.45,12.49
2025-04-28,SYN_POOL_A06,12.5,12.52,12.46,12.5
2025-04-29,SYN_POOL_A06,12.52,12.55,12.46,12.51
2025-04-30,SYN_POOL_A06,12.54,12.58,12.46,12.52
2025-05-01,SYN_POOL_A06,12.56,12.61,12.46,12.53
2025-05-02,SYN_POOL_A06,12.58,12.64,12.47,12.54
2025-05-05,SYN_POOL_A06,12.6,12.67,12.47,12.55
2025-05-06,SYN_POOL_A06,12.63,12.7,12.47,12.56
2025-05-07,SYN_POOL_A06,12.65,12.73,12.47,12.57
2025-05-08,SYN_POOL_A06,12.67,12.76,12.47,12.58
2025-05-09,SYN_POOL_A06,12.69,12.79,12.47,12.59
2025-05-12,SYN_POOL_A06,12.71,12.82,12.47,12.6
2025-05-13,SYN_POOL_A06,12.73,12.85,12.49,12.61
2025-05-14,SYN_POOL_A06,12.75,12.87,12.51,12.62
2025-05-15,SYN_POOL_A06,12.47,12.74,12.37,12.63
2025-05-16,SYN_POOL_A06,12.49,12.74,12.4,12.64
2025-05-19,SYN_POOL_A06,12.51,12.61,12.08,12.15
2025-05-20,SYN_POOL_A06,12.04,12.25,11.97,12.16
2025-05-21,SYN_POOL_A06,12.06,12.25,12.0,12.17
2025-05-22,SYN_POOL_A06,12.08,12.25,12.03,12.19
2025-05-23,SYN_POOL_A06,12.1,12.25,12.06,12.2
2025-05-26,SYN_POOL_A06,12.12,12.25,12.09,12.21
2025-05-27,SYN_POOL_A06,12.14,12.26,12.12,12.22
2025-05-28,SYN_POOL_A06,12.17,12.26,12.15,12.23
2025-05-29,SYN_POOL_A06,12.19,12.26,12.18,12.24
2025-05-30,SYN_POOL_A06,12.21,12.26,12.21,12.25
2025-06-02,SYN_POOL_A06,12.23,12.26,12.22,12.26
2025-06-03,SYN_POOL_A06,12.25,12.27,12.23,12.27
2025-06-04,SYN_POOL_A06,12.27,12.29,12.24,12.28
2025-06-05,SYN_POOL_A06,12.29,12.31,12.25,12.29
2025-06-06,SYN_POOL_A06,12.31,12.34,12.26,12.3
2025-06-09,SYN_POOL_A06,12.33,12.37,12.26,12.31
2025-06-10,SYN_POOL_A06,12.35,12.4,12.26,12.32
2025-06-11,SYN_POOL_A06,12.37,12.43,12.26,12.33
2025-06-12,SYN_POOL_A06,12.39,12.46,12.26,12.34
2025-06-13,SYN_POOL_A06,12.41,12.49,12.26,12.35
2025-06-16,SYN_POOL_A06,12.43,12.52,12.26,12.36
2025-06-17,SYN_POOL_A06,12.45,12.55,12.26,12.37
2025-06-18,SYN_POOL_A06,12.47,12.58,12.27,12.38
2025-06-19,SYN_POOL_A06,12.5,12.61,12.27,12.39
2025-06-20,SYN_POOL_A06,12.52,12.64,12.28,12.4
2025-06-23,SYN_POOL_A06,12.54,12.66,12.3,12.41
2025-06-24,SYN_POOL_A06,12.26,12.53,12.16,12.42
2025-06-25,SYN_POOL_A06,12.28,12.53,12.19,12.43
2025-06-26,SYN_POOL_A06,12.3,12.39,11.87,11.95
2025-06-27,SYN_POOL_A06,11.84,12.04,11.77,11.96
2025-06-30,SYN_POOL_A06,11.86,12.04,11.8,11.97
2025-07-01,SYN_POOL_A06,11.88,12.05,11.82,11.98
2025-07-02,SYN_POOL_A06,11.9,12.05,11.85,11.99
2025-07-03,SYN_POOL_A06,11.92,12.05,11.88,12.0
2025-07-04,SYN_POOL_A06,11.94,12.05,11.91,12.01
2025-07-07,SYN_POOL_A06,11.96,12.05,11.94,12.02
2025-07-08,SYN_POOL_A06,11.98,12.05,11.97,12.03
2025-07-09,SYN_POOL_A06,12.0,12.05,12.0,12.04
2025-07-10,SYN_POOL_A06,12.02,12.06,12.01,12.05
2025-07-11,SYN_POOL_A06,12.04,12.06,12.02,12.06
2025-07-14,SYN_POOL_A06,12.06,12.08,12.04,12.07
2025-07-15,SYN_POOL_A06,12.08,12.1,12.05,12.08
2025-07-16,SYN_POOL_A06,12.1,12.13,12.05,12.09
2025-07-17,SYN_POOL_A06,12.12,12.16,12.05,12.1
2025-07-18,SYN_POOL_A06,12.14,12.19,12.05,12.11
2025-07-21,SYN_POOL_A06,12.16,12.21,12.05,12.12
2025-07-22,SYN_POOL_A06,12.18,12.24,12.05,12.13
2025-07-23,SYN_POOL_A06,12.2,12.27,12.06,12.14
2025-07-24,SYN_POOL_A06,12.22,12.3,12.06,12.15
2025-07-25,SYN_POOL_A06,12.24,12.33,12.06,12.16
2025-07-28,SYN_POOL_A06,12.26,12.36,12.06,12.17
2025-07-29,SYN_POOL_A06,12.28,12.39,12.06,12.18
2025-07-30,SYN_POOL_A06,12.3,12.42,12.07,12.19
2025-07-31,SYN_POOL_A06,12.32,12.44,12.09,12.2
2022-08-01,SYN_POOL_A07,9.99,9.99,9.98,9.99
2022-08-02,SYN_POOL_A07,9.98,9.99,9.98,9.99
2022-08-03,SYN_POOL_A07,9.99,10.0,9.98,9.99
2022-08-04,SYN_POOL_A07,10.0,10.0,9.99,10.0
2022-08-05,SYN_POOL_A07,10.0,10.01,9.99,10.0
2022-08-08,SYN_POOL_A07,10.01,10.02,10.0,10.01
2022-08-09,SYN_POOL_A07,10.02,10.03,10.0,10.01
2022-08-10,SYN_POOL_A07,10.03,10.04,10.0,10.02
2022-08-11,SYN_POOL_A07,10.03,10.05,10.0,10.02
2022-08-12,SYN_POOL_A07,10.04,10.06,10.01,10.03
2022-08-15,SYN_POOL_A07,10.05,10.07,10.01,10.03
2022-08-16,SYN_POOL_A07,10.06,10.08,10.01,10.04
2022-08-17,SYN_POOL_A07,10.06,10.09,10.02,10.04
2022-08-18,SYN_POOL_A07,10.07,10.1,10.02,10.05
2022-08-19,SYN_POOL_A07,10.08,10.11,10.02,10.05
2022-08-22,SYN_POOL_A07,10.08,10.11,10.03,10.06
2022-08-23,SYN_POOL_A07,10.09,10.12,10.04,10.06
2022-08-24,SYN_POOL_A07,10.03,10.09,10.0,10.07
2022-08-25,SYN_POOL_A07,10.03,10.06,9.93,9.95
2022-08-26,SYN_POOL_A07,9.92,9.98,9.9,9.96
2022-08-29,SYN_POOL_A07,9.93,9.98,9.91,9.96
2022-08-30,SYN_POOL_A07,9.94,9.98,9.92,9.97
2022-08-31,SYN_POOL_A07,9.94,9.98,9.93,9.97
2022-09-01,SYN_POOL_A07,9.95,9.99,9.94,9.97
2022-09-02,SYN_POOL_A07,9.96,9.99,9.95,9.98
2022-09-05,SYN_POOL_A07,9.97,9.99,9.96,9.98
2022-09-06,SYN_POOL_A07,9.97,10.0,9.97,9.99
2022-09-07,SYN_POOL_A07,9.98,10.0,9.98,9.99
2022-09-08,SYN_POOL_A07,9.99,10.0,9.99,10.0
2022-09-09,SYN_POOL_A07,9.99,10.0,9.99,10.0
2022-09-12,SYN_POOL_A07,10.0,10.01,10.0,10.01
2022-09-13,SYN_POOL_A07,10.01,10.02,10.0,10.01
2022-09-14,SYN_POOL_A07,10.02,10.02,10.01,10.02
2022-09-15,SYN_POOL_A07,10.02,10.03,10.01,10.02
2022-09-16,SYN_POOL_A07,10.03,10.04,10.01,10.03
2022-09-19,SYN_POOL_A07,10.04,10.05,10.02,10.03
2022-09-20,SYN_POOL_A07,10.05,10.06,10.02,10.04
2022-09-21,SYN_POOL_A07,10.05,10.07,10.02,10.04
2022-09-22,SYN_POOL_A07,10.06,10.08,10.02,10.05
2022-09-23,SYN_POOL_A07,10.07,10.09,10.03,10.05
2022-09-26,SYN_POOL_A07,10.08,10.1,10.03,10.06
2022-09-27,SYN_POOL_A07,10.08,10.11,10.03,10.06
2022-09-28,SYN_POOL_A07,10.09,10.12,10.04,10.07
2022-09-29,SYN_POOL_A07,10.1,10.13,10.04,10.07
2022-09-30,SYN_POOL_A07,10.11,10.13,10.05,10.07
2022-10-03,SYN_POOL_A07,10.04,10.11,10.02,10.08
2022-10-04,SYN_POOL_A07,10.05,10.07,9.94,9.96
2022-10-05,SYN_POOL_A07,9.93,9.99,9.92,9.97
2022-10-06,SYN_POOL_A07,9.94,9.99,9.93,9.97
2022-10-07,SYN_POOL_A07,9.95,10.0,9.93,9.98
2022-10-10,SYN_POOL_A07,9.96,10.0,9.94,9.98
2022-10-11,SYN_POOL_A07,9.96,10.0,9.95,9.99
2022-10-12,SYN_POOL_A07,9.97,10.0,9.96,9.99
2022-10-13,SYN_POOL_A07,9.98,10.01,9.97,10.0
2022-10-14,SYN_POOL_A07,9.99,10.01,9.98,10.0
2022-10-17,SYN_POOL_A07,9.99,10.01,9.99,10.01
2022-10-18,SYN_POOL_A07,10.0,10.01,10.0,10.01
2022-10-19,SYN_POOL_A07,10.01,10.02,10.01,10.02
2022-10-20,SYN_POOL_A07,10.02,10.02,10.01,10.02
2022-10-21,SYN_POOL_A07,10.02,10.03,10.02,10.03
2022-10-24,SYN_POOL_A07,10.03,10.04,10.02,10.03
2022-10-25,SYN_POOL_A07,10.04,10.05,10.02,10.04
2022-10-26,SYN_POOL_A07,10.04,10.05,10.03,10.04
2022-10-27,SYN_POOL_A07,10.05,10.06,10.03,10.05
2022-10-28,SYN_POOL_A07,10.06,10.07,10.03,10.05
2022-10-31,SYN_POOL_A07,10.07,10.08,10.04,10.05
2022-11-01,SYN_POOL_A07,10.07,10.09,10.04,10.06
2022-11-02,SYN_POOL_A07,10.08,10.1,10.04,10.06
2022-11-03,SYN_POOL_A07,10.09,10.11,10.04,10.07
2022-11-04,SYN_POOL_A07,10.1,10.12,10.05,10.07
2022-11-07,SYN_POOL_A07,10.1,10.13,10.05,10.08
2022-11-08,SYN_POOL_A07,10.11,10.14,10.06,10.08
2022-11-09,SYN_POOL_A07,10.12,10.15,10.06,10.09
2022-11-10,SYN_POOL_A07,10.05,10.12,10.03,10.09
2022-11-11,SYN_POOL_A07,10.06,10.12,10.04,10.1
2022-11-14,SYN_POOL_A07,10.07,10.09,9.96,9.98
2022-11-15,SYN_POOL_A07,9.95,10.01,9.94,9.99
2022-11-16,SYN_POOL_A07,9.96,10.01,9.95,9.99
2022-11-17,SYN_POOL_A07,9.97,10.01,9.96,10.0
2022-11-18,SYN_POOL_A07,9.98,10.01,9.97,10.0
2022-11-21,SYN_POOL_A07,9.98,10.02,9.98,10.01
2022-11-22,SYN_POOL_A07,9.99,10.02,9.98,10.01
2022-11-23,SYN_POOL_A07,10.0,10.02,9.99,10.02
2022-11-24,SYN_POOL_A07,10.01,10.03,10.0,10.02
2022-11-25,SYN_POOL_A07,10.01,10.03,10.01,10.03
2022-11-28,SYN_POOL_A07,10.02,10.03,10.02,10.03
2022-11-29,SYN_POOL_A07,10.03,10.04,10.02,10.03
2022-11-30,SYN_POOL_A07,10.04,10.04,10.03,10.04
2022-12-01,SYN_POOL_A07,10.04,10.05,10.03,10.04
2022-12-02,SYN_POOL_A07,10.05,10.06,10.04,10.05
2022-12-05,SYN_POOL_A07,10.06,10.07,10.04,10.05
2022-12-06,SYN_POOL_A07,10.06,10.08,10.04,10.06
2022-12-07,SYN_POOL_A07,10.07,10.09,10.05,10.06
2022-12-08,SYN_POOL_A07,10.08,10.1,10.05,10.07
2022-12-09,SYN_POOL_A07,10.09,10.11,10.05,10.07
2022-12-12,SYN_POOL_A07,10.09,10.11,10.05,10.08
2022-12-13,SYN_POOL_A07,10.1,10.12,10.06,10.08
2022-12-14,SYN_POOL_A07,10.11,10.13,10.06,10.09
2022-12-15,SYN_POOL_A07,10.12,10.14,10.06,10.09
2022-12-16,SYN_POOL_A07,10.12,10.15,10.07,10.1
2022-12-19,SYN_POOL_A07,10.13,10.16,10.08,10.1
2022-12-20,SYN_POOL_A07,10.07,10.13,10.04,10.11
2022-12-21,SYN_POOL_A07,10.07,10.14,10.05,10.11
2022-12-22,SYN_POOL_A07,10.08,10.1,9.98,10.0
2022-12-23,SYN_POOL_A07,9.97,10.02,9.95,10.0
2022-12-26,SYN_POOL_A07,9.97,10.02,9.96,10.01
2022-12-27,SYN_POOL_A07,9.98,10.03,9.97,10.01
2022-12-28,SYN_POOL_A07,9.99,10.03,9.98,10.01
2022-12-29,SYN_POOL_A07,10.0,10.03,9.99,10.02
2022-12-30,SYN_POOL_A07,10.0,10.03,10.0,10.02
2023-01-02,SYN_POOL_A07,10.01,10.04,10.01,10.03
2023-01-03,SYN_POOL_A07,10.02,10.04,10.02,10.03
2023-01-04,SYN_POOL_A07,10.03,10.04,10.03,10.04
2023-01-05,SYN_POOL_A07,10.03,10.04,10.03,10.04
2023-01-06,SYN_POOL_A07,10.04,10.05,10.04,10.05
2023-01-09,SYN_POOL_A07,10.05,10.06,10.04,10.05
2023-01-10,SYN_POOL_A07,10.06,10.06,10.05,10.06
2023-01-11,SYN_POOL_A07,10.06,10.07,10.05,10.06
2023-01-12,SYN_POOL_A07,10.07,10.08,10.06,10.07
2023-01-13,SYN_POOL_A07,10.08,10.09,10.06,10.07
2023-01-16,SYN_POOL_A07,10.08,10.1,10.06,10.08
2023-01-17,SYN_POOL_A07,10.09,10.11,10.06,10.08
2023-01-18,SYN_POOL_A07,10.1,10.12,10.07,10.09
2023-01-19,SYN_POOL_A07,10.11,10.13,10.07,10.09
2023-01-20,SYN_POOL_A07,10.11,10.14,10.07,10.1
2023-01-23,SYN_POOL_A07,10.12,10.15,10.07,10.1
2023-01-24,SYN_POOL_A07,10.13,10.16,10.08,10.11
2023-01-25,SYN_POOL_A07,10.14,10.17,10.08,10.11
2023-01-26,SYN_POOL_A07,10.14,10.17,10.09,10.12
2023-01-27,SYN_POOL_A07,10.15,10.18,10.1,10.12
2023-01-30,SYN_POOL_A07,10.09,10.15,10.06,10.12
2023-01-31,SYN_POOL_A07,10.09,10.12,9.99,10.01
2023-02-01,SYN_POOL_A07,9.98,10.03,9.96,10.01
2023-02-02,SYN_POOL_A07,9.99,10.04,9.97,10.02
2023-02-03,SYN_POOL_A07,9.99,10.04,9.98,10.02
2023-02-06,SYN_POOL_A07,10.0,10.04,9.99,10.03
2023-02-07,SYN_POOL_A07,10.01,10.05,10.0,10.03
2023-02-08,SYN_POOL_A07,10.02,10.05,10.01,10.04
2023-02-09,SYN_POOL_A07,10.02,10.05,10.02,10.04
2023-02-10,SYN_POOL_A07,10.03,10.05,10.03,10.05
2023-02-13,SYN_POOL_A07,10.04,10.06,10.04,10.05
2023-02-14,SYN_POOL_A07,10.05,10.06,10.05,10.06
2023-02-15,SYN_POOL_A07,10.05,10.06,10.05,10.06
2023-02-16,SYN_POOL_A07,10.06,10.07,10.06,10.07
2023-02-17,SYN_POOL_A07,10.07,10.08,10.06,10.07
2023-02-20,SYN_POOL_A07,10.08,10.08,10.07,10.08
2023-02-21,SYN_POOL_A07,10.08,10.09,10.07,10.08
2023-02-22,SYN_POOL_A07,10.09,10.1,10.07,10.09
2023-02-23,SYN_POOL_A07,10.1,10.11,10.07,10.09
2023-02-24,SYN_POOL_A07,10.11,10.12,10.08,10.1
2023-02-27,SYN_POOL_A07,10.11,10.13,10.08,10.1
2023-02-28,SYN_POOL_A07,10.12,10.14,10.08,10.1
2023-03-01,SYN_POOL_A07,10.13,10.15,10.08,10.11
2023-03-02,SYN_POOL_A07,10.13,10.16,10.09,10.11
2023-03-03,SYN_POOL_A07,10.14,10.17,10.09,10.12
2023-03-06,SYN_POOL_A07,10.15,10.18,10.09,10.12
2023-03-07,SYN_POOL_A07,10.16,10.19,10.1,10.13
2023-03-08,SYN_POOL_A07,10.16,10.19,10.11,10.13
2023-03-09,SYN_POOL_A07,10.1,10.16,10.08,10.14
2023-03-10,SYN_POOL_A07,10.11,10.13,10.0,10.02
2023-03-13,SYN_POOL_A07,9.99,10.05,9.97,10.03
2023-03-14,SYN_POOL_A07,10.0,10.05,9.98,10.03
2023-03-15,SYN_POOL_A07,10.01,10.05,9.99,10.04
2023-03-16,SYN_POOL_A07,10.01,10.06,10.0,10.04
2023-03-17,SYN_POOL_A07,10.02,10.06,10.01,10.05
2023-03-20,SYN_POOL_A07,10.03,10.06,10.02,10.05
2023-03-21,SYN_POOL_A07,10.04,10.06,10.03,10.06
2023-03-22,SYN_POOL_A07,10.04,10.07,10.04,10.06
2023-03-23,SYN_POOL_A07,10.05,10.07,10.05,10.07
2023-03-24,SYN_POOL_A07,10.06,10.07,10.06,10.07
2023-03-27,SYN_POOL_A07,10.07,10.08,10.06,10.07
2023-03-28,SYN_POOL_A07,10.07,10.08,10.07,10.08
2023-03-29,SYN_POOL_A07,10.08,10.09,10.07,10.08
2023-03-30,SYN_POOL_A07,10.09,10.1,10.08,10.09
2023-03-31,SYN_POOL_A07,10.1,10.1,10.08,10.09
2023-04-03,SYN_POOL_A07,10.1,10.11,10.09,10.1
2023-04-04,SYN_POOL_A07,10.11,10.12,10.09,10.1
2023-04-05,SYN_POOL_A07,10.12,10.13,10.09,10.11
2023-04-06,SYN_POOL_A07,10.13,10.14,10.09,10.11
2023-04-07,SYN_POOL_A07,10.13,10.15,10.1,10.12
2023-04-10,SYN_POOL_A07,10.14,10.16,10.1,10.12
2023-04-11,SYN_POOL_A07,10.15,10.17,10.1,10.13
2023-04-12,SYN_POOL_A07,10.16,10.18,10.1,10.13
2023-04-13,SYN_POOL_A07,10.16,10.19,10.11,10.14
2023-04-14,SYN_POOL_A07,10.17,10.2,10.11,10.14
2023-04-17,SYN_POOL_A07,10.18,10.21,10.12,10.15
2023-04-18,SYN_POOL_A07,10.11,10.18,10.09,10.15
2023-04-19,SYN_POOL_A07,10.12,10.14,10.01,10.04
2023-04-20,SYN_POOL_A07,10.01,10.06,9.99,10.04
2023-04-21,SYN_POOL_A07,10.01,10.06,10.0,10.05
2023-04-24,SYN_POOL_A07,10.02,10.07,10.01,10.05
2023-04-25,SYN_POOL_A07,10.03,10.07,10.02,10.05
2023-04-26,SYN_POOL_A07,10.04,10.07,10.02,10.06
2023-04-27,SYN_POOL_A07,10.04,10.08,10.03,10.06
2023-04-28,SYN_POOL_A07,10.05,10.08,10.04,10.07
2023-05-01,SYN_POOL_A07,10.06,10.08,10.05,10.07
2023-05-02,SYN_POOL_A07,10.06,10.08,10.06,10.08
2023-05-03,SYN_POOL_A07,10.07,10.09,10.07,10.08
2023-05-04,SYN_POOL_A07,10.08,10.09,10.08,10.09
2023-05-05,SYN_POOL_A07,10.09,10.09,10.08,10.09
2023-05-08,SYN_POOL_A07,10.09,10.1,10.09,10.1
2023-05-09,SYN_POOL_A07,10.1,10.11,10.09,10.1
2023-05-10,SYN_POOL_A07,10.11,10.12,10.1,10.11
2023-05-11,SYN_POOL_A07,10.12,10.13,10.1,10.11
2023-05-12,SYN_POOL_A07,10.12,10.14,10.1,10.12
2023-05-15,SYN_POOL_A07,10.13,10.15,10.1,10.12
2023-05-16,SYN_POOL_A07,10.14,10.16,10.11,10.13
2023-05-17,SYN_POOL_A07,10.15,10.16,10.11,10.13
2023-05-18,SYN_POOL_A07,10.15,10.17,10.11,10.14
2023-05-19,SYN_POOL_A07,10.16,10.18,10.12,10.14
2023-05-22,SYN_POOL_A07,10.17,10.19,10.12,10.15
2023-05-23,SYN_POOL_A07,10.18,10.2,10.12,10.15
2023-05-24,SYN_POOL_A07,10.18,10.21,10.13,10.16
2023-05-25,SYN_POOL_A07,10.19,10.22,10.13,10.16
2023-05-26,SYN_POOL_A07,10.12,10.19,10.1,10.17
2023-05-29,SYN_POOL_A07,10.13,10.19,10.11,10.17
2023-05-30,SYN_POOL_A07,10.14,10.16,10.03,10.05
2023-05-31,SYN_POOL_A07,10.03,10.08,10.01,10.06
2023-06-01,SYN_POOL_A07,10.03,10.08,10.02,10.06
2023-06-02,SYN_POOL_A07,10.04,10.08,10.03,10.07
2023-06-05,SYN_POOL_A07,10.05,10.09,10.04,10.07
2023-06-06,SYN_POOL_A07,10.06,10.09,10.05,10.08
2023-06-07,SYN_POOL_A07,10.06,10.09,10.06,10.08
2023-06-08,SYN_POOL_A07,10.07,10.09,10.07,10.09
2023-06-09,SYN_POOL_A07,10.08,10.1,10.07,10.09
2023-06-12,SYN_POOL_A07,10.08,10.1,10.08,10.1
2023-06-13,SYN_POOL_A07,10.09,10.1,10.09,10.1
2023-06-14,SYN_POOL_A07,10.1,10.11,10.1,10.11
2023-06-15,SYN_POOL_A07,10.11,10.11,10.1,10.11
2023-06-16,SYN_POOL_A07,10.11,10.12,10.11,10.12
2023-06-19,SYN_POOL_A07,10.12,10.13,10.11,10.12
2023-06-20,SYN_POOL_A07,10.13,10.14,10.11,10.13
2023-06-21,SYN_POOL_A07,10.14,10.15,10.12,10.13
2023-06-22,SYN_POOL_A07,10.14,10.16,10.12,10.14
2023-06-23,SYN_POOL_A07,10.15,10.17,10.12,10.14
2023-06-26,SYN_POOL_A07,10.16,10.18,10.12,10.15
2023-06-27,SYN_POOL_A07,10.17,10.19,10.13,10.15
2023-06-28,SYN_POOL_A07,10.17,10.2,10.13,10.15
2023-06-29,SYN_POOL_A07,10.18,10.21,10.13,10.16
2023-06-30,SYN_POOL_A07,10.19,10.22,10.13,10.16
2023-07-03,SYN_POOL_A07,10.2,10.23,10.14,10.17
2023-07-04,SYN_POOL_A07,10.2,10.23,10.15,10.17
2023-07-05,SYN_POOL_A07,10.14,10.21,10.11,10.18
2023-07-06,SYN_POOL_A07,10.14,10.21,10.12,10.18
2023-07-07,SYN_POOL_A07,10.15,10.18,10.05,10.07
2023-07-10,SYN_POOL_A07,10.04,10.09,10.02,10.07
2023-07-11,SYN_POOL_A07,10.05,10.1,10.03,10.08
2023-07-12,SYN_POOL_A07,10.05,10.1,10.04,10.08
2023-07-13,SYN_POOL_A07,10.06,10.1,10.05,10.09
2023-07-14,SYN_POOL_A07,10.07,10.1,10.06,10.09
2023-07-17,SYN_POOL_A07,10.08,10.11,10.07,10.1
2023-07-18,SYN_POOL_A07,10.08,10.11,10.08,10.1
2023-07-19,SYN_POOL_A07,10.09,10.11,10.09,10.11
2023-07-20,SYN_POOL_A07,10.1,10.11,10.1,10.11
2023-07-21,SYN_POOL_A07,10.1,10.12,10.1,10.12
2023-07-24,SYN_POOL_A07,10.11,10.12,10.11,10.12
2023-07-25,SYN_POOL_A07,10.12,10.13,10.11,10.12
2023-07-26,SYN_POOL_A07,10.13,10.13,10.12,10.13
2023-07-27,SYN_POOL_A07,10.13,10.14,10.12,10.13
2023-07-28,SYN_POOL_A07,10.14,10.15,10.13,10.14
2023-07-31,SYN_POOL_A07,10.15,10.16,10.13,10.14
2023-08-01,SYN_POOL_A07,10.16,10.17,10.13,10.15
2023-08-02,SYN_POOL_A07,10.16,10.18,10.13,10.15
2023-08-03,SYN_POOL_A07,10.17,10.19,10.14,10.16
2023-08-04,SYN_POOL_A07,10.18,10.2,10.14,10.16
2023-08-07,SYN_POOL_A07,10.19,10.21,10.14,10.17
2023-08-08,SYN_POOL_A07,10.19,10.22,10.15,10.17
2023-08-09,SYN_POOL_A07,10.2,10.23,10.15,10.18
2023-08-10,SYN_POOL_A07,10.21,10.24,10.15,10.18
2023-08-11,SYN_POOL_A07,10.22,10.25,10.16,10.19
2023-08-14,SYN_POOL_A07,10.22,10.25,10.17,10.19
2023-08-15,SYN_POOL_A07,10.16,10.22,10.13,10.2
2023-08-16,SYN_POOL_A07,10.17,10.19,10.06,10.08
2023-08-17,SYN_POOL_A07,10.05,10.11,10.03,10.09
2023-08-18,SYN_POOL_A07,10.06,10.11,10.04,10.09
2023-08-21,SYN_POOL_A07,10.07,10.11,10.05,10.09
2023-08-22,SYN_POOL_A07,10.07,10.11,10.06,10.1
2023-08-23,SYN_POOL_A07,10.08,10.12,10.07,10.1
2023-08-24,SYN_POOL_A07,10.09,10.12,10.08,10.11
2023-08-25,SYN_POOL_A07,10.1,10.12,10.09,10.11
2023-08-28,SYN_POOL_A07,10.1,10.12,10.1,10.12
2023-08-29,SYN_POOL_A07,10.11,10.13,10.11,10.12
2023-08-30,SYN_POOL_A07,10.12,10.13,10.12,10.13
2023-08-31,SYN_POOL_A07,10.13,10.13,10.12,10.13
2023-09-01,SYN_POOL_A07,10.13,10.14,10.13,10.14
2023-09-04,SYN_POOL_A07,10.14,10.15,10.13,10.14
2023-09-05,SYN_POOL_A07,10.15,10.15,10.14,10.15
2023-09-06,SYN_POOL_A07,10.15,10.16,10.14,10.15
2023-09-07,SYN_POOL_A07,10.16,10.17,10.14,10.16
2023-09-08,SYN_POOL_A07,10.17,10.18,10.15,10.16
2023-09-11,SYN_POOL_A07,10.18,10.19,10.15,10.17
2023-09-12,SYN_POOL_A07,10.18,10.2,10.15,10.17
2023-09-13,SYN_POOL_A07,10.19,10.21,10.15,10.18
2023-09-14,SYN_POOL_A07,10.2,10.22,10.16,10.18
2023-09-15,SYN_POOL_A07,10.21,10.23,10.16,10.19
2023-09-18,SYN_POOL_A07,10.21,10.24,10.16,10.19
2023-09-19,SYN_POOL_A07,10.22,10.25,10.17,10.2
2023-09-20,SYN_POOL_A07,10.23,10.26,10.17,10.2
2023-09-21,SYN_POOL_A07,10.24,10.27,10.18,10.21
2023-09-22,SYN_POOL_A07,10.17,10.24,10.15,10.21
2023-09-25,SYN_POOL_A07,10.18,10.2,10.07,10.09
2023-09-26,SYN_POOL_A07,10.06,10.12,10.05,10.1
2023-09-27,SYN_POOL_A07,10.07,10.12,10.05,10.1
2023-09-28,SYN_POOL_A07,10.08,10.13,10.06,10.11
2023-09-29,SYN_POOL_A07,10.09,10.13,10.07,10.11
2023-10-02,SYN_POOL_A07,10.09,10.13,10.08,10.12
2023-10-03,SYN_POOL_A07,10.1,10.13,10.09,10.12
2023-10-04,SYN_POOL_A07,10.11,10.14,10.1,10.13
2023-10-05,SYN_POOL_A07,10.12,10.14,10.11,10.13
2023-10-06,SYN_POOL_A07,10.12,10.14,10.12,10.14
2023-10-09,SYN_POOL_A07,10.13,10.14,10.13,10.14
2023-10-10,SYN_POOL_A07,10.14,10.15,10.14,10.15
2023-10-11,SYN_POOL_A07,10.15,10.15,10.14,10.15
2023-10-12,SYN_POOL_A07,10.15,10.16,10.15,10.16
2023-10-13,SYN_POOL_A07,10.16,10.17,10.15,10.16
2023-10-16,SYN_POOL_A07,10.17,10.18,10.15,10.17
2023-10-17,SYN_POOL_A07,10.18,10.19,10.16,10.17
2023-10-18,SYN_POOL_A07,10.18,10.2,10.16,10.18
2023-10-19,SYN_POOL_A07,10.19,10.2,10.16,10.18
2023-10-20,SYN_POOL_A07,10.2,10.21,10.17,10.19
2023-10-23,SYN_POOL_A07,10.2,10.22,10.17,10.19
2023-10-24,SYN_POOL_A07,10.21,10.23,10.17,10.19
2023-10-25,SYN_POOL_A07,10.22,10.24,10.17,10.2
2023-10-26,SYN_POOL_A07,10.23,10.25,10.18,10.2
2023-10-27,SYN_POOL_A07,10.23,10.26,10.18,10.21
2023-10-30,SYN_POOL_A07,10.24,10.27,10.19,10.21
2023-10-31,SYN_POOL_A07,10.25,10.28,10.19,10.22
2023-11-01,SYN_POOL_A07,10.18,10.25,10.16,10.22
2023-11-02,SYN_POOL_A07,10.19,10.22,10.09,10.11
2023-11-03,SYN_POOL_A07,10.08,10.13,10.06,10.11
2023-11-06,SYN_POOL_A07,10.08,10.14,10.07,10.12
2023-11-07,SYN_POOL_A07,10.09,10.14,10.08,10.12
2023-11-08,SYN_POOL_A07,10.1,10.14,10.09,10.13
2023-11-09,SYN_POOL_A07,10.11,10.14,10.1,10.13
2023-11-10,SYN_POOL_A07,10.11,10.15,10.11,10.14
2023-11-13,SYN_POOL_A07,10.12,10.15,10.11,10.14
2023-11-14,SYN_POOL_A07,10.13,10.15,10.12,10.15
2023-11-15,SYN_POOL_A07,10.14,10.16,10.13,10.15
2023-11-16,SYN_POOL_A07,10.14,10.16,10.14,10.16
2023-11-17,SYN_POOL_A07,10.15,10.16,10.15,10.16
2023-11-20,SYN_POOL_A07,10.16,10.17,10.15,10.16
2023-11-21,SYN_POOL_A07,10.17,10.17,10.16,10.17
2023-11-22,SYN_POOL_A07,10.17,10.18,10.16,10.17
2023-11-23,SYN_POOL_A07,10.18,10.19,10.17,10.18
2023-11-24,SYN_POOL_A07,10.19,10.2,10.17,10.18
2023-11-27,SYN_POOL_A07,10.2,10.21,10.17,10.19
2023-11-28,SYN_POOL_A07,10.2,10.22,10.18,10.19
2023-11-29,SYN_POOL_A07,10.21,10.23,10.18,10.2
2023-11-30,SYN_POOL_A07,10.22,10.24,10.18,10.2
2023-12-01,SYN_POOL_A07,10.23,10.25,10.18,10.21
2023-12-04,SYN_POOL_A07,10.23,10.26,10.19,10.21
2023-12-05,SYN_POOL_A07,10.24,10.27,10.19,10.22
2023-12-06,SYN_POOL_A07,10.25,10.28,10.19,10.22
2023-12-07,SYN_POOL_A07,10.26,10.28,10.2,10.23
2023-12-08,SYN_POOL_A07,10.26,10.29,10.21,10.23
2023-12-11,SYN_POOL_A07,10.2,10.26,10.17,10.24
2023-12-12,SYN_POOL_A07,10.2,10.27,10.18,10.24
2023-12-13,SYN_POOL_A07,10.21,10.23,10.11,10.12
2023-12-14,SYN_POOL_A07,10.1,10.15,10.08,10.13
2023-12-15,SYN_POOL_A07,10.1,10.15,10.09,10.13
2023-12-18,SYN_POOL_A07,10.11,10.16,10.1,10.14
2023-12-19,SYN_POOL_A07,10.12,10.16,10.11,10.14
2023-12-20,SYN_POOL_A07,10.13,10.16,10.12,10.15
2023-12-21,SYN_POOL_A07,10.13,10.16,10.13,10.15
2023-12-22,SYN_POOL_A07,10.14,10.17,10.14,10.16
2023-12-25,SYN_POOL_A07,10.15,10.17,10.15,10.16
2023-12-26,SYN_POOL_A07,10.16,10.17,10.16,10.17
2023-12-27,SYN_POOL_A07,10.16,10.17,10.16,10.17
2023-12-28,SYN_POOL_A07,10.17,10.18,10.17,10.18
2023-12-29,SYN_POOL_A07,10.18,10.19,10.17,10.18
2024-01-01,SYN_POOL_A07,10.19,10.19,10.18,10.19
2024-01-02,SYN_POOL_A07,10.19,10.2,10.18,10.19
2024-01-03,SYN_POOL_A07,10.2,10.21,10.18,10.2
2024-01-04,SYN_POOL_A07,10.21,10.22,10.19,10.2
2024-01-05,SYN_POOL_A07,10.22,10.23,10.19,10.21
2024-01-08,SYN_POOL_A07,10.22,10.24,10.19,10.21
2024-01-09,SYN_POOL_A07,10.23,10.25,10.2,10.22
2024-01-10,SYN_POOL_A07,10.24,10.26,10.2,10.22
2024-01-11,SYN_POOL_A07,10.25,10.27,10.2,10.23
2024-01-12,SYN_POOL_A07,10.25,10.28,10.2,10.23
2024-01-15,SYN_POOL_A07,10.26,10.29,10.21,10.24
2024-01-16,SYN_POOL_A07,10.27,10.3,10.21,10.24
2024-01-17,SYN_POOL_A07,10.28,10.31,10.22,10.25
2024-01-18,SYN_POOL_A07,10.21,10.28,10.18,10.25
2024-01-19,SYN_POOL_A07,10.22,10.28,10.19,10.26
2024-01-22,SYN_POOL_A07,10.22,10.25,10.12,10.14
2024-01-23,SYN_POOL_A07,10.11,10.16,10.09,10.14
2024-01-24,SYN_POOL_A07,10.12,10.17,10.1,10.15
2024-01-25,SYN_POOL_A07,10.12,10.17,10.11,10.15
2024-01-26,SYN_POOL_A07,10.13,10.17,10.12,10.16
2024-01-29,SYN_POOL_A07,10.14,10.17,10.13,10.16
2024-01-30,SYN_POOL_A07,10.15,10.18,10.14,10.17
2024-01-31,SYN_POOL_A07,10.15,10.18,10.15,10.17
2024-02-01,SYN_POOL_A07,10.16,10.18,10.16,10.18
2024-02-02,SYN_POOL_A07,10.17,10.19,10.17,10.18
2024-02-05,SYN_POOL_A07,10.18,10.19,10.18,10.19
2024-02-06,SYN_POOL_A07,10.18,10.19,10.18,10.19
2024-02-07,SYN_POOL_A07,10.19,10.2,10.19,10.2
2024-02-08,SYN_POOL_A07,10.2,10.21,10.19,10.2
2024-02-09,SYN_POOL_A07,10.21,10.21,10.2,10.21
2024-02-12,SYN_POOL_A07,10.21,10.22,10.2,10.21
2024-02-13,SYN_POOL_A07,10.22,10.23,10.2,10.22
2024-02-14,SYN_POOL_A07,10.23,10.24,10.2,10.22
2024-02-15,SYN_POOL_A07,10.24,10.25,10.21,10.23
2024-02-16,SYN_POOL_A07,10.24,10.26,10.21,10.23
2024-02-19,SYN_POOL_A07,10.25,10.27,10.21,10.24
2024-02-20,SYN_POOL_A07,10.26,10.28,10.21,10.24
2024-02-21,SYN_POOL_A07,10.27,10.29,10.22,10.24
2024-02-22,SYN_POOL_A07,10.27,10.3,10.22,10.25
2024-02-23,SYN_POOL_A07,10.28,10.31,10.23,10.25
2024-02-26,SYN_POOL_A07,10.29,10.32,10.23,10.26
2024-02-27,SYN_POOL_A07,10.3,10.32,10.24,10.26
2024-02-28,SYN_POOL_A07,10.23,10.3,10.21,10.27
2024-02-29,SYN_POOL_A07,10.24,10.26,10.13,10.15
2024-03-01,SYN_POOL_A07,10.12,10.18,10.1,10.16
2024-03-04,SYN_POOL_A07,10.13,10.18,10.11,10.16
2024-03-05,SYN_POOL_A07,10.14,10.18,10.12,10.17
2024-03-06,SYN_POOL_A07,10.14,10.19,10.13,10.17
2024-03-07,SYN_POOL_A07,10.15,10.19,10.14,10.18
2024-03-08,SYN_POOL_A07,10.16,10.19,10.15,10.18
2024-03-11,SYN_POOL_A07,10.17,10.19,10.16,10.19
2024-03-12,SYN_POOL_A07,10.17,10.2,10.17,10.19
2024-03-13,SYN_POOL_A07,10.18,10.2,10.18,10.2
2024-03-14,SYN_POOL_A07,10.19,10.2,10.19,10.2
2024-03-15,SYN_POOL_A07,10.2,10.21,10.19,10.2
2024-03-18,SYN_POOL_A07,10.2,10.21,10.2,10.21
2024-03-19,SYN_POOL_A07,10.21,10.22,10.2,10.21
2024-03-20,SYN_POOL_A07,10.22,10.23,10.21,10.22
2024-03-21,SYN_POOL_A07,10.23,10.24,10.21,10.22
2024-03-22,SYN_POOL_A07,10.23,10.24,10.22,10.23
2024-03-25,SYN_POOL_A07,10.24,10.25,10.22,10.23
2024-03-26,SYN_POOL_A07,10.25,10.26,10.22,10.24
2024-03-27,SYN_POOL_A07,10.26,10.27,10.22,10.24
2024-03-28,SYN_POOL_A07,10.26,10.28,10.23,10.25
2024-03-29,SYN_POOL_A07,10.27,10.29,10.23,10.25
2024-04-01,SYN_POOL_A07,10.28,10.3,10.23,10.26
2024-04-02,SYN_POOL_A07,10.29,10.31,10.23,10.26
2024-04-03,SYN_POOL_A07,10.29,10.32,10.24,10.27
2024-04-04,SYN_POOL_A07,10.3,10.33,10.25,10.27
2024-04-05,SYN_POOL_A07,10.31,10.34,10.25,10.28
2024-04-08,SYN_POOL_A07,10.24,10.31,10.22,10.28
2024-04-09,SYN_POOL_A07,10.25,10.27,10.14,10.16
2024-04-10,SYN_POOL_A07,10.13,10.19,10.12,10.17
2024-04-11,SYN_POOL_A07,10.14,10.19,10.13,10.17
2024-04-12,SYN_POOL_A07,10.15,10.2,10.14,10.18
2024-04-15,SYN_POOL_A07,10.16,10.2,10.14,10.18
2024-04-16,SYN_POOL_A07,10.16,10.2,10.15,10.19
2024-04-17,SYN_POOL_A07,10.17,10.21,10.16,10.19
2024-04-18,SYN_POOL_A07,10.18,10.21,10.17,10.2
2024-04-19,SYN_POOL_A07,10.19,10.21,10.18,10.2
2024-04-22,SYN_POOL_A07,10.19,10.21,10.19,10.21
2024-04-23,SYN_POOL_A07,10.2,10.22,10.2,10.21
2024-04-24,SYN_POOL_A07,10.21,10.22,10.21,10.22
2024-04-25,SYN_POOL_A07,10.22,10.22,10.21,10.22
2024-04-26,SYN_POOL_A07,10.22,10.23,10.22,10.23
2024-04-29,SYN_POOL_A07,10.23,10.24,10.22,10.23
2024-04-30,SYN_POOL_A07,10.24,10.25,10.23,10.24
2024-05-01,SYN_POOL_A07,10.25,10.26,10.23,10.24
2024-05-02,SYN_POOL_A07,10.25,10.27,10.23,10.25
2024-05-03,SYN_POOL_A07,10.26,10.28,10.23,10.25
2024-05-06,SYN_POOL_A07,10.27,10.29,10.24,10.26
2024-05-07,SYN_POOL_A07,10.28,10.3,10.24,10.26
2024-05-08,SYN_POOL_A07,10.28,10.31,10.24,10.27
2024-05-09,SYN_POOL_A07,10.29,10.32,10.25,10.27
2024-05-10,SYN_POOL_A07,10.3,10.33,10.25,10.28
2024-05-13,SYN_POOL_A07,10.31,10.33,10.25,10.28
2024-05-14,SYN_POOL_A07,10.31,10.34,10.26,10.29
2024-05-15,SYN_POOL_A07,10.32,10.35,10.27,10.29
2024-05-16,SYN_POOL_A07,10.26,10.32,10.23,10.3
2024-05-17,SYN_POOL_A07,10.26,10.29,10.16,10.18
2024-05-20,SYN_POOL_A07,10.15,10.21,10.13,10.18
2024-05-21,SYN_POOL_A07,10.16,10.21,10.14,10.19
2024-05-22,SYN_POOL_A07,10.16,10.21,10.15,10.19
2024-05-23,SYN_POOL_A07,10.17,10.21,10.16,10.2
2024-05-24,SYN_POOL_A07,10.18,10.22,10.17,10.2
2024-05-27,SYN_POOL_A07,10.18,10.22,10.18,10.21
2024-05-28,SYN_POOL_A07,10.19,10.22,10.19,10.21
2024-05-29,SYN_POOL_A07,10.2,10.22,10.2,10.22
2024-05-30,SYN_POOL_A07,10.21,10.23,10.21,10.22
2024-05-31,SYN_POOL_A07,10.21,10.23,10.21,10.23
2024-06-03,SYN_POOL_A07,10.22,10.23,10.22,10.23
2024-06-04,SYN_POOL_A07,10.23,10.24,10.23,10.24
2024-06-05,SYN_POOL_A07,10.24,10.24,10.23,10.24
2024-06-06,SYN_POOL_A07,10.24,10.25,10.24,10.25
2024-06-07,SYN_POOL_A07,10.25,10.26,10.24,10.25
2024-06-10,SYN_POOL_A07,10.26,10.27,10.24,10.26
2024-06-11,SYN_POOL_A07,10.27,10.28,10.25,10.26
2024-06-12,SYN_POOL_A07,10.27,10.29,10.25,10.27
2024-06-13,SYN_POOL_A07,10.28,10.3,10.25,10.27
2024-06-14,SYN_POOL_A07,10.29,10.31,10.25,10.28
2024-06-17,SYN_POOL_A07,10.3,10.32,10.26,10.28
2024-06-18,SYN_POOL_A07,10.3,10.33,10.26,10.29
2024-06-19,SYN_POOL_A07,10.31,10.34,10.26,10.29
2024-06-20,SYN_POOL_A07,10.32,10.35,10.26,10.29
2024-06-21,SYN_POOL_A07,10.33,10.36,10.27,10.3
2024-06-24,SYN_POOL_A07,10.33,10.36,10.28,10.3
2024-06-25,SYN_POOL_A07,10.27,10.34,10.24,10.31
2024-06-26,SYN_POOL_A07,10.28,10.34,10.25,10.31
2024-06-27,SYN_POOL_A07,10.28,10.31,10.18,10.2
2024-06-28,SYN_POOL_A07,10.17,10.22,10.15,10.2
2024-07-01,SYN_POOL_A07,10.18,10.22,10.16,10.21
2024-07-02,SYN_POOL_A07,10.18,10.23,10.17,10.21
2024-07-03,SYN_POOL_A07,10.19,10.23,10.18,10.22
2024-07-04,SYN_POOL_A07,10.2,10.23,10.19,10.22
2024-07-05,SYN_POOL_A07,10.21,10.24,10.2,10.23
2024-07-08,SYN_POOL_A07,10.21,10.24,10.21,10.23
2024-07-09,SYN_POOL_A07,10.22,10.24,10.22,10.24
2024-07-10,SYN_POOL_A07,10.23,10.24,10.23,10.24
2024-07-11,SYN_POOL_A07,10.24,10.25,10.23,10.25
2024-07-12,SYN_POOL_A07,10.24,10.25,10.24,10.25
2024-07-15,SYN_POOL_A07,10.25,10.26,10.24,10.25
2024-07-16,SYN_POOL_A07,10.26,10.26,10.25,10.26
2024-07-17,SYN_POOL_A07,10.27,10.27,10.25,10.26
2024-07-18,SYN_POOL_A07,10.27,10.28,10.26,10.27
2024-07-19,SYN_POOL_A07,10.28,10.29,10.26,10.27
2024-07-22,SYN_POOL_A07,10.29,10.3,10.26,10.28
2024-07-23,SYN_POOL_A07,10.3,10.31,10.26,10.28
2024-07-24,SYN_POOL_A07,10.3,10.32,10.27,10.29
2024-07-25,SYN_POOL_A07,10.31,10.33,10.27,10.29
2024-07-26,SYN_POOL_A07,10.32,10.34,10.27,10.3
2024-07-29,SYN_POOL_A07,10.33,10.35,10.28,10.3
2024-07-30,SYN_POOL_A07,10.33,10.36,10.28,10.31
2024-07-31,SYN_POOL_A07,10.34,10.37,10.28,10.31
2024-08-01,SYN_POOL_A07,10.35,10.38,10.29,10.32
2024-08-02,SYN_POOL_A07,10.36,10.38,10.3,10.32
2024-08-05,SYN_POOL_A07,10.29,10.35,10.27,10.33
2024-08-06,SYN_POOL_A07,10.3,10.32,10.19,10.21
2024-08-07,SYN_POOL_A07,10.18,10.24,10.16,10.21
2024-08-08,SYN_POOL_A07,10.19,10.24,10.17,10.22
2024-08-09,SYN_POOL_A07,10.2,10.24,10.18,10.22
2024-08-12,SYN_POOL_A07,10.2,10.24,10.19,10.23
2024-08-13,SYN_POOL_A07,10.21,10.25,10.2,10.23
2024-08-14,SYN_POOL_A07,10.22,10.25,10.21,10.24
2024-08-15,SYN_POOL_A07,10.23,10.25,10.22,10.24
2024-08-16,SYN_POOL_A07,10.23,10.25,10.23,10.25
2024-08-19,SYN_POOL_A07,10.24,10.26,10.24,10.25
2024-08-20,SYN_POOL_A07,10.25,10.26,10.25,10.26
2024-08-21,SYN_POOL_A07,10.26,10.26,10.25,10.26
2024-08-22,SYN_POOL_A07,10.26,10.27,10.26,10.27
2024-08-23,SYN_POOL_A07,10.27,10.28,10.26,10.27
2024-08-26,SYN_POOL_A07,10.28,10.28,10.27,10.28
2024-08-27,SYN_POOL_A07,10.29,10.29,10.27,10.28
2024-08-28,SYN_POOL_A07,10.29,10.3,10.27,10.29
2024-08-29,SYN_POOL_A07,10.3,10.31,10.28,10.29
2024-08-30,SYN_POOL_A07,10.31,10.32,10.28,10.3
2024-09-02,SYN_POOL_A07,10.32,10.33,10.28,10.3
2024-09-03,SYN_POOL_A07,10.32,10.34,10.28,10.31
2024-09-04,SYN_POOL_A07,10.33,10.35,10.29,10.31
2024-09-05,SYN_POOL_A07,10.34,10.36,10.29,10.32
2024-09-06,SYN_POOL_A07,10.35,10.37,10.29,10.32
2024-09-09,SYN_POOL_A07,10.35,10.38,10.3,10.33
2024-09-10,SYN_POOL_A07,10.36,10.39,10.3,10.33
2024-09-11,SYN_POOL_A07,10.37,10.4,10.31,10.34
2024-09-12,SYN_POOL_A07,10.3,10.37,10.28,10.34
2024-09-13,SYN_POOL_A07,10.31,10.33,10.2,10.22
2024-09-16,SYN_POOL_A07,10.19,10.25,10.17,10.23
2024-09-17,SYN_POOL_A07,10.2,10.25,10.18,10.23
2024-09-18,SYN_POOL_A07,10.21,10.25,10.19,10.24
2024-09-19,SYN_POOL_A07,10.22,10.26,10.2,10.24
2024-09-20,SYN_POOL_A07,10.22,10.26,10.21,10.25
2024-09-23,SYN_POOL_A07,10.23,10.26,10.22,10.25
2024-09-24,SYN_POOL_A07,10.24,10.27,10.23,10.26
2024-09-25,SYN_POOL_A07,10.25,10.27,10.24,10.26
2024-09-26,SYN_POOL_A07,10.25,10.27,10.25,10.27
2024-09-27,SYN_POOL_A07,10.26,10.27,10.26,10.27
2024-09-30,SYN_POOL_A07,10.27,10.28,10.27,10.28
2024-10-01,SYN_POOL_A07,10.28,10.28,10.27,10.28
2024-10-02,SYN_POOL_A07,10.28,10.29,10.28,10.29
2024-10-03,SYN_POOL_A07,10.29,10.3,10.28,10.29
2024-10-04,SYN_POOL_A07,10.3,10.31,10.28,10.3
2024-10-07,SYN_POOL_A07,10.31,10.32,10.29,10.3
2024-10-08,SYN_POOL_A07,10.31,10.33,10.29,10.31
2024-10-09,SYN_POOL_A07,10.32,10.34,10.29,10.31
2024-10-10,SYN_POOL_A07,10.33,10.35,10.3,10.32
2024-10-11,SYN_POOL_A07,10.34,10.36,10.3,10.32
2024-10-14,SYN_POOL_A07,10.34,10.37,10.3,10.33
2024-10-15,SYN_POOL_A07,10.35,10.38,10.3,10.33
2024-10-16,SYN_POOL_A07,10.36,10.38,10.31,10.34
2024-10-17,SYN_POOL_A07,10.37,10.39,10.31,10.34
2024-10-18,SYN_POOL_A07,10.37,10.4,10.32,10.35
2024-10-21,SYN_POOL_A07,10.38,10.41,10.32,10.35
2024-10-22,SYN_POOL_A07,10.31,10.38,10.29,10.35
2024-10-23,SYN_POOL_A07,10.32,10.35,10.21,10.24
2024-10-24,SYN_POOL_A07,10.21,10.26,10.19,10.24
2024-10-25,SYN_POOL_A07,10.21,10.27,10.2,10.25
2024-10-28,SYN_POOL_A07,10.22,10.27,10.21,10.25
2024-10-29,SYN_POOL_A07,10.23,10.27,10.22,10.26
2024-10-30,SYN_POOL_A07,10.24,10.27,10.23,10.26
2024-10-31,SYN_POOL_A07,10.24,10.28,10.24,10.27
2024-11-01,SYN_POOL_A07,10.25,10.28,10.24,10.27
2024-11-04,SYN_POOL_A07,10.26,10.28,10.25,10.28
2024-11-05,SYN_POOL_A07,10.27,10.29,10.26,10.28
2024-11-06,SYN_POOL_A07,10.27,10.29,10.27,10.29
2024-11-07,SYN_POOL_A07,10.28,10.29,10.28,10.29
2024-11-08,SYN_POOL_A07,10.29,10.3,10.28,10.29
2024-11-11,SYN_POOL_A07,10.3,10.3,10.29,10.3
2024-11-12,SYN_POOL_A07,10.3,10.31,10.29,10.3
2024-11-13,SYN_POOL_A07,10.31,10.32,10.3,10.31
2024-11-14,SYN_POOL_A07,10.32,10.33,10.3,10.31
2024-11-15,SYN_POOL_A07,10.33,10.34,10.3,10.32
2024-11-18,SYN_POOL_A07,10.33,10.35,10.31,10.32
2024-11-19,SYN_POOL_A07,10.34,10.36,10.31,10.33
2024-11-20,SYN_POOL_A07,10.35,10.37,10.31,10.33
2024-11-21,SYN_POOL_A07,10.36,10.38,10.31,10.34
2024-11-22,SYN_POOL_A07,10.36,10.39,10.32,10.34
2024-11-25,SYN_POOL_A07,10.37,10.4,10.32,10.35
2024-11-26,SYN_POOL_A07,10.38,10.41,10.32,10.35
2024-11-27,SYN_POOL_A07,10.39,10.42,10.33,10.36
2024-11-28,SYN_POOL_A07,10.39,10.42,10.34,10.36
2024-11-29,SYN_POOL_A07,10.33,10.4,10.3,10.37
2024-12-02,SYN_POOL_A07,10.33,10.4,10.31,10.37
2024-12-03,SYN_POOL_A07,10.34,10.36,10.23,10.25
2024-12-04,SYN_POOL_A07,10.23,10.28,10.21,10.26
2024-12-05,SYN_POOL_A07,10.23,10.28,10.22,10.26
2024-12-06,SYN_POOL_A07,10.24,10.29,10.23,10.27
2024-12-09,SYN_POOL_A07,10.25,10.29,10.24,10.27
2024-12-10,SYN_POOL_A07,10.26,10.29,10.25,10.28
2024-12-11,SYN_POOL_A07,10.26,10.29,10.26,10.28
2024-12-12,SYN_POOL_A07,10.27,10.3,10.27,10.29
2024-12-13,SYN_POOL_A07,10.28,10.3,10.28,10.29
2024-12-16,SYN_POOL_A07,10.29,10.3,10.29,10.3
2024-12-17,SYN_POOL_A07,10.29,10.3,10.29,10.3
2024-12-18,SYN_POOL_A07,10.3,10.31,10.3,10.31
2024-12-19,SYN_POOL_A07,10.31,10.32,10.3,10.31
2024-12-20,SYN_POOL_A07,10.32,10.32,10.31,10.32
2024-12-23,SYN_POOL_A07,10.32,10.33,10.31,10.32
2024-12-24,SYN_POOL_A07,10.33,10.34,10.31,10.33
2024-12-25,SYN_POOL_A07,10.34,10.35,10.32,10.33
2024-12-26,SYN_POOL_A07,10.35,10.36,10.32,10.34
2024-12-27,SYN_POOL_A07,10.35,10.37,10.32,10.34
2024-12-30,SYN_POOL_A07,10.36,10.38,10.33,10.35
2024-12-31,SYN_POOL_A07,10.37,10.39,10.33,10.35
2025-01-01,SYN_POOL_A07,10.38,10.4,10.33,10.36
2025-01-02,SYN_POOL_A07,10.38,10.41,10.33,10.36
2025-01-03,SYN_POOL_A07,10.39,10.42,10.34,10.37
2025-01-06,SYN_POOL_A07,10.4,10.43,10.34,10.37
2025-01-07,SYN_POOL_A07,10.41,10.44,10.35,10.38
2025-01-08,SYN_POOL_A07,10.34,10.41,10.32,10.38
2025-01-09,SYN_POOL_A07,10.35,10.41,10.32,10.39
2025-01-10,SYN_POOL_A07,10.35,10.38,10.25,10.27
2025-01-13,SYN_POOL_A07,10.24,10.29,10.22,10.27
2025-01-14,SYN_POOL_A07,10.25,10.3,10.23,10.28
2025-01-15,SYN_POOL_A07,10.25,10.3,10.24,10.28
2025-01-16,SYN_POOL_A07,10.26,10.3,10.25,10.29
2025-01-17,SYN_POOL_A07,10.27,10.3,10.26,10.29
2025-01-20,SYN_POOL_A07,10.28,10.31,10.27,10.3
2025-01-21,SYN_POOL_A07,10.28,10.31,10.28,10.3
2025-01-22,SYN_POOL_A07,10.29,10.31,10.29,10.31
2025-01-23,SYN_POOL_A07,10.3,10.32,10.3,10.31
2025-01-24,SYN_POOL_A07,10.31,10.32,10.3,10.32
2025-01-27,SYN_POOL_A07,10.31,10.32,10.31,10.32
2025-01-28,SYN_POOL_A07,10.32,10.33,10.32,10.33
2025-01-29,SYN_POOL_A07,10.33,10.34,10.32,10.33
2025-01-30,SYN_POOL_A07,10.34,10.34,10.33,10.34
2025-01-31,SYN_POOL_A07,10.34,10.35,10.33,10.34
2025-02-03,SYN_POOL_A07,10.35,10.36,10.33,10.35
2025-02-04,SYN_POOL_A07,10.36,10.37,10.33,10.35
2025-02-05,SYN_POOL_A07,10.37,10.38,10.34,10.36
2025-02-06,SYN_POOL_A07,10.37,10.39,10.34,10.36
2025-02-07,SYN_POOL_A07,10.38,10.4,10.34,10.37
2025-02-10,SYN_POOL_A07,10.39,10.41,10.34,10.37
2025-02-11,SYN_POOL_A07,10.4,10.42,10.35,10.38
2025-02-12,SYN_POOL_A07,10.4,10.43,10.35,10.38
2025-02-13,SYN_POOL_A07,10.41,10.44,10.36,10.39
2025-02-14,SYN_POOL_A07,10.42,10.45,10.36,10.39
2025-02-17,SYN_POOL_A07,10.43,10.46,10.37,10.4
2025-02-18,SYN_POOL_A07,10.36,10.43,10.34,10.4
2025-02-19,SYN_POOL_A07,10.37,10.39,10.26,10.28
2025-02-20,SYN_POOL_A07,10.25,10.31,10.23,10.29
2025-02-21,SYN_POOL_A07,10.26,10.31,10.24,10.29
2025-02-24,SYN_POOL_A07,10.27,10.31,10.25,10.3
2025-02-25,SYN_POOL_A07,10.27,10.32,10.26,10.3
2025-02-26,SYN_POOL_A07,10.28,10.32,10.27,10.31
2025-02-27,SYN_POOL_A07,10.29,10.32,10.28,10.31
2025-02-28,SYN_POOL_A07,10.3,10.32,10.29,10.32
2025-03-03,SYN_POOL_A07,10.3,10.33,10.3,10.32
2025-03-04,SYN_POOL_A07,10.31,10.33,10.31,10.33
2025-03-05,SYN_POOL_A07,10.32,10.33,10.32,10.33
2025-03-06,SYN_POOL_A07,10.33,10.34,10.32,10.33
2025-03-07,SYN_POOL_A07,10.33,10.34,10.33,10.34
2025-03-10,SYN_POOL_A07,10.34,10.35,10.33,10.34
2025-03-11,SYN_POOL_A07,10.35,10.36,10.34,10.35
2025-03-12,SYN_POOL_A07,10.36,10.37,10.34,10.35
2025-03-13,SYN_POOL_A07,10.36,10.38,10.35,10.36
2025-03-14,SYN_POOL_A07,10.37,10.39,10.35,10.36
2025-03-17,SYN_POOL_A07,10.38,10.4,10.35,10.37
2025-03-18,SYN_POOL_A07,10.39,10.41,10.35,10.37
2025-03-19,SYN_POOL_A07,10.39,10.42,10.36,10.38
2025-03-20,SYN_POOL_A07,10.4,10.42,10.36,10.38
2025-03-21,SYN_POOL_A07,10.41,10.43,10.36,10.39
2025-03-24,SYN_POOL_A07,10.42,10.44,10.36,10.39
2025-03-25,SYN_POOL_A07,10.43,10.45,10.37,10.4
2025-03-26,SYN_POOL_A07,10.43,10.46,10.38,10.4
2025-03-27,SYN_POOL_A07,10.44,10.47,10.38,10.41
2025-03-28,SYN_POOL_A07,10.37,10.44,10.35,10.41
2025-03-31,SYN_POOL_A07,10.38,10.41,10.27,10.29
2025-04-01,SYN_POOL_A07,10.26,10.32,10.25,10.3
2025-04-02,SYN_POOL_A07,10.27,10.32,10.25,10.3
2025-04-03,SYN_POOL_A07,10.28,10.33,10.26,10.31
2025-04-04,SYN_POOL_A07,10.29,10.33,10.27,10.31
2025-04-07,SYN_POOL_A07,10.29,10.33,10.28,10.32
2025-04-08,SYN_POOL_A07,10.3,10.33,10.29,10.32
2025-04-09,SYN_POOL_A07,10.31,10.34,10.3,10.33
2025-04-10,SYN_POOL_A07,10.32,10.34,10.31,10.33
2025-04-11,SYN_POOL_A07,10.32,10.34,10.32,10.34
2025-04-14,SYN_POOL_A07,10.33,10.35,10.33,10.34
2025-04-15,SYN_POOL_A07,10.34,10.35,10.34,10.35
2025-04-16,SYN_POOL_A07,10.35,10.36,10.34,10.35
2025-04-17,SYN_POOL_A07,10.35,10.36,10.35,10.36
2025-04-18,SYN_POOL_A07,10.36,10.37,10.35,10.36
2025-04-21,SYN_POOL_A07,10.37,10.38,10.36,10.37
2025-04-22,SYN_POOL_A07,10.38,10.39,10.36,10.37
2025-04-23,SYN_POOL_A07,10.39,10.4,10.36,10.38
2025-04-24,SYN_POOL_A07,10.39,10.41,10.36,10.38
2025-04-25,SYN_POOL_A07,10.4,10.42,10.37,10.39
2025-04-28,SYN_POOL_A07,10.41,10.43,10.37,10.39
2025-04-29,SYN_POOL_A07,10.42,10.44,10.37,10.4
2025-04-30,SYN_POOL_A07,10.42,10.45,10.38,10.4
2025-05-01,SYN_POOL_A07,10.43,10.46,10.38,10.41
2025-05-02,SYN_POOL_A07,10.44,10.47,10.38,10.41
2025-05-05,SYN_POOL_A07,10.45,10.48,10.39,10.42
2025-05-06,SYN_POOL_A07,10.45,10.48,10.4,10.42
2025-05-07,SYN_POOL_A07,10.39,10.45,10.36,10.43
2025-05-08,SYN_POOL_A07,10.39,10.42,10.29,10.31
2025-05-09,SYN_POOL_A07,10.28,10.34,10.26,10.31
2025-05-12,SYN_POOL_A07,10.28,10.34,10.27,10.32
2025-05-13,SYN_POOL_A07,10.29,10.34,10.28,10.32
2025-05-14,SYN_POOL_A07,10.3,10.34,10.29,10.33
2025-05-15,SYN_POOL_A07,10.31,10.35,10.3,10.33
2025-05-16,SYN_POOL_A07,10.31,10.35,10.31,10.34
2025-05-19,SYN_POOL_A07,10.32,10.35,10.32,10.34
2025-05-20,SYN_POOL_A07,10.33,10.35,10.33,10.35
2025-05-21,SYN_POOL_A07,10.34,10.36,10.34,10.35
2025-05-22,SYN_POOL_A07,10.34,10.36,10.34,10.36
2025-05-23,SYN_POOL_A07,10.35,10.36,10.35,10.36
2025-05-26,SYN_POOL_A07,10.36,10.37,10.36,10.37
2025-05-27,SYN_POOL_A07,10.37,10.38,10.36,10.37
2025-05-28,SYN_POOL_A07,10.38,10.38,10.37,10.38
2025-05-29,SYN_POOL_A07,10.38,10.39,10.37,10.38
2025-05-30,SYN_POOL_A07,10.39,10.4,10.37,10.39
2025-06-02,SYN_POOL_A07,10.4,10.41,10.38,10.39
2025-06-03,SYN_POOL_A07,10.41,10.42,10.38,10.4
2025-06-04,SYN_POOL_A07,10.41,10.43,10.38,10.4
2025-06-05,SYN_POOL_A07,10.42,10.44,10.38,10.41
2025-06-06,SYN_POOL_A07,10.43,10.45,10.39,10.41
2025-06-09,SYN_POOL_A07,10.44,10.46,10.39,10.42
2025-06-10,SYN_POOL_A07,10.44,10.47,10.39,10.42
2025-06-11,SYN_POOL_A07,10.45,10.48,10.39,10.43
2025-06-12,SYN_POOL_A07,10.46,10.49,10.4,10.43
2025-06-13,SYN_POOL_A07,10.47,10.5,10.41,10.44
2025-06-16,SYN_POOL_A07,10.4,10.47,10.37,10.44
2025-06-17,SYN_POOL_A07,10.41,10.47,10.38,10.45
2025-06-18,SYN_POOL_A07,10.41,10.44,10.31,10.33
2025-06-19,SYN_POOL_A07,10.3,10.35,10.28,10.33
2025-06-20,SYN_POOL_A07,10.3,10.35,10.29,10.34
2025-06-23,SYN_POOL_A07,10.31,10.36,10.3,10.34
2025-06-24,SYN_POOL_A07,10.32,10.36,10.31,10.35
2025-06-25,SYN_POOL_A07,10.33,10.36,10.32,10.35
2025-06-26,SYN_POOL_A07,10.33,10.37,10.33,10.36
2025-06-27,SYN_POOL_A07,10.34,10.37,10.34,10.36
2025-06-30,SYN_POOL_A07,10.35,10.37,10.35,10.37
2025-07-01,SYN_POOL_A07,10.36,10.37,10.36,10.37
2025-07-02,SYN_POOL_A07,10.37,10.38,10.36,10.38
2025-07-03,SYN_POOL_A07,10.37,10.38,10.37,10.38
2025-07-04,SYN_POOL_A07,10.38,10.39,10.37,10.38
2025-07-07,SYN_POOL_A07,10.39,10.4,10.38,10.39
2025-07-08,SYN_POOL_A07,10.4,10.4,10.38,10.39
2025-07-09,SYN_POOL_A07,10.4,10.41,10.39,10.4
2025-07-10,SYN_POOL_A07,10.41,10.42,10.39,10.4
2025-07-11,SYN_POOL_A07,10.42,10.43,10.39,10.41
2025-07-14,SYN_POOL_A07,10.43,10.44,10.39,10.41
2025-07-15,SYN_POOL_A07,10.43,10.45,10.4,10.42
2025-07-16,SYN_POOL_A07,10.44,10.46,10.4,10.42
2025-07-17,SYN_POOL_A07,10.45,10.47,10.4,10.43
2025-07-18,SYN_POOL_A07,10.46,10.48,10.41,10.43
2025-07-21,SYN_POOL_A07,10.46,10.49,10.41,10.44
2025-07-22,SYN_POOL_A07,10.47,10.5,10.41,10.44
2025-07-23,SYN_POOL_A07,10.48,10.51,10.42,10.45
2025-07-24,SYN_POOL_A07,10.41,10.48,10.39,10.45
2025-07-25,SYN_POOL_A07,10.42,10.48,10.4,10.46
2025-07-28,SYN_POOL_A07,10.43,10.45,10.32,10.34
2025-07-29,SYN_POOL_A07,10.31,10.37,10.29,10.34
2025-07-30,SYN_POOL_A07,10.32,10.37,10.3,10.35
2025-07-31,SYN_POOL_A07,10.32,10.37,10.31,10.35
2023-06-01,SYN_POOL_A08,9.79,9.8,9.78,9.79
2023-06-02,SYN_POOL_A08,9.77,9.82,9.76,9.81
2023-06-05,SYN_POOL_A08,9.8,9.83,9.79,9.83
2023-06-06,SYN_POOL_A08,9.83,9.86,9.81,9.85
2023-06-07,SYN_POOL_A08,9.86,9.89,9.84,9.88
2023-06-08,SYN_POOL_A08,9.89,9.92,9.86,9.9
2023-06-09,SYN_POOL_A08,9.92,9.95,9.88,9.92
2023-06-12,SYN_POOL_A08,9.95,9.98,9.9,9.94
2023-06-13,SYN_POOL_A08,9.98,10.02,9.92,9.97
2023-06-14,SYN_POOL_A08,10.01,10.06,9.93,9.99
2023-06-15,SYN_POOL_A08,10.04,10.1,9.95,10.01
2023-06-16,SYN_POOL_A08,10.08,10.14,9.96,10.03
2023-06-19,SYN_POOL_A08,10.11,10.18,9.98,10.06
2023-06-20,SYN_POOL_A08,10.14,10.22,9.99,10.08
2023-06-21,SYN_POOL_A08,10.17,10.25,10.01,10.1
2023-06-22,SYN_POOL_A08,10.2,10.29,10.02,10.13
2023-06-23,SYN_POOL_A08,10.23,10.33,10.05,10.15
2023-06-26,SYN_POOL_A08,10.26,10.36,10.08,10.17
2023-06-27,SYN_POOL_A08,10.05,10.28,9.97,10.19
2023-06-28,SYN_POOL_A08,10.08,10.3,10.01,10.22
2023-06-29,SYN_POOL_A08,10.11,10.19,9.78,9.84
2023-06-30,SYN_POOL_A08,9.75,9.93,9.69,9.86
2023-07-03,SYN_POOL_A08,9.78,9.94,9.73,9.88
2023-07-04,SYN_POOL_A08,9.81,9.96,9.77,9.91
2023-07-05,SYN_POOL_A08,9.84,9.97,9.81,9.93
2023-07-06,SYN_POOL_A08,9.87,9.99,9.84,9.95
2023-07-07,SYN_POOL_A08,9.9,10.01,9.88,9.97
2023-07-10,SYN_POOL_A08,9.93,10.02,9.92,10.0
2023-07-11,SYN_POOL_A08,9.97,10.04,9.96,10.02
2023-07-12,SYN_POOL_A08,10.0,10.05,10.0,10.04
2023-07-13,SYN_POOL_A08,10.03,10.07,10.02,10.07
2023-07-14,SYN_POOL_A08,10.06,10.09,10.05,10.09
2023-07-17,SYN_POOL_A08,10.09,10.12,10.07,10.11
2023-07-18,SYN_POOL_A08,10.12,10.15,10.09,10.13
2023-07-19,SYN_POOL_A08,10.15,10.18,10.12,10.16
2023-07-20,SYN_POOL_A08,10.19,10.22,10.14,10.18
2023-07-21,SYN_POOL_A08,10.22,10.26,10.15,10.2
2023-07-24,SYN_POOL_A08,10.25,10.3,10.17,10.23
2023-07-25,SYN_POOL_A08,10.28,10.34,10.18,10.25
2023-07-26,SYN_POOL_A08,10.31,10.37,10.2,10.27
2023-07-27,SYN_POOL_A08,10.34,10.41,10.22,10.3
2023-07-28,SYN_POOL_A08,10.38,10.45,10.23,10.32
2023-07-31,SYN_POOL_A08,10.41,10.49,10.25,10.34
2023-08-01,SYN_POOL_A08,10.44,10.53,10.26,10.36
2023-08-02,SYN_POOL_A08,10.47,10.57,10.29,10.39
2023-08-03,SYN_POOL_A08,10.5,10.61,10.32,10.41
2023-08-04,SYN_POOL_A08,10.29,10.53,10.2,10.43
2023-08-07,SYN_POOL_A08,10.32,10.54,10.24,10.46
2023-08-08,SYN_POOL_A08,10.35,10.43,10.0,10.07
2023-08-09,SYN_POOL_A08,9.98,10.16,9.92,10.09
2023-08-10,SYN_POOL_A08,10.01,10.18,9.96,10.12
2023-08-11,SYN_POOL_A08,10.04,10.19,9.99,10.14
2023-08-14,SYN_POOL_A08,10.07,10.21,10.03,10.16
2023-08-15,SYN_POOL_A08,10.1,10.23,10.07,10.18
2023-08-16,SYN_POOL_A08,10.13,10.24,10.11,10.21
2023-08-17,SYN_POOL_A08,10.16,10.26,10.15,10.23
2023-08-18,SYN_POOL_A08,10.2,10.27,10.19,10.25
2023-08-21,SYN_POOL_A08,10.23,10.29,10.23,10.28
2023-08-22,SYN_POOL_A08,10.26,10.31,10.25,10.3
2023-08-23,SYN_POOL_A08,10.29,10.33,10.28,10.32
2023-08-24,SYN_POOL_A08,10.32,10.36,10.3,10.35
2023-08-25,SYN_POOL_A08,10.36,10.39,10.33,10.37
2023-08-28,SYN_POOL_A08,10.39,10.42,10.35,10.39
2023-08-29,SYN_POOL_A08,10.42,10.45,10.37,10.42
2023-08-30,SYN_POOL_A08,10.45,10.49,10.39,10.44
2023-08-31,SYN_POOL_A08,10.48,10.53,10.41,10.46
2023-09-01,SYN_POOL_A08,10.52,10.57,10.42,10.49
2023-09-04,SYN_POOL_A08,10.55,10.61,10.44,10.51
2023-09-05,SYN_POOL_A08,10.58,10.65,10.45,10.53
2023-09-06,SYN_POOL_A08,10.61,10.69,10.47,10.56
2023-09-07,SYN_POOL_A08,10.65,10.73,10.48,10.58
2023-09-08,SYN_POOL_A08,10.68,10.77,10.5,10.6
2023-09-11,SYN_POOL_A08,10.71,10.81,10.52,10.63
2023-09-12,SYN_POOL_A08,10.74,10.85,10.56,10.65
2023-09-13,SYN_POOL_A08,10.78,10.88,10.59,10.67
2023-09-14,SYN_POOL_A08,10.55,10.79,10.47,10.7
2023-09-15,SYN_POOL_A08,10.59,10.67,10.23,10.3
2023-09-18,SYN_POOL_A08,10.2,10.4,10.14,10.32
2023-09-19,SYN_POOL_A08,10.23,10.41,10.18,10.35
2023-09-20,SYN_POOL_A08,10.27,10.43,10.22,10.37
2023-09-21,SYN_POOL_A08,10.3,10.44,10.26,10.39
2023-09-22,SYN_POOL_A08,10.33,10.46,10.3,10.42
2023-09-25,SYN_POOL_A08,10.36,10.48,10.34,10.44
2023-09-26,SYN_POOL_A08,10.39,10.49,10.38,10.46
2023-09-27,SYN_POOL_A08,10.43,10.51,10.42,10.49
2023-09-28,SYN_POOL_A08,10.46,10.52,10.45,10.51
2023-09-29,SYN_POOL_A08,10.49,10.54,10.49,10.53
2023-10-02,SYN_POOL_A08,10.52,10.56,10.51,10.56
2023-10-03,SYN_POOL_A08,10.56,10.59,10.54,10.58
2023-10-04,SYN_POOL_A08,10.59,10.62,10.56,10.6
2023-10-05,SYN_POOL_A08,10.62,10.65,10.59,10.63
2023-10-06,SYN_POOL_A08,10.65,10.68,10.61,10.65
2023-10-09,SYN_POOL_A08,10.69,10.73,10.63,10.68
2023-10-10,SYN_POOL_A08,10.72,10.77,10.64,10.7
2023-10-11,SYN_POOL_A08,10.75,10.81,10.66,10.72
2023-10-12,SYN_POOL_A08,10.78,10.85,10.67,10.75
2023-10-13,SYN_POOL_A08,10.82,10.89,10.69,10.77
2023-10-16,SYN_POOL_A08,10.85,10.93,10.71,10.79
2023-10-17,SYN_POOL_A08,10.88,10.97,10.72,10.82
2023-10-18,SYN_POOL_A08,10.92,11.01,10.74,10.84
2023-10-19,SYN_POOL_A08,10.95,11.05,10.76,10.87
2023-10-20,SYN_POOL_A08,10.98,11.09,10.79,10.89
2023-10-23,SYN_POOL_A08,11.02,11.12,10.82,10.91
2023-10-24,SYN_POOL_A08,10.79,11.03,10.71,10.94
2023-10-25,SYN_POOL_A08,10.82,10.91,10.46,10.53
2023-10-26,SYN_POOL_A08,10.43,10.63,10.36,10.55
2023-10-27,SYN_POOL_A08,10.46,10.65,10.4,10.58
2023-10-30,SYN_POOL_A08,10.49,10.66,10.44,10.6
2023-10-31,SYN_POOL_A08,10.53,10.68,10.48,10.63
2023-11-01,SYN_POOL_A08,10.56,10.7,10.52,10.65
2023-11-02,SYN_POOL_A08,10.59,10.71,10.56,10.67
2023-11-03,SYN_POOL_A08,10.62,10.73,10.6,10.7
2023-11-06,SYN_POOL_A08,10.66,10.74,10.64,10.72
2023-11-07,SYN_POOL_A08,10.69,10.76,10.68,10.74
2023-11-08,SYN_POOL_A08,10.72,10.78,10.72,10.77
2023-11-09,SYN_POOL_A08,10.76,10.79,10.75,10.79
2023-11-10,SYN_POOL_A08,10.79,10.82,10.77,10.82
2023-11-13,SYN_POOL_A08,10.82,10.85,10.8,10.84
2023-11-14,SYN_POOL_A08,10.85,10.89,10.82,10.86
2023-11-15,SYN_POOL_A08,10.89,10.92,10.85,10.89
2023-11-16,SYN_POOL_A08,10.92,10.96,10.86,10.91
2023-11-17,SYN_POOL_A08,10.95,11.0,10.88,10.94
2023-11-20,SYN_POOL_A08,10.99,11.04,10.9,10.96
2023-11-21,SYN_POOL_A08,11.02,11.08,10.91,10.98
2023-11-22,SYN_POOL_A08,11.05,11.12,10.93,11.01
2023-11-23,SYN_POOL_A08,11.09,11.17,10.94,11.03
2023-11-24,SYN_POOL_A08,11.12,11.21,10.96,11.06
2023-11-27,SYN_POOL_A08,11.16,11.25,10.98,11.08
2023-11-28,SYN_POOL_A08,11.19,11.29,10.99,11.1
2023-11-29,SYN_POOL_A08,11.22,11.33,11.03,11.13
2023-11-30,SYN_POOL_A08,11.26,11.36,11.06,11.15
2023-12-01,SYN_POOL_A08,11.02,11.27,10.94,11.18
2023-12-04,SYN_POOL_A08,11.06,11.14,10.69,10.76
2023-12-05,SYN_POOL_A08,10.66,10.86,10.59,10.79
2023-12-06,SYN_POOL_A08,10.69,10.88,10.63,10.81
2023-12-07,SYN_POOL_A08,10.72,10.9,10.67,10.83
2023-12-08,SYN_POOL_A08,10.75,10.91,10.71,10.86
2023-12-11,SYN_POOL_A08,10.79,10.93,10.75,10.88
2023-12-12,SYN_POOL_A08,10.82,10.95,10.79,10.91
2023-12-13,SYN_POOL_A08,10.85,10.96,10.83,10.93
2023-12-14,SYN_POOL_A08,10.89,10.98,10.87,10.95
2023-12-15,SYN_POOL_A08,10.92,11.0,10.91,10.98
2023-12-18,SYN_POOL_A08,10.95,11.01,10.95,11.0
2023-12-19,SYN_POOL_A08,10.99,11.03,10.98,11.03
2023-12-20,SYN_POOL_A08,11.02,11.06,11.0,11.05
2023-12-21,SYN_POOL_A08,11.05,11.09,11.03,11.07
2023-12-22,SYN_POOL_A08,11.09,11.12,11.06,11.1
2023-12-25,SYN_POOL_A08,11.12,11.15,11.08,11.12
2023-12-26,SYN_POOL_A08,11.15,11.19,11.1,11.15
2023-12-27,SYN_POOL_A08,11.19,11.23,11.12,11.17
2023-12-28,SYN_POOL_A08,11.22,11.28,11.13,11.2
2023-12-29,SYN_POOL_A08,11.26,11.32,11.15,11.22
2024-01-01,SYN_POOL_A08,11.29,11.36,11.16,11.24
2024-01-02,SYN_POOL_A08,11.32,11.4,11.18,11.27
2024-01-03,SYN_POOL_A08,11.36,11.45,11.2,11.29
2024-01-04,SYN_POOL_A08,11.39,11.49,11.21,11.32
2024-01-05,SYN_POOL_A08,11.43,11.53,11.23,11.34
2024-01-08,SYN_POOL_A08,11.46,11.57,11.26,11.37
2024-01-09,SYN_POOL_A08,11.5,11.61,11.29,11.39
2024-01-10,SYN_POOL_A08,11.26,11.52,11.17,11.42
2024-01-11,SYN_POOL_A08,11.29,11.53,11.21,11.44
2024-01-12,SYN_POOL_A08,11.33,11.41,10.94,11.02
2024-01-15,SYN_POOL_A08,10.91,11.11,10.85,11.04
2024-01-16,SYN_POOL_A08,10.95,11.13,10.89,11.06
2024-01-17,SYN_POOL_A08,10.98,11.15,10.93,11.09
2024-01-18,SYN_POOL_A08,11.01,11.16,10.97,11.11
2024-01-19,SYN_POOL_A08,11.05,11.18,11.02,11.14
2024-01-22,SYN_POOL_A08,11.08,11.2,11.06,11.16
2024-01-23,SYN_POOL_A08,11.12,11.21,11.1,11.19
2024-01-24,SYN_POOL_A08,11.15,11.23,11.14,11.21
2024-01-25,SYN_POOL_A08,11.18,11.25,11.18,11.24
2024-01-26,SYN_POOL_A08,11.22,11.26,11.21,11.26
2024-01-29,SYN_POOL_A08,11.25,11.29,11.24,11.28
2024-01-30,SYN_POOL_A08,11.29,11.32,11.26,11.31
2024-01-31,SYN_POOL_A08,11.32,11.35,11.29,11.33
2024-02-01,SYN_POOL_A08,11.35,11.39,11.32,11.36
2024-02-02,SYN_POOL_A08,11.39,11.43,11.34,11.38
2024-02-05,SYN_POOL_A08,11.42,11.47,11.35,11.41
2024-02-06,SYN_POOL_A08,11.46,11.51,11.37,11.43
2024-02-07,SYN_POOL_A08,11.49,11.55,11.39,11.46
2024-02-08,SYN_POOL_A08,11.53,11.6,11.4,11.48
2024-02-09,SYN_POOL_A08,11.56,11.64,11.42,11.51
2024-02-12,SYN_POOL_A08,11.6,11.68,11.43,11.53
2024-02-13,SYN_POOL_A08,11.63,11.73,11.45,11.56
2024-02-14,SYN_POOL_A08,11.67,11.77,11.47,11.58
2024-02-15,SYN_POOL_A08,11.7,11.81,11.5,11.61
2024-02-16,SYN_POOL_A08,11.74,11.85,11.53,11.63
2024-02-19,SYN_POOL_A08,11.49,11.76,11.4,11.66
2024-02-20,SYN_POOL_A08,11.53,11.78,11.44,11.68
2024-02-21,SYN_POOL_A08,11.56,11.65,11.17,11.25
2024-02-22,SYN_POOL_A08,11.14,11.35,11.07,11.27
2024-02-23,SYN_POOL_A08,11.17,11.37,11.12,11.3
2024-02-26,SYN_POOL_A08,11.21,11.38,11.16,11.32
2024-02-27,SYN_POOL_A08,11.24,11.4,11.2,11.35
2024-02-28,SYN_POOL_A08,11.28,11.42,11.24,11.37
2024-02-29,SYN_POOL_A08,11.31,11.43,11.28,11.39
2024-03-01,SYN_POOL_A08,11.35,11.45,11.33,11.42
2024-03-04,SYN_POOL_A08,11.38,11.47,11.37,11.44
2024-03-05,SYN_POOL_A08,11.41,11.48,11.41,11.47
2024-03-06,SYN_POOL_A08,11.45,11.5,11.44,11.49
2024-03-07,SYN_POOL_A08,11.48,11.52,11.47,11.52
2024-03-08,SYN_POOL_A08,11.52,11.55,11.5,11.54
2024-03-11,SYN_POOL_A08,11.55,11.59,11.52,11.57
2024-03-12,SYN_POOL_A08,11.59,11.62,11.55,11.59
2024-03-13,SYN_POOL_A08,11.62,11.66,11.57,11.62
2024-03-14,SYN_POOL_A08,11.66,11.7,11.59,11.64
2024-03-15,SYN_POOL_A08,11.69,11.74,11.61,11.67
2024-03-18,SYN_POOL_A08,11.73,11.79,11.62,11.69
2024-03-19,SYN_POOL_A08,11.76,11.83,11.64,11.72
2024-03-20,SYN_POOL_A08,11.8,11.88,11.66,11.74
2024-03-21,SYN_POOL_A08,11.83,11.92,11.67,11.77
2024-03-22,SYN_POOL_A08,11.87,11.96,11.69,11.79
2024-03-25,SYN_POOL_A08,11.9,12.01,11.7,11.82
2024-03-26,SYN_POOL_A08,11.94,12.05,11.73,11.84
2024-03-27,SYN_POOL_A08,11.97,12.09,11.76,11.87
2024-03-28,SYN_POOL_A08,12.01,12.12,11.8,11.89
2024-03-29,SYN_POOL_A08,11.76,12.02,11.67,11.92
2024-04-01,SYN_POOL_A08,11.8,11.89,11.4,11.48
2024-04-02,SYN_POOL_A08,11.37,11.58,11.3,11.5
2024-04-03,SYN_POOL_A08,11.4,11.6,11.34,11.53
2024-04-04,SYN_POOL_A08,11.44,11.62,11.38,11.55
2024-04-05,SYN_POOL_A08,11.47,11.63,11.43,11.58
2024-04-08,SYN_POOL_A08,11.51,11.65,11.47,11.6
2024-04-09,SYN_POOL_A08,11.54,11.67,11.51,11.63
2024-04-10,SYN_POOL_A08,11.57,11.68,11.55,11.65
2024-04-11,SYN_POOL_A08,11.61,11.7,11.6,11.68
2024-04-12,SYN_POOL_A08,11.64,11.72,11.64,11.7
2024-04-15,SYN_POOL_A08,11.68,11.74,11.68,11.73
2024-04-16,SYN_POOL_A08,11.71,11.75,11.7,11.75
2024-04-17,SYN_POOL_A08,11.75,11.79,11.73,11.78
2024-04-18,SYN_POOL_A08,11.79,11.82,11.76,11.8
2024-04-19,SYN_POOL_A08,11.82,11.85,11.78,11.83
2024-04-22,SYN_POOL_A08,11.86,11.89,11.81,11.85
2024-04-23,SYN_POOL_A08,11.89,11.93,11.83,11.88
2024-04-24,SYN_POOL_A08,11.93,11.98,11.84,11.9
2024-04-25,SYN_POOL_A08,11.96,12.02,11.86,11.93
2024-04-26,SYN_POOL_A08,12.0,12.07,11.88,11.96
2024-04-29,SYN_POOL_A08,12.03,12.11,11.89,11.98
2024-04-30,SYN_POOL_A08,12.07,12.16,11.91,12.01
2024-05-01,SYN_POOL_A08,12.11,12.2,11.93,12.03
2024-05-02,SYN_POOL_A08,12.14,12.25,11.94,12.06
2024-05-03,SYN_POOL_A08,12.18,12.29,11.96,12.08
2024-05-06,SYN_POOL_A08,12.21,12.34,12.0,12.11
2024-05-07,SYN_POOL_A08,12.25,12.36,12.03,12.13
2024-05-08,SYN_POOL_A08,11.99,12.26,11.9,12.16
2024-05-09,SYN_POOL_A08,12.03,12.13,11.63,11.71
2024-05-10,SYN_POOL_A08,11.59,11.82,11.52,11.73
2024-05-13,SYN_POOL_A08,11.63,11.83,11.56,11.76
2024-05-14,SYN_POOL_A08,11.66,11.85,11.61,11.78
2024-05-15,SYN_POOL_A08,11.7,11.87,11.65,11.81
2024-05-16,SYN_POOL_A08,11.73,11.89,11.69,11.83
2024-05-17,SYN_POOL_A08,11.77,11.9,11.74,11.86
2024-05-20,SYN_POOL_A08,11.8,11.92,11.78,11.89
2024-05-21,SYN_POOL_A08,11.84,11.94,11.83,11.92
2024-05-22,SYN_POOL_A08,11.88,11.96,11.87,11.95
2024-05-23,SYN_POOL_A08,11.92,11.98,11.92,11.97
2024-05-24,SYN_POOL_A08,11.96,12.01,11.95,12.0
2024-05-27,SYN_POOL_A08,12.0,12.04,11.98,12.03
2024-05-28,SYN_POOL_A08,12.04,12.08,12.01,12.06
2024-05-29,SYN_POOL_A08,12.08,12.12,12.04,12.09
2024-05-30,SYN_POOL_A08,12.12,12.16,12.08,12.12
2024-05-31,SYN_POOL_A08,12.16,12.2,12.1,12.15
2024-06-03,SYN_POOL_A08,12.2,12.25,12.12,12.18
2024-06-04,SYN_POOL_A08,12.24,12.3,12.14,12.21
2024-06-05,SYN_POOL_A08,12.28,12.35,12.16,12.24
2024-06-06,SYN_POOL_A08,12.32,12.4,12.19,12.27
2024-06-07,SYN_POOL_A08,12.36,12.45,12.21,12.3
2024-06-10,SYN_POOL_A08,12.4,12.5,12.23,12.33
2024-06-11,SYN_POOL_A08,12.44,12.55,12.25,12.36
2024-06-12,SYN_POOL_A08,12.49,12.6,12.27,12.4
2024-06-13,SYN_POOL_A08,12.53,12.65,12.31,12.43
2024-06-14,SYN_POOL_A08,12.57,12.69,12.35,12.46
2024-06-17,SYN_POOL_A08,12.31,12.6,12.21,12.49
2024-06-18,SYN_POOL_A08,12.35,12.45,11.94,12.03
2024-06-19,SYN_POOL_A08,11.91,12.14,11.83,12.06
2024-06-20,SYN_POOL_A08,11.95,12.17,11.88,12.09
2024-06-21,SYN_POOL_A08,11.99,12.19,11.93,12.12
2024-06-24,SYN_POOL_A08,12.03,12.21,11.97,12.15
2024-06-25,SYN_POOL_A08,12.07,12.23,12.02,12.18
2024-06-26,SYN_POOL_A08,12.11,12.25,12.07,12.21
2024-06-27,SYN_POOL_A08,12.15,12.27,12.12,12.24
2024-06-28,SYN_POOL_A08,12.19,12.3,12.17,12.27
2024-07-01,SYN_POOL_A08,12.23,12.32,12.22,12.3
2024-07-02,SYN_POOL_A08,12.27,12.34,12.27,12.33
2024-07-03,SYN_POOL_A08,12.31,12.36,12.3,12.36
2024-07-04,SYN_POOL_A08,12.35,12.39,12.33,12.39
2024-07-05,SYN_POOL_A08,12.39,12.43,12.36,12.42
2024-07-08,SYN_POOL_A08,12.43,12.47,12.4,12.45
2024-07-09,SYN_POOL_A08,12.47,12.51,12.43,12.48
2024-07-10,SYN_POOL_A08,12.51,12.55,12.46,12.51
2024-07-11,SYN_POOL_A08,12.55,12.61,12.48,12.54
2024-07-12,SYN_POOL_A08,12.6,12.66,12.5,12.57
2024-07-15,SYN_POOL_A08,12.64,12.71,12.52,12.6
2024-07-16,SYN_POOL_A08,12.68,12.76,12.54,12.63
2024-07-17,SYN_POOL_A08,12.72,12.81,12.56,12.66
2024-07-18,SYN_POOL_A08,12.76,12.86,12.58,12.69
2024-07-19,SYN_POOL_A08,12.8,12.91,12.61,12.72
2024-07-22,SYN_POOL_A08,12.85,12.96,12.63,12.75
2024-07-23,SYN_POOL_A08,12.89,13.01,12.67,12.79
2024-07-24,SYN_POOL_A08,12.93,13.05,12.71,12.82
2024-07-25,SYN_POOL_A08,12.66,12.96,12.56,12.85
2024-07-26,SYN_POOL_A08,12.71,12.98,12.61,12.88
2024-07-29,SYN_POOL_A08,12.75,12.84,12.32,12.4
2024-07-30,SYN_POOL_A08,12.29,12.52,12.22,12.43
2024-07-31,SYN_POOL_A08,12.33,12.54,12.27,12.46
2024-08-01,SYN_POOL_A08,12.37,12.56,12.32,12.49
2024-08-02,SYN_POOL_A08,12.41,12.58,12.36,12.53
2024-08-05,SYN_POOL_A08,12.45,12.61,12.41,12.56
2024-08-06,SYN_POOL_A08,12.49,12.63,12.46,12.59
2024-08-07,SYN_POOL_A08,12.53,12.65,12.51,12.62
2024-08-08,SYN_POOL_A08,12.57,12.67,12.56,12.65
2024-08-09,SYN_POOL_A08,12.62,12.69,12.61,12.68
2024-08-12,SYN_POOL_A08,12.66,12.71,12.65,12.71
2024-08-13,SYN_POOL_A08,12.7,12.74,12.68,12.74
2024-08-14,SYN_POOL_A08,12.74,12.78,12.72,12.77
2024-08-15,SYN_POOL_A08,12.78,12.82,12.75,12.8
2024-08-16,SYN_POOL_A08,12.82,12.86,12.78,12.83
2024-08-19,SYN_POOL_A08,12.87,12.91,12.81,12.86
2024-08-20,SYN_POOL_A08,12.91,12.96,12.83,12.89
2024-08-21,SYN_POOL_A08,12.95,13.01,12.85,12.93
2024-08-22,SYN_POOL_A08,12.99,13.06,12.88,12.96
2024-08-23,SYN_POOL_A08,13.04,13.11,12.9,12.99
2024-08-26,SYN_POOL_A08,13.08,13.16,12.92,13.02
2024-08-27,SYN_POOL_A08,13.12,13.22,12.94,13.05
2024-08-28,SYN_POOL_A08,13.16,13.27,12.96,13.08
2024-08-29,SYN_POOL_A08,13.2,13.32,12.98,13.11
2024-08-30,SYN_POOL_A08,13.25,13.37,13.02,13.14
2024-09-02,SYN_POOL_A08,13.29,13.42,13.06,13.18
2024-09-03,SYN_POOL_A08,13.33,13.45,13.1,13.21
2024-09-04,SYN_POOL_A08,13.06,13.35,12.96,13.24
2024-09-05,SYN_POOL_A08,13.1,13.2,12.66,12.75
2024-09-06,SYN_POOL_A08,12.63,12.87,12.55,12.78
2024-09-09,SYN_POOL_A08,12.67,12.89,12.6,12.81
2024-09-10,SYN_POOL_A08,12.71,12.91,12.65,12.84
2024-09-11,SYN_POOL_A08,12.75,12.94,12.71,12.87
2024-09-12,SYN_POOL_A08,12.8,12.96,12.76,12.91
2024-09-13,SYN_POOL_A08,12.84,12.98,12.81,12.94
2024-09-16,SYN_POOL_A08,12.88,13.0,12.86,12.97
2024-09-17,SYN_POOL_A08,12.92,13.02,12.91,13.0
2024-09-18,SYN_POOL_A08,12.96,13.05,12.96,13.03
2024-09-19,SYN_POOL_A08,13.01,13.07,13.0,13.06
2024-09-20,SYN_POOL_A08,13.05,13.09,13.03,13.09
2024-09-23,SYN_POOL_A08,13.09,13.14,13.07,13.12
2024-09-24,SYN_POOL_A08,13.13,13.18,13.1,13.16
2024-09-25,SYN_POOL_A08,13.18,13.22,13.13,13.19
2024-09-26,SYN_POOL_A08,13.22,13.26,13.17,13.22
2024-09-27,SYN_POOL_A08,13.26,13.31,13.19,13.25
2024-09-30,SYN_POOL_A08,13.3,13.36,13.21,13.28
2024-10-01,SYN_POOL_A08,13.35,13.42,13.23,13.31
2024-10-02,SYN_POOL_A08,13.39,13.47,13.25,13.34
2024-10-03,SYN_POOL_A08,13.43,13.52,13.28,13.38
2024-10-04,SYN_POOL_A08,13.48,13.57,13.3,13.41
2024-10-07,SYN_POOL_A08,13.52,13.63,13.32,13.44
2024-10-08,SYN_POOL_A08,13.56,13.68,13.34,13.47
2024-10-09,SYN_POOL_A08,13.61,13.74,13.37,13.5
2024-10-10,SYN_POOL_A08,13.65,13.79,13.41,13.54
2024-10-11,SYN_POOL_A08,13.69,13.82,13.46,13.57
2024-10-14,SYN_POOL_A08,13.41,13.71,13.31,13.6
2024-10-15,SYN_POOL_A08,13.46,13.56,13.01,13.1
2024-10-16,SYN_POOL_A08,12.97,13.22,12.89,13.13
2024-10-17,SYN_POOL_A08,13.01,13.24,12.94,13.16
2024-10-18,SYN_POOL_A08,13.06,13.27,12.99,13.19
2024-10-21,SYN_POOL_A08,13.1,13.29,13.05,13.22
2024-10-22,SYN_POOL_A08,13.14,13.31,13.1,13.25
2024-10-23,SYN_POOL_A08,13.18,13.33,13.15,13.29
2024-10-24,SYN_POOL_A08,13.23,13.36,13.2,13.32
2024-10-25,SYN_POOL_A08,13.27,13.38,13.25,13.35
2024-10-28,SYN_POOL_A08,13.31,13.4,13.31,13.38
2024-10-29,SYN_POOL_A08,13.35,13.42,13.35,13.41
2024-10-30,SYN_POOL_A08,13.4,13.45,13.38,13.44
2024-10-31,SYN_POOL_A08,13.44,13.49,13.42,13.48
2024-11-01,SYN_POOL_A08,13.48,13.53,13.45,13.51
2024-11-04,SYN_POOL_A08,13.53,13.57,13.49,13.54
2024-11-05,SYN_POOL_A08,13.57,13.61,13.52,13.57
2024-11-06,SYN_POOL_A08,13.61,13.66,13.54,13.6
2024-11-07,SYN_POOL_A08,13.66,13.72,13.57,13.64
2024-11-08,SYN_POOL_A08,13.7,13.77,13.59,13.67
2024-11-11,SYN_POOL_A08,13.75,13.82,13.61,13.7
2024-11-12,SYN_POOL_A08,13.79,13.88,13.63,13.73
2024-11-13,SYN_POOL_A08,13.83,13.93,13.65,13.77
2024-11-14,SYN_POOL_A08,13.88,13.99,13.68,13.8
2024-11-15,SYN_POOL_A08,13.92,14.04,13.7,13.83
2024-11-18,SYN_POOL_A08,13.97,14.1,13.73,13.86
2024-11-19,SYN_POOL_A08,14.01,14.15,13.77,13.89
2024-11-20,SYN_POOL_A08,14.06,14.19,13.81,13.93
2024-11-21,SYN_POOL_A08,13.77,14.08,13.66,13.96
2024-11-22,SYN_POOL_A08,13.81,13.92,13.35,13.44
2024-11-25,SYN_POOL_A08,13.31,13.57,13.23,13.48
2024-11-26,SYN_POOL_A08,13.35,13.6,13.28,13.51
2024-11-27,SYN_POOL_A08,13.4,13.62,13.33,13.54
2024-11-28,SYN_POOL_A08,13.44,13.64,13.39,13.57
2024-11-29,SYN_POOL_A08,13.48,13.66,13.44,13.6
2024-12-02,SYN_POOL_A08,13.53,13.69,13.49,13.64
2024-12-03,SYN_POOL_A08,13.57,13.71,13.54,13.67
2024-12-04,SYN_POOL_A08,13.61,13.73,13.6,13.7
2024-12-05,SYN_POOL_A08,13.66,13.75,13.65,13.73
2024-12-06,SYN_POOL_A08,13.7,13.78,13.7,13.76
2024-12-09,SYN_POOL_A08,13.75,13.8,13.73,13.8
2024-12-10,SYN_POOL_A08,13.79,13.84,13.77,13.83
2024-12-11,SYN_POOL_A08,13.83,13.88,13.8,13.86
2024-12-12,SYN_POOL_A08,13.88,13.92,13.84,13.89
2024-12-13,SYN_POOL_A08,13.92,13.96,13.87,13.93
2024-12-16,SYN_POOL_A08,13.97,14.02,13.9,13.96
2024-12-17,SYN_POOL_A08,14.01,14.07,13.92,13.99
2024-12-18,SYN_POOL_A08,14.06,14.12,13.94,14.02
2024-12-19,SYN_POOL_A08,14.1,14.18,13.97,14.06
2024-12-20,SYN_POOL_A08,14.15,14.23,13.99,14.09
2024-12-23,SYN_POOL_A08,14.19,14.29,14.01,14.12
2024-12-24,SYN_POOL_A08,14.24,14.34,14.03,14.16
2024-12-25,SYN_POOL_A08,14.28,14.4,14.06,14.19
2024-12-26,SYN_POOL_A08,14.33,14.46,14.08,14.22
2024-12-27,SYN_POOL_A08,14.37,14.51,14.12,14.25
2024-12-30,SYN_POOL_A08,14.42,14.55,14.16,14.29
2024-12-31,SYN_POOL_A08,14.12,14.45,14.01,14.32
2025-01-01,SYN_POOL_A08,14.16,14.47,14.06,14.35
2025-01-02,SYN_POOL_A08,14.21,14.31,13.73,13.82
2025-01-03,SYN_POOL_A08,13.7,13.95,13.62,13.85
2025-01-06,SYN_POOL_A08,13.74,13.97,13.67,13.89
2025-01-07,SYN_POOL_A08,13.78,13.99,13.72,13.92
2025-01-08,SYN_POOL_A08,13.83,14.02,13.78,13.95
2025-01-09,SYN_POOL_A08,13.87,14.04,13.83,13.98
2025-01-10,SYN_POOL_A08,13.92,14.06,13.89,14.02
2025-01-13,SYN_POOL_A08,13.96,14.08,13.94,14.05
2025-01-14,SYN_POOL_A08,14.01,14.11,14.0,14.08
2025-01-15,SYN_POOL_A08,14.05,14.13,14.05,14.12
2025-01-16,SYN_POOL_A08,14.09,14.15,14.09,14.15
2025-01-17,SYN_POOL_A08,14.14,14.19,14.12,14.18
2025-01-20,SYN_POOL_A08,14.18,14.23,14.15,14.21
2025-01-21,SYN_POOL_A08,14.23,14.27,14.19,14.25
2025-01-22,SYN_POOL_A08,14.27,14.32,14.22,14.28
2025-01-23,SYN_POOL_A08,14.32,14.37,14.25,14.31
2025-01-24,SYN_POOL_A08,14.37,14.42,14.28,14.35
2025-01-27,SYN_POOL_A08,14.41,14.48,14.3,14.38
2025-01-28,SYN_POOL_A08,14.46,14.53,14.32,14.41
2025-01-29,SYN_POOL_A08,14.5,14.59,14.34,14.45
2025-01-30,SYN_POOL_A08,14.55,14.65,14.37,14.48
2025-01-31,SYN_POOL_A08,14.59,14.7,14.39,14.51
2025-02-03,SYN_POOL_A08,14.64,14.76,14.41,14.55
2025-02-04,SYN_POOL_A08,14.68,14.82,14.43,14.58
2025-02-05,SYN_POOL_A08,14.73,14.87,14.48,14.61
2025-02-06,SYN_POOL_A08,14.78,14.92,14.52,14.65
2025-02-07,SYN_POOL_A08,14.47,14.81,14.36,14.68
2025-02-10,SYN_POOL_A08,14.52,14.83,14.41,14.71
2025-02-11,SYN_POOL_A08,14.56,14.67,14.08,14.17
2025-02-12,SYN_POOL_A08,14.04,14.3,13.95,14.2
2025-02-13,SYN_POOL_A08,14.08,14.32,14.01,14.23
2025-02-14,SYN_POOL_A08,14.13,14.34,14.06,14.27
2025-02-17,SYN_POOL_A08,14.17,14.37,14.12,14.3
2025-02-18,SYN_POOL_A08,14.22,14.39,14.17,14.33
2025-02-19,SYN_POOL_A08,14.26,14.41,14.23,14.37
2025-02-20,SYN_POOL_A08,14.31,14.44,14.28,14.4
2025-02-21,SYN_POOL_A08,14.35,14.46,14.34,14.43
2025-02-24,SYN_POOL_A08,14.4,14.48,14.39,14.47
2025-02-25,SYN_POOL_A08,14.44,14.51,14.44,14.5
2025-02-26,SYN_POOL_A08,14.49,14.54,14.47,14.53
2025-02-27,SYN_POOL_A08,14.53,14.58,14.51,14.57
2025-02-28,SYN_POOL_A08,14.58,14.63,14.54,14.6
2025-03-03,SYN_POOL_A08,14.63,14.67,14.58,14.63
2025-03-04,SYN_POOL_A08,14.67,14.72,14.61,14.67
2025-03-05,SYN_POOL_A08,14.72,14.77,14.63,14.7
2025-03-06,SYN_POOL_A08,14.76,14.83,14.65,14.73
2025-03-07,SYN_POOL_A08,14.81,14.89,14.68,14.77
2025-03-10,SYN_POOL_A08,14.86,14.95,14.7,14.8
2025-03-11,SYN_POOL_A08,14.9,15.0,14.72,14.84
2025-03-12,SYN_POOL_A08,14.95,15.06,14.75,14.87
2025-03-13,SYN_POOL_A08,15.0,15.12,14.77,14.9
2025-03-14,SYN_POOL_A08,15.04,15.18,14.79,14.94
2025-03-17,SYN_POOL_A08,15.09,15.23,14.83,14.97
2025-03-18,SYN_POOL_A08,15.14,15.29,14.87,15.01
2025-03-19,SYN_POOL_A08,15.18,15.32,14.92,15.04
2025-03-20,SYN_POOL_A08,14.87,15.2,14.76,15.07
2025-03-21,SYN_POOL_A08,14.92,15.03,14.42,14.52
2025-03-24,SYN_POOL_A08,14.38,14.65,14.29,14.55
2025-03-25,SYN_POOL_A08,14.42,14.67,14.35,14.58
2025-03-26,SYN_POOL_A08,14.47,14.7,14.4,14.62
2025-03-27,SYN_POOL_A08,14.51,14.72,14.46,14.65
2025-03-28,SYN_POOL_A08,14.56,14.74,14.51,14.68
2025-03-31,SYN_POOL_A08,14.61,14.77,14.57,14.72
2025-04-01,SYN_POOL_A08,14.65,14.79,14.63,14.75
2025-04-02,SYN_POOL_A08,14.7,14.81,14.68,14.78
2025-04-03,SYN_POOL_A08,14.74,14.84,14.74,14.82
2025-04-04,SYN_POOL_A08,14.79,14.86,14.78,14.85
2025-04-07,SYN_POOL_A08,14.84,14.89,14.82,14.89
2025-04-08,SYN_POOL_A08,14.88,14.93,14.86,14.92
2025-04-09,SYN_POOL_A08,14.93,14.98,14.89,14.95
2025-04-10,SYN_POOL_A08,14.98,15.02,14.93,14.99
2025-04-11,SYN_POOL_A08,15.02,15.07,14.96,15.02
2025-04-14,SYN_POOL_A08,15.07,15.13,14.99,15.06
2025-04-15,SYN_POOL_A08,15.12,15.18,15.01,15.09
2025-04-16,SYN_POOL_A08,15.16,15.24,15.03,15.12
2025-04-17,SYN_POOL_A08,15.21,15.3,15.06,15.16
2025-04-18,SYN_POOL_A08,15.26,15.36,15.08,15.19
2025-04-21,SYN_POOL_A08,15.31,15.42,15.1,15.23
2025-04-22,SYN_POOL_A08,15.35,15.48,15.13,15.26
2025-04-23,SYN_POOL_A08,15.4,15.53,15.15,15.3
2025-04-24,SYN_POOL_A08,15.45,15.59,15.18,15.33
2025-04-25,SYN_POOL_A08,15.5,15.65,15.23,15.36
2025-04-28,SYN_POOL_A08,15.54,15.69,15.27,15.4
2025-04-29,SYN_POOL_A08,15.22,15.56,15.11,15.43
2025-04-30,SYN_POOL_A08,15.27,15.39,14.76,14.86
2025-05-01,SYN_POOL_A08,14.72,15.0,14.63,14.9
2025-05-02,SYN_POOL_A08,14.76,15.02,14.68,14.93
2025-05-05,SYN_POOL_A08,14.81,15.05,14.74,14.96
2025-05-06,SYN_POOL_A08,14.86,15.07,14.8,15.0
2025-05-07,SYN_POOL_A08,14.9,15.1,14.85,15.03
2025-05-08,SYN_POOL_A08,14.95,15.12,14.91,15.07
2025-05-09,SYN_POOL_A08,15.0,15.14,14.97,15.1
2025-05-12,SYN_POOL_A08,15.04,15.17,15.03,15.13
2025-05-13,SYN_POOL_A08,15.09,15.19,15.08,15.17
2025-05-14,SYN_POOL_A08,15.14,15.21,15.13,15.2
2025-05-15,SYN_POOL_A08,15.19,15.24,15.17,15.24
2025-05-16,SYN_POOL_A08,15.23,15.28,15.21,15.27
2025-05-19,SYN_POOL_A08,15.28,15.33,15.24,15.31
2025-05-20,SYN_POOL_A08,15.33,15.37,15.28,15.34
2025-05-21,SYN_POOL_A08,15.37,15.42,15.32,15.38
2025-05-22,SYN_POOL_A08,15.42,15.48,15.34,15.41
2025-05-23,SYN_POOL_A08,15.47,15.54,15.36,15.44
2025-05-26,SYN_POOL_A08,15.52,15.59,15.39,15.48
2025-05-27,SYN_POOL_A08,15.57,15.65,15.41,15.51
2025-05-28,SYN_POOL_A08,15.61,15.71,15.43,15.55
2025-05-29,SYN_POOL_A08,15.66,15.77,15.46,15.58
2025-05-30,SYN_POOL_A08,15.71,15.83,15.48,15.62
2025-06-02,SYN_POOL_A08,15.76,15.89,15.51,15.65
2025-06-03,SYN_POOL_A08,15.81,15.95,15.53,15.69
2025-06-04,SYN_POOL_A08,15.86,16.01,15.58,15.72
2025-06-05,SYN_POOL_A08,15.9,16.05,15.63,15.76
2025-06-06,SYN_POOL_A08,15.58,15.93,15.46,15.79
2025-06-09,SYN_POOL_A08,15.62,15.75,15.1,15.21
2025-06-10,SYN_POOL_A08,15.06,15.35,14.96,15.24
2025-06-11,SYN_POOL_A08,15.1,15.38,15.02,15.28
2025-06-12,SYN_POOL_A08,15.15,15.4,15.08,15.31
2025-06-13,SYN_POOL_A08,15.2,15.42,15.14,15.35
2025-06-16,SYN_POOL_A08,15.25,15.45,15.19,15.38
2025-06-17,SYN_POOL_A08,15.29,15.47,15.25,15.41
2025-06-18,SYN_POOL_A08,15.34,15.5,15.31,15.45
2025-06-19,SYN_POOL_A08,15.39,15.52,15.37,15.48
2025-06-20,SYN_POOL_A08,15.44,15.54,15.43,15.52
2025-06-23,SYN_POOL_A08,15.48,15.57,15.48,15.55
2025-06-24,SYN_POOL_A08,15.53,15.59,15.52,15.59
2025-06-25,SYN_POOL_A08,15.58,15.63,15.56,15.62
2025-06-26,SYN_POOL_A08,15.63,15.68,15.59,15.66
2025-06-27,SYN_POOL_A08,15.68,15.72,15.63,15.69
2025-06-30,SYN_POOL_A08,15.73,15.77,15.67,15.73
2025-07-01,SYN_POOL_A08,15.77,15.83,15.7,15.76
2025-07-02,SYN_POOL_A08,15.82,15.89,15.72,15.8
2025-07-03,SYN_POOL_A08,15.87,15.95,15.74,15.83
2025-07-04,SYN_POOL_A08,15.92,16.01,15.77,15.87
2025-07-07,SYN_POOL_A08,15.97,16.07,15.79,15.9
2025-07-08,SYN_POOL_A08,16.02,16.13,15.81,15.94
2025-07-09,SYN_POOL_A08,16.07,16.19,15.84,15.98
2025-07-10,SYN_POOL_A08,16.12,16.25,15.86,16.01
2025-07-11,SYN_POOL_A08,16.17,16.31,15.89,16.05
2025-07-14,SYN_POOL_A08,16.22,16.37,15.93,16.08
2025-07-15,SYN_POOL_A08,16.26,16.42,15.98,16.12
2025-07-16,SYN_POOL_A08,15.93,16.29,15.8,16.15
2025-07-17,SYN_POOL_A08,15.98,16.32,15.86,16.19
2025-07-18,SYN_POOL_A08,16.02,16.14,15.49,15.59
2025-07-21,SYN_POOL_A08,15.44,15.73,15.36,15.62
2025-07-22,SYN_POOL_A08,15.49,15.75,15.41,15.66
2025-07-23,SYN_POOL_A08,15.54,15.78,15.47,15.69
2025-07-24,SYN_POOL_A08,15.59,15.8,15.53,15.73
2025-07-25,SYN_POOL_A08,15.64,15.82,15.59,15.76
2025-07-28,SYN_POOL_A08,15.69,15.85,15.65,15.8
2025-07-29,SYN_POOL_A08,15.73,15.87,15.71,15.83
2025-07-30,SYN_POOL_A08,15.78,15.9,15.77,15.87
2025-07-31,SYN_POOL_A08,15.83,15.92,15.83,15.9
2022-08-01,SYN_POOL_A09,10.08,10.13,10.02,10.08
2022-08-02,SYN_POOL_A09,10.13,10.19,10.03,10.09
2022-08-03,SYN_POOL_A09,10.15,10.21,10.04,10.1
2022-08-04,SYN_POOL_A09,10.16,10.22,10.05,10.11
2022-08-05,SYN_POOL_A09,10.03,10.17,9.99,10.12
2022-08-08,SYN_POOL_A09,10.05,10.17,10.01,10.13
2022-08-09,SYN_POOL_A09,10.06,10.11,9.86,9.89
2022-08-10,SYN_POOL_A09,9.84,9.94,9.81,9.9
2022-08-11,SYN_POOL_A09,9.85,9.95,9.82,9.91
2022-08-12,SYN_POOL_A09,9.87,9.96,9.84,9.92
2022-08-15,SYN_POOL_A09,9.88,9.96,9.86,9.93
2022-08-16,SYN_POOL_A09,9.9,9.97,9.88,9.94
2022-08-17,SYN_POOL_A09,9.91,9.97,9.9,9.95
2022-08-18,SYN_POOL_A09,9.93,9.98,9.92,9.96
2022-08-19,SYN_POOL_A09,9.94,9.98,9.94,9.97
2022-08-22,SYN_POOL_A09,9.96,9.99,9.96,9.98
2022-08-23,SYN_POOL_A09,9.97,9.99,9.97,9.99
2022-08-24,SYN_POOL_A09,9.99,10.0,9.98,10.0
2022-08-25,SYN_POOL_A09,10.0,10.02,9.99,10.01
2022-08-26,SYN_POOL_A09,10.02,10.03,10.0,10.02
2022-08-29,SYN_POOL_A09,10.03,10.05,10.01,10.03
2022-08-30,SYN_POOL_A09,10.05,10.07,10.02,10.04
2022-08-31,SYN_POOL_A09,10.06,10.09,10.02,10.05
2022-09-01,SYN_POOL_A09,10.08,10.11,10.03,10.06
2022-09-02,SYN_POOL_A09,10.09,10.12,10.03,10.07
2022-09-05,SYN_POOL_A09,10.11,10.14,10.04,10.08
2022-09-06,SYN_POOL_A09,10.12,10.16,10.04,10.09
2022-09-07,SYN_POOL_A09,10.14,10.18,10.05,10.1
2022-09-08,SYN_POOL_A09,10.15,10.2,10.06,10.11
2022-09-09,SYN_POOL_A09,10.17,10.22,10.06,10.12
2022-09-12,SYN_POOL_A09,10.18,10.24,10.07,10.13
2022-09-13,SYN_POOL_A09,10.2,10.26,10.09,10.14
2022-09-14,SYN_POOL_A09,10.07,10.2,10.02,10.15
2022-09-15,SYN_POOL_A09,10.08,10.21,10.04,10.16
2022-09-16,SYN_POOL_A09,10.1,10.14,9.89,9.93
2022-09-19,SYN_POOL_A09,9.87,9.98,9.84,9.94
2022-09-20,SYN_POOL_A09,9.89,9.98,9.86,9.95
2022-09-21,SYN_POOL_A09,9.9,9.99,9.88,9.96
2022-09-22,SYN_POOL_A09,9.92,10.0,9.89,9.97
2022-09-23,SYN_POOL_A09,9.93,10.0,9.91,9.98
2022-09-26,SYN_POOL_A09,9.95,10.01,9.93,9.99
2022-09-27,SYN_POOL_A09,9.96,10.01,9.95,10.0
2022-09-28,SYN_POOL_A09,9.98,10.02,9.97,10.01
2022-09-29,SYN_POOL_A09,9.99,10.02,9.99,10.02
2022-09-30,SYN_POOL_A09,10.01,10.03,10.0,10.03
2022-10-03,SYN_POOL_A09,10.02,10.04,10.01,10.04
2022-10-04,SYN_POOL_A09,10.04,10.05,10.02,10.05
2022-10-05,SYN_POOL_A09,10.05,10.07,10.04,10.06
2022-10-06,SYN_POOL_A09,10.07,10.08,10.05,10.07
2022-10-07,SYN_POOL_A09,10.08,10.1,10.05,10.08
2022-10-10,SYN_POOL_A09,10.1,10.12,10.06,10.09
2022-10-11,SYN_POOL_A09,10.11,10.14,10.06,10.1
2022-10-12,SYN_POOL_A09,10.13,10.16,10.07,10.11
2022-10-13,SYN_POOL_A09,10.14,10.18,10.07,10.12
2022-10-14,SYN_POOL_A09,10.16,10.2,10.08,10.13
2022-10-17,SYN_POOL_A09,10.17,10.22,10.08,10.13
2022-10-18,SYN_POOL_A09,10.19,10.23,10.09,10.14
2022-10-19,SYN_POOL_A09,10.2,10.25,10.1,10.15
2022-10-20,SYN_POOL_A09,10.22,10.27,10.11,10.16
2022-10-21,SYN_POOL_A09,10.23,10.29,10.12,10.17
2022-10-24,SYN_POOL_A09,10.25,10.3,10.13,10.18
2022-10-25,SYN_POOL_A09,10.11,10.25,10.07,10.19
2022-10-26,SYN_POOL_A09,10.13,10.18,9.92,9.96
2022-10-27,SYN_POOL_A09,9.9,10.01,9.87,9.97
2022-10-28,SYN_POOL_A09,9.92,10.02,9.89,9.98
2022-10-31,SYN_POOL_A09,9.93,10.03,9.91,9.99
2022-11-01,SYN_POOL_A09,9.95,10.03,9.93,10.0
2022-11-02,SYN_POOL_A09,9.96,10.04,9.94,10.01
2022-11-03,SYN_POOL_A09,9.98,10.04,9.96,10.02
2022-11-04,SYN_POOL_A09,9.99,10.05,9.98,10.03
2022-11-07,SYN_POOL_A09,10.01,10.05,10.0,10.04
2022-11-08,SYN_POOL_A09,10.02,10.06,10.02,10.05
2022-11-09,SYN_POOL_A09,10.04,10.06,10.04,10.06
2022-11-10,SYN_POOL_A09,10.05,10.07,10.05,10.07
2022-11-11,SYN_POOL_A09,10.07,10.08,10.06,10.08
2022-11-14,SYN_POOL_A09,10.08,10.1,10.07,10.09
2022-11-15,SYN_POOL_A09,10.1,10.11,10.08,10.1
2022-11-16,SYN_POOL_A09,10.11,10.13,10.09,10.11
2022-11-17,SYN_POOL_A09,10.13,10.15,10.09,10.12
2022-11-18,SYN_POOL_A09,10.14,10.17,10.1,10.13
2022-11-21,SYN_POOL_A09,10.16,10.19,10.1,10.14
2022-11-22,SYN_POOL_A09,10.17,10.21,10.11,10.15
2022-11-23,SYN_POOL_A09,10.19,10.23,10.11,10.16
2022-11-24,SYN_POOL_A09,10.2,10.25,10.12,10.17
2022-11-25,SYN_POOL_A09,10.22,10.27,10.13,10.18
2022-11-28,SYN_POOL_A09,10.23,10.29,10.13,10.19
2022-11-29,SYN_POOL_A09,10.25,10.31,10.14,10.2
2022-11-30,SYN_POOL_A09,10.26,10.33,10.15,10.21
2022-12-01,SYN_POOL_A09,10.28,10.34,10.17,10.22
2022-12-02,SYN_POOL_A09,10.15,10.28,10.1,10.23
2022-12-05,SYN_POOL_A09,10.16,10.21,9.95,10.0
2022-12-06,SYN_POOL_A09,9.94,10.05,9.9,10.01
2022-12-07,SYN_POOL_A09,9.95,10.05,9.92,10.02
2022-12-08,SYN_POOL_A09,9.97,10.06,9.94,10.03
2022-12-09,SYN_POOL_A09,9.98,10.07,9.96,10.03
2022-12-12,SYN_POOL_A09,10.0,10.07,9.98,10.04
2022-12-13,SYN_POOL_A09,10.01,10.08,10.0,10.05
2022-12-14,SYN_POOL_A09,10.03,10.08,10.01,10.06
2022-12-15,SYN_POOL_A09,10.04,10.09,10.03,10.07
2022-12-16,SYN_POOL_A09,10.06,10.09,10.05,10.08
2022-12-19,SYN_POOL_A09,10.07,10.1,10.07,10.09
2022-12-20,SYN_POOL_A09,10.09,10.1,10.08,10.1
2022-12-21,SYN_POOL_A09,10.1,10.12,10.09,10.11
2022-12-22,SYN_POOL_A09,10.12,10.13,10.1,10.12
2022-12-23,SYN_POOL_A09,10.13,10.15,10.11,10.13
2022-12-26,SYN_POOL_A09,10.15,10.16,10.12,10.14
2022-12-27,SYN_POOL_A09,10.16,10.18,10.13,10.15
2022-12-28,SYN_POOL_A09,10.18,10.2,10.13,10.16
2022-12-29,SYN_POOL_A09,10.19,10.22,10.14,10.17
2022-12-30,SYN_POOL_A09,10.21,10.24,10.14,10.18
2023-01-02,SYN_POOL_A09,10.22,10.26,10.15,10.19
2023-01-03,SYN_POOL_A09,10.24,10.28,10.15,10.2
2023-01-04,SYN_POOL_A09,10.25,10.3,10.16,10.21
2023-01-05,SYN_POOL_A09,10.27,10.32,10.17,10.22
2023-01-06,SYN_POOL_A09,10.28,10.34,10.17,10.23
2023-01-09,SYN_POOL_A09,10.3,10.36,10.19,10.24
2023-01-10,SYN_POOL_A09,10.31,10.37,10.2,10.25
2023-01-11,SYN_POOL_A09,10.18,10.32,10.13,10.26
2023-01-12,SYN_POOL_A09,10.2,10.25,9.99,10.03
2023-01-13,SYN_POOL_A09,9.97,10.08,9.93,10.04
2023-01-16,SYN_POOL_A09,9.98,10.09,9.95,10.05
2023-01-17,SYN_POOL_A09,10.0,10.09,9.97,10.06
2023-01-18,SYN_POOL_A09,10.01,10.1,9.99,10.07
2023-01-19,SYN_POOL_A09,10.03,10.11,10.01,10.08
2023-01-20,SYN_POOL_A09,10.04,10.11,10.03,10.09
2023-01-23,SYN_POOL_A09,10.06,10.12,10.05,10.1
2023-01-24,SYN_POOL_A09,10.07,10.12,10.07,10.11
2023-01-25,SYN_POOL_A09,10.09,10.13,10.08,10.12
2023-01-26,SYN_POOL_A09,10.1,10.13,10.1,10.13
2023-01-27,SYN_POOL_A09,10.12,10.14,10.11,10.14
2023-01-30,SYN_POOL_A09,10.13,10.15,10.13,10.15
2023-01-31,SYN_POOL_A09,10.15,10.16,10.14,10.16
2023-02-01,SYN_POOL_A09,10.16,10.18,10.15,10.17
2023-02-02,SYN_POOL_A09,10.18,10.2,10.16,10.18
2023-02-03,SYN_POOL_A09,10.19,10.21,10.16,10.19
2023-02-06,SYN_POOL_A09,10.21,10.23,10.17,10.2
2023-02-07,SYN_POOL_A09,10.23,10.25,10.17,10.21
2023-02-08,SYN_POOL_A09,10.24,10.27,10.18,10.22
2023-02-09,SYN_POOL_A09,10.26,10.29,10.18,10.23
2023-02-10,SYN_POOL_A09,10.27,10.31,10.19,10.24
2023-02-13,SYN_POOL_A09,10.29,10.33,10.19,10.25
2023-02-14,SYN_POOL_A09,10.3,10.35,10.2,10.26
2023-02-15,SYN_POOL_A09,10.32,10.37,10.21,10.27
2023-02-16,SYN_POOL_A09,10.33,10.39,10.22,10.28
2023-02-17,SYN_POOL_A09,10.35,10.41,10.23,10.29
2023-02-20,SYN_POOL_A09,10.21,10.35,10.17,10.3
2023-02-21,SYN_POOL_A09,10.23,10.36,10.18,10.31
2023-02-22,SYN_POOL_A09,10.24,10.29,10.03,10.07
2023-02-23,SYN_POOL_A09,10.02,10.12,9.98,10.08
2023-02-24,SYN_POOL_A09,10.03,10.13,10.0,10.09
2023-02-27,SYN_POOL_A09,10.05,10.13,10.02,10.1
2023-02-28,SYN_POOL_A09,10.06,10.14,10.04,10.11
2023-03-01,SYN_POOL_A09,10.08,10.15,10.06,10.12
2023-03-02,SYN_POOL_A09,10.09,10.15,10.08,10.13
2023-03-03,SYN_POOL_A09,10.11,10.16,10.1,10.14
2023-03-06,SYN_POOL_A09,10.12,10.16,10.12,10.15
2023-03-07,SYN_POOL_A09,10.14,10.17,10.14,10.16
2023-03-08,SYN_POOL_A09,10.15,10.17,10.15,10.17
2023-03-09,SYN_POOL_A09,10.17,10.18,10.16,10.18
2023-03-10,SYN_POOL_A09,10.18,10.2,10.17,10.19
2023-03-13,SYN_POOL_A09,10.2,10.21,10.18,10.2
2023-03-14,SYN_POOL_A09,10.21,10.23,10.19,10.21
2023-03-15,SYN_POOL_A09,10.23,10.25,10.2,10.22
2023-03-16,SYN_POOL_A09,10.24,10.27,10.2,10.23
2023-03-17,SYN_POOL_A09,10.26,10.29,10.21,10.24
2023-03-20,SYN_POOL_A09,10.27,10.31,10.21,10.25
2023-03-21,SYN_POOL_A09,10.29,10.33,10.22,10.26
2023-03-22,SYN_POOL_A09,10.3,10.35,10.22,10.27
2023-03-23,SYN_POOL_A09,10.32,10.36,10.23,10.28
2023-03-24,SYN_POOL_A09,10.33,10.38,10.24,10.29
2023-03-27,SYN_POOL_A09,10.35,10.4,10.24,10.3
2023-03-28,SYN_POOL_A09,10.36,10.42,10.25,10.31
2023-03-29,SYN_POOL_A09,10.38,10.44,10.27,10.32
2023-03-30,SYN_POOL_A09,10.4,10.45,10.28,10.33
2023-03-31,SYN_POOL_A09,10.26,10.39,10.22,10.34
2023-04-03,SYN_POOL_A09,10.28,10.32,10.07,10.11
2023-04-04,SYN_POOL_A09,10.05,10.16,10.01,10.12
2023-04-05,SYN_POOL_A09,10.06,10.16,10.03,10.13
2023-04-06,SYN_POOL_A09,10.08,10.17,10.05,10.14
2023-04-07,SYN_POOL_A09,10.09,10.18,10.07,10.15
2023-04-10,SYN_POOL_A09,10.11,10.18,10.09,10.16
2023-04-11,SYN_POOL_A09,10.12,10.19,10.11,10.17
2023-04-12,SYN_POOL_A09,10.14,10.19,10.13,10.18
2023-04-13,SYN_POOL_A09,10.15,10.2,10.15,10.19
2023-04-14,SYN_POOL_A09,10.17,10.2,10.17,10.2
2023-04-17,SYN_POOL_A09,10.18,10.21,10.18,10.21
2023-04-18,SYN_POOL_A09,10.2,10.22,10.19,10.22
2023-04-19,SYN_POOL_A09,10.21,10.23,10.2,10.23
2023-04-20,SYN_POOL_A09,10.23,10.25,10.21,10.24
2023-04-21,SYN_POOL_A09,10.25,10.26,10.23,10.25
2023-04-24,SYN_POOL_A09,10.26,10.28,10.23,10.26
2023-04-25,SYN_POOL_A09,10.28,10.3,10.24,10.27
2023-04-26,SYN_POOL_A09,10.29,10.32,10.24,10.28
2023-04-27,SYN_POOL_A09,10.31,10.34,10.25,10.29
2023-04-28,SYN_POOL_A09,10.32,10.36,10.25,10.3
2023-05-01,SYN_POOL_A09,10.34,10.38,10.26,10.31
2023-05-02,SYN_POOL_A09,10.35,10.4,10.26,10.32
2023-05-03,SYN_POOL_A09,10.37,10.42,10.27,10.33
2023-05-04,SYN_POOL_A09,10.38,10.44,10.28,10.34
2023-05-05,SYN_POOL_A09,10.4,10.46,10.29,10.35
2023-05-08,SYN_POOL_A09,10.41,10.48,10.3,10.36
2023-05-09,SYN_POOL_A09,10.43,10.49,10.31,10.37
2023-05-10,SYN_POOL_A09,10.29,10.43,10.25,10.38
2023-05-11,SYN_POOL_A09,10.31,10.36,10.1,10.14
2023-05-12,SYN_POOL_A09,10.08,10.19,10.04,10.15
2023-05-15,SYN_POOL_A09,10.1,10.2,10.06,10.16
2023-05-16,SYN_POOL_A09,10.11,10.2,10.08,10.17
2023-05-17,SYN_POOL_A09,10.13,10.21,10.1,10.18
2023-05-18,SYN_POOL_A09,10.14,10.22,10.12,10.19
2023-05-19,SYN_POOL_A09,10.16,10.22,10.14,10.2
2023-05-22,SYN_POOL_A09,10.17,10.23,10.16,10.21
2023-05-23,SYN_POOL_A09,10.19,10.23,10.18,10.22
2023-05-24,SYN_POOL_A09,10.2,10.24,10.2,10.23
2023-05-25,SYN_POOL_A09,10.22,10.24,10.22,10.24
2023-05-26,SYN_POOL_A09,10.23,10.25,10.23,10.25
2023-05-29,SYN_POOL_A09,10.25,10.26,10.24,10.26
2023-05-30,SYN_POOL_A09,10.26,10.28,10.25,10.27
2023-05-31,SYN_POOL_A09,10.28,10.29,10.26,10.28
2023-06-01,SYN_POOL_A09,10.29,10.31,10.27,10.29
2023-06-02,SYN_POOL_A09,10.31,10.33,10.27,10.3
2023-06-05,SYN_POOL_A09,10.32,10.35,10.28,10.31
2023-06-06,SYN_POOL_A09,10.34,10.37,10.28,10.32
2023-06-07,SYN_POOL_A09,10.35,10.39,10.29,10.33
2023-06-08,SYN_POOL_A09,10.37,10.41,10.29,10.34
2023-06-09,SYN_POOL_A09,10.39,10.43,10.3,10.35
2023-06-12,SYN_POOL_A09,10.4,10.45,10.31,10.36
2023-06-13,SYN_POOL_A09,10.42,10.47,10.31,10.37
2023-06-14,SYN_POOL_A09,10.43,10.49,10.32,10.38
2023-06-15,SYN_POOL_A09,10.45,10.51,10.33,10.39
2023-06-16,SYN_POOL_A09,10.46,10.52,10.35,10.4
2023-06-19,SYN_POOL_A09,10.33,10.46,10.28,10.41
2023-06-20,SYN_POOL_A09,10.34,10.39,10.13,10.17
2023-06-21,SYN_POOL_A09,10.11,10.23,10.07,10.18
2023-06-22,SYN_POOL_A09,10.13,10.23,10.09,10.19
2023-06-23,SYN_POOL_A09,10.14,10.24,10.11,10.2
2023-06-26,SYN_POOL_A09,10.16,10.24,10.13,10.21
2023-06-27,SYN_POOL_A09,10.17,10.25,10.15,10.22
2023-06-28,SYN_POOL_A09,10.19,10.26,10.17,10.23
2023-06-29,SYN_POOL_A09,10.2,10.26,10.19,10.24
2023-06-30,SYN_POOL_A09,10.22,10.27,10.21,10.25
2023-07-03,SYN_POOL_A09,10.23,10.27,10.23,10.26
2023-07-04,SYN_POOL_A09,10.25,10.28,10.25,10.27
2023-07-05,SYN_POOL_A09,10.27,10.28,10.26,10.28
2023-07-06,SYN_POOL_A09,10.28,10.3,10.27,10.29
2023-07-07,SYN_POOL_A09,10.3,10.31,10.28,10.3
2023-07-10,SYN_POOL_A09,10.31,10.33,10.29,10.31
2023-07-11,SYN_POOL_A09,10.33,10.34,10.3,10.32
2023-07-12,SYN_POOL_A09,10.34,10.36,10.31,10.33
2023-07-13,SYN_POOL_A09,10.36,10.38,10.31,10.34
2023-07-14,SYN_POOL_A09,10.37,10.4,10.32,10.35
2023-07-17,SYN_POOL_A09,10.39,10.42,10.32,10.36
2023-07-18,SYN_POOL_A09,10.4,10.44,10.33,10.37
2023-07-19,SYN_POOL_A09,10.42,10.46,10.33,10.38
2023-07-20,SYN_POOL_A09,10.43,10.48,10.34,10.39
2023-07-21,SYN_POOL_A09,10.45,10.5,10.35,10.4
2023-07-24,SYN_POOL_A09,10.46,10.52,10.35,10.41
2023-07-25,SYN_POOL_A09,10.48,10.54,10.37,10.42
2023-07-26,SYN_POOL_A09,10.5,10.56,10.38,10.43
2023-07-27,SYN_POOL_A09,10.36,10.5,10.31,10.44
2023-07-28,SYN_POOL_A09,10.38,10.51,10.33,10.45
2023-07-31,SYN_POOL_A09,10.39,10.44,10.18,10.22
2023-08-01,SYN_POOL_A09,10.16,10.27,10.13,10.23
2023-08-02,SYN_POOL_A09,10.18,10.27,10.14,10.24
2023-08-03,SYN_POOL_A09,10.19,10.28,10.16,10.25
2023-08-04,SYN_POOL_A09,10.21,10.28,10.18,10.26
2023-08-07,SYN_POOL_A09,10.22,10.29,10.2,10.27
2023-08-08,SYN_POOL_A09,10.24,10.3,10.22,10.28
2023-08-09,SYN_POOL_A09,10.25,10.3,10.24,10.29
2023-08-10,SYN_POOL_A09,10.27,10.31,10.26,10.3
2023-08-11,SYN_POOL_A09,10.28,10.31,10.28,10.31
2023-08-14,SYN_POOL_A09,10.3,10.32,10.29,10.32
2023-08-15,SYN_POOL_A09,10.31,10.33,10.3,10.33
2023-08-16,SYN_POOL_A09,10.33,10.34,10.32,10.34
2023-08-17,SYN_POOL_A09,10.34,10.36,10.33,10.35
2023-08-18,SYN_POOL_A09,10.36,10.37,10.34,10.36
2023-08-21,SYN_POOL_A09,10.37,10.39,10.34,10.37
2023-08-22,SYN_POOL_A09,10.39,10.41,10.35,10.38
2023-08-23,SYN_POOL_A09,10.41,10.43,10.35,10.39
2023-08-24,SYN_POOL_A09,10.42,10.45,10.36,10.4
2023-08-25,SYN_POOL_A09,10.44,10.47,10.36,10.41
2023-08-28,SYN_POOL_A09,10.45,10.49,10.37,10.42
2023-08-29,SYN_POOL_A09,10.47,10.51,10.38,10.43
2023-08-30,SYN_POOL_A09,10.48,10.53,10.38,10.44
2023-08-31,SYN_POOL_A09,10.5,10.55,10.39,10.45
2023-09-01,SYN_POOL_A09,10.51,10.57,10.4,10.46
2023-09-04,SYN_POOL_A09,10.53,10.59,10.41,10.47
2023-09-05,SYN_POOL_A09,10.39,10.53,10.34,10.48
2023-09-06,SYN_POOL_A09,10.41,10.54,10.36,10.49
2023-09-07,SYN_POOL_A09,10.42,10.47,10.21,10.25
2023-09-08,SYN_POOL_A09,10.19,10.3,10.16,10.26
2023-09-11,SYN_POOL_A09,10.21,10.31,10.18,10.27
2023-09-12,SYN_POOL_A09,10.22,10.31,10.2,10.28
2023-09-13,SYN_POOL_A09,10.24,10.32,10.22,10.29
2023-09-14,SYN_POOL_A09,10.25,10.33,10.24,10.3
2023-09-15,SYN_POOL_A09,10.27,10.33,10.25,10.31
2023-09-18,SYN_POOL_A09,10.28,10.34,10.27,10.32
2023-09-19,SYN_POOL_A09,10.3,10.34,10.29,10.33
2023-09-20,SYN_POOL_A09,10.31,10.35,10.31,10.34
2023-09-21,SYN_POOL_A09,10.33,10.35,10.33,10.35
2023-09-22,SYN_POOL_A09,10.35,10.36,10.34,10.36
2023-09-25,SYN_POOL_A09,10.36,10.38,10.35,10.37
2023-09-26,SYN_POOL_A09,10.38,10.39,10.36,10.38
2023-09-27,SYN_POOL_A09,10.39,10.41,10.37,10.39
2023-09-28,SYN_POOL_A09,10.41,10.43,10.38,10.4
2023-09-29,SYN_POOL_A09,10.42,10.45,10.38,10.41
2023-10-02,SYN_POOL_A09,10.44,10.47,10.39,10.42
2023-10-03,SYN_POOL_A09,10.45,10.49,10.39,10.43
2023-10-04,SYN_POOL_A09,10.47,10.51,10.4,10.44
2023-10-05,SYN_POOL_A09,10.48,10.53,10.4,10.45
2023-10-06,SYN_POOL_A09,10.5,10.55,10.41,10.46
2023-10-09,SYN_POOL_A09,10.52,10.57,10.42,10.47
2023-10-10,SYN_POOL_A09,10.53,10.59,10.42,10.48
2023-10-11,SYN_POOL_A09,10.55,10.61,10.43,10.49
2023-10-12,SYN_POOL_A09,10.56,10.62,10.45,10.5
2023-10-13,SYN_POOL_A09,10.58,10.64,10.46,10.51
2023-10-16,SYN_POOL_A09,10.44,10.58,10.4,10.52
2023-10-17,SYN_POOL_A09,10.46,10.51,10.24,10.28
2023-10-18,SYN_POOL_A09,10.22,10.34,10.19,10.29
2023-10-19,SYN_POOL_A09,10.24,10.34,10.21,10.3
2023-10-20,SYN_POOL_A09,10.26,10.35,10.23,10.31
2023-10-23,SYN_POOL_A09,10.27,10.35,10.25,10.32
2023-10-24,SYN_POOL_A09,10.29,10.36,10.27,10.33
2023-10-25,SYN_POOL_A09,10.3,10.37,10.29,10.34
2023-10-26,SYN_POOL_A09,10.32,10.37,10.31,10.35
2023-10-27,SYN_POOL_A09,10.33,10.38,10.33,10.36
2023-10-30,SYN_POOL_A09,10.35,10.38,10.35,10.37
2023-10-31,SYN_POOL_A09,10.36,10.39,10.36,10.38
2023-11-01,SYN_POOL_A09,10.38,10.4,10.37,10.39
2023-11-02,SYN_POOL_A09,10.39,10.41,10.38,10.4
2023-11-03,SYN_POOL_A09,10.41,10.42,10.39,10.42
2023-11-06,SYN_POOL_A09,10.42,10.44,10.4,10.43
2023-11-07,SYN_POOL_A09,10.44,10.46,10.41,10.44
2023-11-08,SYN_POOL_A09,10.46,10.48,10.42,10.45
2023-11-09,SYN_POOL_A09,10.47,10.5,10.42,10.46
2023-11-10,SYN_POOL_A09,10.49,10.52,10.43,10.47
2023-11-13,SYN_POOL_A09,10.5,10.54,10.43,10.48
2023-11-14,SYN_POOL_A09,10.52,10.56,10.44,10.49
2023-11-15,SYN_POOL_A09,10.53,10.58,10.44,10.5
2023-11-16,SYN_POOL_A09,10.55,10.6,10.45,10.51
2023-11-17,SYN_POOL_A09,10.56,10.62,10.46,10.52
2023-11-20,SYN_POOL_A09,10.58,10.64,10.47,10.53
2023-11-21,SYN_POOL_A09,10.6,10.66,10.48,10.54
2023-11-22,SYN_POOL_A09,10.61,10.67,10.49,10.55
2023-11-23,SYN_POOL_A09,10.47,10.61,10.43,10.56
2023-11-24,SYN_POOL_A09,10.49,10.54,10.27,10.32
2023-11-27,SYN_POOL_A09,10.26,10.37,10.22,10.33
2023-11-28,SYN_POOL_A09,10.27,10.38,10.24,10.34
2023-11-29,SYN_POOL_A09,10.29,10.38,10.26,10.35
2023-11-30,SYN_POOL_A09,10.3,10.39,10.28,10.36
2023-12-01,SYN_POOL_A09,10.32,10.39,10.3,10.37
2023-12-04,SYN_POOL_A09,10.33,10.4,10.32,10.38
2023-12-05,SYN_POOL_A09,10.35,10.41,10.34,10.39
2023-12-06,SYN_POOL_A09,10.36,10.41,10.36,10.4
2023-12-07,SYN_POOL_A09,10.38,10.42,10.38,10.41
2023-12-08,SYN_POOL_A09,10.4,10.42,10.39,10.42
2023-12-11,SYN_POOL_A09,10.41,10.43,10.41,10.43
2023-12-12,SYN_POOL_A09,10.43,10.44,10.42,10.44
2023-12-13,SYN_POOL_A09,10.44,10.46,10.43,10.45
2023-12-14,SYN_POOL_A09,10.46,10.47,10.44,10.46
2023-12-15,SYN_POOL_A09,10.47,10.49,10.45,10.47
2023-12-18,SYN_POOL_A09,10.49,10.51,10.45,10.48
2023-12-19,SYN_POOL_A09,10.5,10.53,10.46,10.49
2023-12-20,SYN_POOL_A09,10.52,10.55,10.46,10.5
2023-12-21,SYN_POOL_A09,10.54,10.57,10.47,10.51
2023-12-22,SYN_POOL_A09,10.55,10.59,10.47,10.52
2023-12-25,SYN_POOL_A09,10.57,10.61,10.48,10.53
2023-12-26,SYN_POOL_A09,10.58,10.63,10.49,10.54
2023-12-27,SYN_POOL_A09,10.6,10.65,10.49,10.55
2023-12-28,SYN_POOL_A09,10.61,10.67,10.5,10.56
2023-12-29,SYN_POOL_A09,10.63,10.69,10.51,10.57
2024-01-01,SYN_POOL_A09,10.64,10.7,10.53,10.58
2024-01-02,SYN_POOL_A09,10.51,10.65,10.46,10.59
2024-01-03,SYN_POOL_A09,10.52,10.57,10.31,10.35
2024-01-04,SYN_POOL_A09,10.29,10.41,10.25,10.36
2024-01-05,SYN_POOL_A09,10.3,10.41,10.27,10.37
2024-01-08,SYN_POOL_A09,10.32,10.42,10.29,10.38
2024-01-09,SYN_POOL_A09,10.34,10.42,10.31,10.39
2024-01-10,SYN_POOL_A09,10.35,10.43,10.33,10.4
2024-01-11,SYN_POOL_A09,10.37,10.43,10.35,10.41
2024-01-12,SYN_POOL_A09,10.38,10.44,10.37,10.42
2024-01-15,SYN_POOL_A09,10.4,10.45,10.39,10.43
2024-01-16,SYN_POOL_A09,10.41,10.45,10.41,10.44
2024-01-17,SYN_POOL_A09,10.43,10.46,10.43,10.45
2024-01-18,SYN_POOL_A09,10.44,10.46,10.44,10.46
2024-01-19,SYN_POOL_A09,10.46,10.48,10.45,10.47
2024-01-22,SYN_POOL_A09,10.47,10.49,10.46,10.48
2024-01-23,SYN_POOL_A09,10.49,10.51,10.47,10.49
2024-01-24,SYN_POOL_A09,10.51,10.52,10.48,10.5
2024-01-25,SYN_POOL_A09,10.52,10.54,10.49,10.51
2024-01-26,SYN_POOL_A09,10.54,10.56,10.49,10.52
2024-01-29,SYN_POOL_A09,10.55,10.58,10.5,10.53
2024-01-30,SYN_POOL_A09,10.57,10.6,10.5,10.54
2024-01-31,SYN_POOL_A09,10.58,10.62,10.51,10.55
2024-02-01,SYN_POOL_A09,10.6,10.64,10.51,10.56
2024-02-02,SYN_POOL_A09,10.62,10.66,10.52,10.57
2024-02-05,SYN_POOL_A09,10.63,10.68,10.53,10.58
2024-02-06,SYN_POOL_A09,10.65,10.7,10.53,10.6
2024-02-07,SYN_POOL_A09,10.66,10.72,10.55,10.61
2024-02-08,SYN_POOL_A09,10.68,10.74,10.56,10.62
2024-02-09,SYN_POOL_A09,10.54,10.68,10.49,10.63
2024-02-12,SYN_POOL_A09,10.56,10.69,10.51,10.64
2024-02-13,SYN_POOL_A09,10.57,10.62,10.35,10.39
2024-02-14,SYN_POOL_A09,10.34,10.45,10.3,10.4
2024-02-15,SYN_POOL_A09,10.35,10.45,10.32,10.41
2024-02-16,SYN_POOL_A09,10.37,10.46,10.34,10.42
2024-02-19,SYN_POOL_A09,10.38,10.46,10.36,10.43
2024-02-20,SYN_POOL_A09,10.4,10.47,10.38,10.45
2024-02-21,SYN_POOL_A09,10.41,10.48,10.4,10.46
2024-02-22,SYN_POOL_A09,10.43,10.48,10.42,10.47
2024-02-23,SYN_POOL_A09,10.45,10.49,10.44,10.48
2024-02-26,SYN_POOL_A09,10.46,10.49,10.46,10.49
2024-02-27,SYN_POOL_A09,10.48,10.5,10.47,10.5
2024-02-28,SYN_POOL_A09,10.49,10.51,10.48,10.51
2024-02-29,SYN_POOL_A09,10.51,10.52,10.49,10.52
2024-03-01,SYN_POOL_A09,10.52,10.54,10.51,10.53
2024-03-04,SYN_POOL_A09,10.54,10.55,10.52,10.54
2024-03-05,SYN_POOL_A09,10.55,10.57,10.52,10.55
2024-03-06,SYN_POOL_A09,10.57,10.59,10.53,10.56
2024-03-07,SYN_POOL_A09,10.59,10.61,10.53,10.57
2024-03-08,SYN_POOL_A09,10.6,10.64,10.54,10.58
2024-03-11,SYN_POOL_A09,10.62,10.66,10.54,10.59
2024-03-12,SYN_POOL_A09,10.63,10.68,10.55,10.6
2024-03-13,SYN_POOL_A09,10.65,10.7,10.56,10.61
2024-03-14,SYN_POOL_A09,10.66,10.72,10.56,10.62
2024-03-15,SYN_POOL_A09,10.68,10.74,10.57,10.63
2024-03-18,SYN_POOL_A09,10.7,10.76,10.58,10.64
2024-03-19,SYN_POOL_A09,10.71,10.77,10.59,10.65
2024-03-20,SYN_POOL_A09,10.57,10.72,10.52,10.66
2024-03-21,SYN_POOL_A09,10.59,10.72,10.54,10.67
2024-03-22,SYN_POOL_A09,10.6,10.65,10.39,10.43
2024-03-25,SYN_POOL_A09,10.37,10.48,10.33,10.44
2024-03-26,SYN_POOL_A09,10.38,10.49,10.35,10.45
2024-03-27,SYN_POOL_A09,10.4,10.49,10.37,10.46
2024-03-28,SYN_POOL_A09,10.42,10.5,10.39,10.47
2024-03-29,SYN_POOL_A09,10.43,10.5,10.41,10.48
2024-04-01,SYN_POOL_A09,10.45,10.51,10.43,10.49
2024-04-02,SYN_POOL_A09,10.46,10.52,10.45,10.5
2024-04-03,SYN_POOL_A09,10.48,10.52,10.47,10.51
2024-04-04,SYN_POOL_A09,10.49,10.53,10.49,10.52
2024-04-05,SYN_POOL_A09,10.51,10.53,10.51,10.53
2024-04-08,SYN_POOL_A09,10.52,10.54,10.52,10.54
2024-04-09,SYN_POOL_A09,10.54,10.56,10.53,10.55
2024-04-10,SYN_POOL_A09,10.56,10.57,10.54,10.56
2024-04-11,SYN_POOL_A09,10.57,10.59,10.55,10.57
2024-04-12,SYN_POOL_A09,10.59,10.61,10.56,10.58
2024-04-15,SYN_POOL_A09,10.6,10.63,10.56,10.59
2024-04-16,SYN_POOL_A09,10.62,10.65,10.57,10.6
2024-04-17,SYN_POOL_A09,10.63,10.67,10.57,10.61
2024-04-18,SYN_POOL_A09,10.65,10.69,10.58,10.62
2024-04-19,SYN_POOL_A09,10.67,10.71,10.58,10.63
2024-04-22,SYN_POOL_A09,10.68,10.73,10.59,10.64
2024-04-23,SYN_POOL_A09,10.7,10.75,10.6,10.65
2024-04-24,SYN_POOL_A09,10.71,10.77,10.6,10.66
2024-04-25,SYN_POOL_A09,10.73,10.79,10.61,10.67
2024-04-26,SYN_POOL_A09,10.74,10.81,10.63,10.68
2024-04-29,SYN_POOL_A09,10.76,10.82,10.64,10.69
2024-04-30,SYN_POOL_A09,10.62,10.76,10.57,10.7
2024-05-01,SYN_POOL_A09,10.64,10.69,10.42,10.46
2024-05-02,SYN_POOL_A09,10.4,10.52,10.36,10.47
2024-05-03,SYN_POOL_A09,10.42,10.52,10.38,10.48
2024-05-06,SYN_POOL_A09,10.43,10.53,10.4,10.49
2024-05-07,SYN_POOL_A09,10.45,10.53,10.42,10.5
2024-05-08,SYN_POOL_A09,10.46,10.54,10.44,10.51
2024-05-09,SYN_POOL_A09,10.48,10.54,10.46,10.52
2024-05-10,SYN_POOL_A09,10.49,10.55,10.48,10.53
2024-05-13,SYN_POOL_A09,10.51,10.56,10.5,10.54
2024-05-14,SYN_POOL_A09,10.53,10.56,10.52,10.55
2024-05-15,SYN_POOL_A09,10.54,10.57,10.54,10.56
2024-05-16,SYN_POOL_A09,10.56,10.57,10.55,10.57
2024-05-17,SYN_POOL_A09,10.57,10.59,10.56,10.58
2024-05-20,SYN_POOL_A09,10.59,10.6,10.57,10.59
2024-05-21,SYN_POOL_A09,10.6,10.62,10.58,10.6
2024-05-22,SYN_POOL_A09,10.62,10.64,10.59,10.62
2024-05-23,SYN_POOL_A09,10.64,10.66,10.6,10.63
2024-05-24,SYN_POOL_A09,10.65,10.68,10.6,10.64
2024-05-27,SYN_POOL_A09,10.67,10.7,10.61,10.65
2024-05-28,SYN_POOL_A09,10.68,10.72,10.61,10.66
2024-05-29,SYN_POOL_A09,10.7,10.74,10.62,10.67
2024-05-30,SYN_POOL_A09,10.71,10.76,10.62,10.68
2024-05-31,SYN_POOL_A09,10.73,10.78,10.63,10.69
2024-06-03,SYN_POOL_A09,10.75,10.8,10.64,10.7
2024-06-04,SYN_POOL_A09,10.76,10.82,10.65,10.71
2024-06-05,SYN_POOL_A09,10.78,10.84,10.66,10.72
2024-06-06,SYN_POOL_A09,10.79,10.85,10.68,10.73
2024-06-07,SYN_POOL_A09,10.65,10.79,10.61,10.74
2024-06-10,SYN_POOL_A09,10.67,10.72,10.45,10.49
2024-06-11,SYN_POOL_A09,10.43,10.55,10.39,10.5
2024-06-12,SYN_POOL_A09,10.45,10.56,10.41,10.51
2024-06-13,SYN_POOL_A09,10.46,10.56,10.43,10.53
2024-06-14,SYN_POOL_A09,10.48,10.57,10.45,10.54
2024-06-17,SYN_POOL_A09,10.5,10.57,10.47,10.55
2024-06-18,SYN_POOL_A09,10.51,10.58,10.49,10.56
2024-06-19,SYN_POOL_A09,10.53,10.58,10.51,10.57
2024-06-20,SYN_POOL_A09,10.54,10.59,10.53,10.58
2024-06-21,SYN_POOL_A09,10.56,10.6,10.55,10.59
2024-06-24,SYN_POOL_A09,10.57,10.6,10.57,10.6
2024-06-25,SYN_POOL_A09,10.59,10.61,10.58,10.61
2024-06-26,SYN_POOL_A09,10.61,10.62,10.6,10.62
2024-06-27,SYN_POOL_A09,10.62,10.64,10.61,10.63
2024-06-28,SYN_POOL_A09,10.64,10.65,10.62,10.64
2024-07-01,SYN_POOL_A09,10.65,10.67,10.63,10.65
2024-07-02,SYN_POOL_A09,10.67,10.69,10.63,10.66
2024-07-03,SYN_POOL_A09,10.68,10.71,10.64,10.67
2024-07-04,SYN_POOL_A09,10.7,10.73,10.64,10.68
2024-07-05,SYN_POOL_A09,10.72,10.75,10.65,10.69
2024-07-08,SYN_POOL_A09,10.73,10.77,10.65,10.7
2024-07-09,SYN_POOL_A09,10.75,10.79,10.66,10.71
2024-07-10,SYN_POOL_A09,10.76,10.81,10.67,10.72
2024-07-11,SYN_POOL_A09,10.78,10.83,10.67,10.73
2024-07-12,SYN_POOL_A09,10.79,10.85,10.68,10.74
2024-07-15,SYN_POOL_A09,10.81,10.87,10.69,10.75
2024-07-16,SYN_POOL_A09,10.83,11.47,10.77,11.41
2024-07-17,SYN_POOL_A09,11.33,12.17,11.28,12.1
2024-07-18,SYN_POOL_A09,12.03,12.6,11.98,12.54
2024-07-19,SYN_POOL_A09,12.46,13.36,12.42,13.3
2024-07-22,SYN_POOL_A09,13.23,14.17,13.19,14.12
2024-07-23,SYN_POOL_A09,14.05,15.03,14.0,14.98
2024-07-24,SYN_POOL_A09,14.91,15.94,14.87,15.89
2024-07-25,SYN_POOL_A09,15.83,16.91,15.8,16.86
2024-07-26,SYN_POOL_A09,16.8,17.93,16.78,17.89
2024-07-29,SYN_POOL_A09,17.84,19.02,17.82,18.98
2022-08-01,SYN_POOL_A10,13.85,13.91,13.79,13.85
2022-08-02,SYN_POOL_A10,13.77,13.92,13.72,13.86
2022-08-03,SYN_POOL_A10,13.79,13.93,13.75,13.88
2022-08-04,SYN_POOL_A10,13.82,13.94,13.78,13.9
2022-08-05,SYN_POOL_A10,13.84,13.95,13.81,13.91
2022-08-08,SYN_POOL_A10,13.87,13.96,13.84,13.93
2022-08-09,SYN_POOL_A10,13.89,13.97,13.87,13.95
2022-08-10,SYN_POOL_A10,13.91,13.98,13.9,13.96
2022-08-11,SYN_POOL_A10,13.94,13.99,13.93,13.98
2022-08-12,SYN_POOL_A10,13.96,14.01,13.96,14.0
2022-08-15,SYN_POOL_A10,13.99,14.02,13.98,14.02
2022-08-16,SYN_POOL_A10,14.01,14.04,14.0,14.03
2022-08-17,SYN_POOL_A10,14.03,14.06,14.02,14.05
2022-08-18,SYN_POOL_A10,14.06,14.08,14.03,14.07
2022-08-19,SYN_POOL_A10,14.08,14.11,14.05,14.08
2022-08-22,SYN_POOL_A10,14.11,14.14,14.06,14.1
2022-08-23,SYN_POOL_A10,14.13,14.17,14.08,14.12
2022-08-24,SYN_POOL_A10,14.16,14.2,14.09,14.13
2022-08-25,SYN_POOL_A10,14.18,14.23,14.1,14.15
2022-08-26,SYN_POOL_A10,14.2,14.26,14.11,14.17
2022-08-29,SYN_POOL_A10,14.23,14.29,14.12,14.19
2022-08-30,SYN_POOL_A10,14.25,14.32,14.13,14.2
2022-08-31,SYN_POOL_A10,14.28,14.35,14.14,14.22
2022-09-01,SYN_POOL_A10,14.3,14.38,14.15,14.24
2022-09-02,SYN_POOL_A10,14.33,14.41,14.18,14.25
2022-09-05,SYN_POOL_A10,14.35,14.43,14.2,14.27
2022-09-06,SYN_POOL_A10,14.17,14.36,14.1,14.29
2022-09-07,SYN_POOL_A10,14.2,14.38,14.13,14.31
2022-09-08,SYN_POOL_A10,14.22,14.28,13.93,13.98
2022-09-09,SYN_POOL_A10,13.91,14.06,13.86,14.0
2022-09-12,SYN_POOL_A10,13.93,14.07,13.89,14.02
2022-09-13,SYN_POOL_A10,13.95,14.08,13.92,14.04
2022-09-14,SYN_POOL_A10,13.98,14.09,13.95,14.05
2022-09-15,SYN_POOL_A10,14.0,14.1,13.98,14.07
2022-09-16,SYN_POOL_A10,14.03,14.11,14.01,14.09
2022-09-19,SYN_POOL_A10,14.05,14.12,14.04,14.1
2022-09-20,SYN_POOL_A10,14.08,14.14,14.07,14.12
2022-09-21,SYN_POOL_A10,14.1,14.15,14.1,14.14
2022-09-22,SYN_POOL_A10,14.12,14.16,14.12,14.16
2022-09-23,SYN_POOL_A10,14.15,14.18,14.14,14.17
2022-09-26,SYN_POOL_A10,14.17,14.2,14.16,14.19
2022-09-27,SYN_POOL_A10,14.2,14.22,14.17,14.21
2022-09-28,SYN_POOL_A10,14.22,14.25,14.19,14.22
2022-09-29,SYN_POOL_A10,14.25,14.27,14.21,14.24
2022-09-30,SYN_POOL_A10,14.27,14.3,14.22,14.26
2022-10-03,SYN_POOL_A10,14.3,14.34,14.23,14.28
2022-10-04,SYN_POOL_A10,14.32,14.37,14.24,14.29
2022-10-05,SYN_POOL_A10,14.35,14.4,14.25,14.31
2022-10-06,SYN_POOL_A10,14.37,14.43,14.26,14.33
2022-10-07,SYN_POOL_A10,14.39,14.46,14.27,14.34
2022-10-10,SYN_POOL_A10,14.42,14.49,14.28,14.36
2022-10-11,SYN_POOL_A10,14.44,14.52,14.29,14.38
2022-10-12,SYN_POOL_A10,14.47,14.55,14.31,14.4
2022-10-13,SYN_POOL_A10,14.49,14.58,14.34,14.41
2022-10-14,SYN_POOL_A10,14.31,14.51,14.24,14.43
2022-10-17,SYN_POOL_A10,14.33,14.52,14.27,14.45
2022-10-18,SYN_POOL_A10,14.36,14.42,14.07,14.12
2022-10-19,SYN_POOL_A10,14.04,14.2,13.99,14.14
2022-10-20,SYN_POOL_A10,14.07,14.21,14.02,14.16
2022-10-21,SYN_POOL_A10,14.09,14.22,14.05,14.17
2022-10-24,SYN_POOL_A10,14.12,14.23,14.08,14.19
2022-10-25,SYN_POOL_A10,14.14,14.24,14.11,14.21
2022-10-26,SYN_POOL_A10,14.17,14.25,14.14,14.23
2022-10-27,SYN_POOL_A10,14.19,14.27,14.18,14.24
2022-10-28,SYN_POOL_A10,14.21,14.28,14.21,14.26
2022-10-31,SYN_POOL_A10,14.24,14.29,14.24,14.28
2022-11-01,SYN_POOL_A10,14.26,14.3,14.26,14.3
2022-11-02,SYN_POOL_A10,14.29,14.31,14.28,14.31
2022-11-03,SYN_POOL_A10,14.31,14.34,14.3,14.33
2022-11-04,SYN_POOL_A10,14.34,14.36,14.31,14.35
2022-11-07,SYN_POOL_A10,14.36,14.38,14.33,14.36
2022-11-08,SYN_POOL_A10,14.39,14.41,14.35,14.38
2022-11-09,SYN_POOL_A10,14.41,14.44,14.36,14.4
2022-11-10,SYN_POOL_A10,14.44,14.47,14.37,14.42
2022-11-11,SYN_POOL_A10,14.46,14.51,14.38,14.43
2022-11-14,SYN_POOL_A10,14.49,14.54,14.39,14.45
2022-11-15,SYN_POOL_A10,14.51,14.57,14.4,14.47
2022-11-16,SYN_POOL_A10,14.53,14.6,14.41,14.49
2022-11-17,SYN_POOL_A10,14.56,14.63,14.43,14.5
2022-11-18,SYN_POOL_A10,14.58,14.66,14.44,14.52
2022-11-21,SYN_POOL_A10,14.61,14.69,14.45,14.54
2022-11-22,SYN_POOL_A10,14.63,14.72,14.48,14.56
2022-11-23,SYN_POOL_A10,14.66,14.74,14.5,14.57
2022-11-24,SYN_POOL_A10,14.47,14.66,14.41,14.59
2022-11-25,SYN_POOL_A10,14.5,14.57,14.2,14.26
2022-11-28,SYN_POOL_A10,14.18,14.34,14.13,14.28
2022-11-29,SYN_POOL_A10,14.2,14.35,14.16,14.3
2022-11-30,SYN_POOL_A10,14.23,14.36,14.19,14.31
2022-12-01,SYN_POOL_A10,14.25,14.37,14.22,14.33
2022-12-02,SYN_POOL_A10,14.28,14.38,14.25,14.35
2022-12-05,SYN_POOL_A10,14.3,14.4,14.28,14.37
2022-12-06,SYN_POOL_A10,14.33,14.41,14.31,14.38
2022-12-07,SYN_POOL_A10,14.35,14.42,14.34,14.4
2022-12-08,SYN_POOL_A10,14.38,14.43,14.37,14.42
2022-12-09,SYN_POOL_A10,14.4,14.44,14.4,14.44
2022-12-12,SYN_POOL_A10,14.43,14.45,14.42,14.45
2022-12-13,SYN_POOL_A10,14.45,14.48,14.44,14.47
2022-12-14,SYN_POOL_A10,14.48,14.5,14.45,14.49
2022-12-15,SYN_POOL_A10,14.5,14.52,14.47,14.51
2022-12-16,SYN_POOL_A10,14.53,14.55,14.49,14.52
2022-12-19,SYN_POOL_A10,14.55,14.58,14.5,14.54
2022-12-20,SYN_POOL_A10,14.58,14.61,14.51,14.56
2022-12-21,SYN_POOL_A10,14.6,14.64,14.52,14.57
2022-12-22,SYN_POOL_A10,14.62,14.68,14.53,14.59
2022-12-23,SYN_POOL_A10,14.65,14.71,14.54,14.61
2022-12-26,SYN_POOL_A10,14.67,14.74,14.56,14.63
2022-12-27,SYN_POOL_A10,14.7,14.77,14.57,14.64
2022-12-28,SYN_POOL_A10,14.73,14.8,14.58,14.66
2022-12-29,SYN_POOL_A10,14.75,14.83,14.59,14.68
2022-12-30,SYN_POOL_A10,14.78,14.86,14.62,14.7
2023-01-02,SYN_POOL_A10,14.8,14.88,14.64,14.72
2023-01-03,SYN_POOL_A10,14.61,14.81,14.55,14.73
2023-01-04,SYN_POOL_A10,14.64,14.71,14.34,14.4
2023-01-05,SYN_POOL_A10,14.32,14.48,14.26,14.42
2023-01-06,SYN_POOL_A10,14.34,14.49,14.29,14.44
2023-01-09,SYN_POOL_A10,14.37,14.5,14.32,14.45
2023-01-10,SYN_POOL_A10,14.39,14.51,14.35,14.47
2023-01-11,SYN_POOL_A10,14.41,14.53,14.39,14.49
2023-01-12,SYN_POOL_A10,14.44,14.54,14.42,14.51
2023-01-13,SYN_POOL_A10,14.46,14.55,14.45,14.52
2023-01-16,SYN_POOL_A10,14.49,14.56,14.48,14.54
2023-01-17,SYN_POOL_A10,14.51,14.57,14.51,14.56
2023-01-18,SYN_POOL_A10,14.54,14.58,14.54,14.58
2023-01-19,SYN_POOL_A10,14.56,14.59,14.56,14.59
2023-01-20,SYN_POOL_A10,14.59,14.62,14.58,14.61
2023-01-23,SYN_POOL_A10,14.61,14.64,14.59,14.63
2023-01-24,SYN_POOL_A10,14.64,14.66,14.61,14.65
2023-01-25,SYN_POOL_A10,14.66,14.69,14.63,14.66
2023-01-26,SYN_POOL_A10,14.69,14.72,14.64,14.68
2023-01-27,SYN_POOL_A10,14.71,14.75,14.65,14.7
2023-01-30,SYN_POOL_A10,14.74,14.78,14.66,14.72
2023-01-31,SYN_POOL_A10,14.76,14.81,14.68,14.73
2023-02-01,SYN_POOL_A10,14.79,14.85,14.69,14.75
2023-02-02,SYN_POOL_A10,14.82,14.88,14.7,14.77
2023-02-03,SYN_POOL_A10,14.84,14.91,14.71,14.79
2023-02-06,SYN_POOL_A10,14.87,14.94,14.72,14.8
2023-02-07,SYN_POOL_A10,14.89,14.97,14.73,14.82
2023-02-08,SYN_POOL_A10,14.92,15.0,14.76,14.84
2023-02-09,SYN_POOL_A10,14.94,15.03,14.78,14.86
2023-02-10,SYN_POOL_A10,14.75,14.95,14.68,14.87
2023-02-13,SYN_POOL_A10,14.78,14.85,14.48,14.54
2023-02-14,SYN_POOL_A10,14.45,14.62,14.4,14.56
2023-02-15,SYN_POOL_A10,14.48,14.63,14.43,14.57
2023-02-16,SYN_POOL_A10,14.5,14.64,14.46,14.59
2023-02-17,SYN_POOL_A10,14.53,14.66,14.49,14.61
2023-02-20,SYN_POOL_A10,14.55,14.67,14.52,14.63
2023-02-21,SYN_POOL_A10,14.58,14.68,14.55,14.64
2023-02-22,SYN_POOL_A10,14.6,14.69,14.58,14.66
2023-02-23,SYN_POOL_A10,14.63,14.7,14.61,14.68
2023-02-24,SYN_POOL_A10,14.65,14.71,14.65,14.7
2023-02-27,SYN_POOL_A10,14.68,14.72,14.68,14.72
2023-02-28,SYN_POOL_A10,14.7,14.73,14.7,14.73
2023-03-01,SYN_POOL_A10,14.73,14.75,14.71,14.75
2023-03-02,SYN_POOL_A10,14.75,14.78,14.73,14.77
2023-03-03,SYN_POOL_A10,14.78,14.8,14.75,14.79
2023-03-06,SYN_POOL_A10,14.8,14.83,14.77,14.8
2023-03-07,SYN_POOL_A10,14.83,14.86,14.78,14.82
2023-03-08,SYN_POOL_A10,14.85,14.89,14.79,14.84
2023-03-09,SYN_POOL_A10,14.88,14.92,14.81,14.86
2023-03-10,SYN_POOL_A10,14.9,14.95,14.82,14.87
2023-03-13,SYN_POOL_A10,14.93,14.98,14.83,14.89
2023-03-14,SYN_POOL_A10,14.96,15.02,14.84,14.91
2023-03-15,SYN_POOL_A10,14.98,15.05,14.85,14.93
2023-03-16,SYN_POOL_A10,15.01,15.08,14.86,14.95
2023-03-17,SYN_POOL_A10,15.03,15.11,14.87,14.96
2023-03-20,SYN_POOL_A10,15.06,15.14,14.9,14.98
2023-03-21,SYN_POOL_A10,15.08,15.17,14.92,15.0
2023-03-22,SYN_POOL_A10,14.89,15.1,14.82,15.02
2023-03-23,SYN_POOL_A10,14.92,15.11,14.85,15.03
2023-03-24,SYN_POOL_A10,14.94,15.01,14.64,14.7
2023-03-27,SYN_POOL_A10,14.61,14.77,14.56,14.71
2023-03-28,SYN_POOL_A10,14.64,14.78,14.59,14.73
2023-03-29,SYN_POOL_A10,14.66,14.8,14.63,14.75
2023-03-30,SYN_POOL_A10,14.69,14.81,14.66,14.77
2023-03-31,SYN_POOL_A10,14.71,14.82,14.69,14.78
2023-04-03,SYN_POOL_A10,14.74,14.83,14.72,14.8
2023-04-04,SYN_POOL_A10,14.76,14.84,14.75,14.82
2023-04-05,SYN_POOL_A10,14.79,14.85,14.78,14.84
2023-04-06,SYN_POOL_A10,14.82,14.86,14.81,14.86
2023-04-07,SYN_POOL_A10,14.84,14.88,14.84,14.87
2023-04-10,SYN_POOL_A10,14.87,14.89,14.85,14.89
2023-04-11,SYN_POOL_A10,14.89,14.92,14.87,14.91
2023-04-12,SYN_POOL_A10,14.92,14.94,14.89,14.93
2023-04-13,SYN_POOL_A10,14.94,14.97,14.91,14.94
2023-04-14,SYN_POOL_A10,14.97,15.0,14.92,14.96
2023-04-17,SYN_POOL_A10,14.99,15.03,14.94,14.98
2023-04-18,SYN_POOL_A10,15.02,15.06,14.95,15.0
2023-04-19,SYN_POOL_A10,15.04,15.09,14.96,15.02
2023-04-20,SYN_POOL_A10,15.07,15.12,14.97,15.03
2023-04-21,SYN_POOL_A10,15.1,15.16,14.98,15.05
2023-04-24,SYN_POOL_A10,15.12,15.19,14.99,15.07
2023-04-25,SYN_POOL_A10,15.15,15.22,15.0,15.09
2023-04-26,SYN_POOL_A10,15.17,15.25,15.02,15.1
2023-04-27,SYN_POOL_A10,15.2,15.29,15.04,15.12
2023-04-28,SYN_POOL_A10,15.22,15.31,15.06,15.14
2023-05-01,SYN_POOL_A10,15.25,15.33,15.09,15.16
2023-05-02,SYN_POOL_A10,15.06,15.25,14.99,15.18
2023-05-03,SYN_POOL_A10,15.08,15.15,14.77,14.83
2023-05-04,SYN_POOL_A10,14.75,14.91,14.7,14.85
2023-05-05,SYN_POOL_A10,14.78,14.93,14.73,14.87
2023-05-08,SYN_POOL_A10,14.8,14.94,14.76,14.89
2023-05-09,SYN_POOL_A10,14.83,14.95,14.79,14.91
2023-05-10,SYN_POOL_A10,14.85,14.96,14.82,14.92
2023-05-11,SYN_POOL_A10,14.88,14.97,14.86,14.94
2023-05-12,SYN_POOL_A10,14.9,14.98,14.89,14.96
2023-05-15,SYN_POOL_A10,14.93,14.99,14.92,14.98
2023-05-16,SYN_POOL_A10,14.95,15.01,14.95,14.99
2023-05-17,SYN_POOL_A10,14.98,15.02,14.97,15.01
2023-05-18,SYN_POOL_A10,15.0,15.03,14.99,15.03
2023-05-19,SYN_POOL_A10,15.03,15.06,15.01,15.05
2023-05-22,SYN_POOL_A10,15.06,15.08,15.03,15.07
2023-05-23,SYN_POOL_A10,15.08,15.11,15.05,15.08
2023-05-24,SYN_POOL_A10,15.11,15.13,15.07,15.1
2023-05-25,SYN_POOL_A10,15.13,15.17,15.08,15.12
2023-05-26,SYN_POOL_A10,15.16,15.2,15.09,15.14
2023-05-29,SYN_POOL_A10,15.18,15.23,15.1,15.16
2023-05-30,SYN_POOL_A10,15.21,15.26,15.11,15.17
2023-05-31,SYN_POOL_A10,15.24,15.3,15.12,15.19
2023-06-01,SYN_POOL_A10,15.26,15.33,15.14,15.21
2023-06-02,SYN_POOL_A10,15.29,15.36,15.15,15.23
2023-06-05,SYN_POOL_A10,15.31,15.39,15.16,15.25
2023-06-06,SYN_POOL_A10,15.34,15.43,15.18,15.26
2023-06-07,SYN_POOL_A10,15.36,15.46,15.2,15.28
2023-06-08,SYN_POOL_A10,15.39,15.48,15.22,15.3
2023-06-09,SYN_POOL_A10,15.2,15.4,15.13,15.32
2023-06-12,SYN_POOL_A10,15.22,15.29,14.91,14.97
2023-06-13,SYN_POOL_A10,14.89,15.05,14.83,14.99
2023-06-14,SYN_POOL_A10,14.91,15.07,14.86,15.01
2023-06-15,SYN_POOL_A10,14.94,15.08,14.9,15.03
2023-06-16,SYN_POOL_A10,14.96,15.09,14.93,15.04
2023-06-19,SYN_POOL_A10,14.99,15.1,14.96,15.06
2023-06-20,SYN_POOL_A10,15.01,15.11,14.99,15.08
2023-06-21,SYN_POOL_A10,15.04,15.12,15.02,15.1
2023-06-22,SYN_POOL_A10,15.07,15.14,15.06,15.12
2023-06-23,SYN_POOL_A10,15.09,15.15,15.09,15.13
2023-06-26,SYN_POOL_A10,15.12,15.16,15.11,15.15
2023-06-27,SYN_POOL_A10,15.14,15.17,15.13,15.17
2023-06-28,SYN_POOL_A10,15.17,15.2,15.15,15.19
2023-06-29,SYN_POOL_A10,15.19,15.22,15.17,15.21
2023-06-30,SYN_POOL_A10,15.22,15.24,15.19,15.22
2023-07-03,SYN_POOL_A10,15.25,15.27,15.21,15.24
2023-07-04,SYN_POOL_A10,15.27,15.3,15.22,15.26
2023-07-05,SYN_POOL_A10,15.3,15.34,15.23,15.28
2023-07-06,SYN_POOL_A10,15.32,15.37,15.24,15.3
2023-07-07,SYN_POOL_A10,15.35,15.4,15.25,15.32
2023-07-10,SYN_POOL_A10,15.38,15.43,15.27,15.33
2023-07-11,SYN_POOL_A10,15.4,15.47,15.28,15.35
2023-07-12,SYN_POOL_A10,15.43,15.5,15.29,15.37
2023-07-13,SYN_POOL_A10,15.45,15.53,15.3,15.39
2023-07-14,SYN_POOL_A10,15.48,15.57,15.32,15.41
2023-07-17,SYN_POOL_A10,15.51,15.6,15.34,15.42
2023-07-18,SYN_POOL_A10,15.53,15.62,15.36,15.44
2023-07-19,SYN_POOL_A10,15.34,15.54,15.26,15.46
2023-07-20,SYN_POOL_A10,15.36,15.43,15.05,15.11
2023-07-21,SYN_POOL_A10,15.02,15.2,14.97,15.13
2023-07-24,SYN_POOL_A10,15.05,15.21,15.0,15.15
2023-07-25,SYN_POOL_A10,15.07,15.22,15.03,15.17
2023-07-26,SYN_POOL_A10,15.1,15.23,15.06,15.18
2023-07-27,SYN_POOL_A10,15.13,15.24,15.09,15.2
2023-07-28,SYN_POOL_A10,15.15,15.25,15.13,15.22
2023-07-31,SYN_POOL_A10,15.18,15.27,15.16,15.24
2023-08-01,SYN_POOL_A10,15.2,15.28,15.19,15.26
2023-08-02,SYN_POOL_A10,15.23,15.29,15.22,15.27
2023-08-03,SYN_POOL_A10,15.25,15.3,15.25,15.29
2023-08-04,SYN_POOL_A10,15.28,15.31,15.27,15.31
2023-08-07,SYN_POOL_A10,15.31,15.33,15.29,15.33
2023-08-08,SYN_POOL_A10,15.33,15.36,15.31,15.35
2023-08-09,SYN_POOL_A10,15.36,15.38,15.33,15.37
2023-08-10,SYN_POOL_A10,15.38,15.41,15.35,15.38
2023-08-11,SYN_POOL_A10,15.41,15.44,15.36,15.4
2023-08-14,SYN_POOL_A10,15.44,15.47,15.37,15.42
2023-08-15,SYN_POOL_A10,15.46,15.51,15.38,15.44
2023-08-16,SYN_POOL_A10,15.49,15.54,15.4,15.46
2023-08-17,SYN_POOL_A10,15.52,15.57,15.41,15.47
2023-08-18,SYN_POOL_A10,15.54,15.61,15.42,15.49
2023-08-21,SYN_POOL_A10,15.57,15.64,15.43,15.51
2023-08-22,SYN_POOL_A10,15.59,15.67,15.44,15.53
2023-08-23,SYN_POOL_A10,15.62,15.71,15.45,15.55
2023-08-24,SYN_POOL_A10,15.65,15.74,15.48,15.57
2023-08-25,SYN_POOL_A10,15.67,15.76,15.5,15.58
2023-08-28,SYN_POOL_A10,15.47,15.68,15.4,15.6
2023-08-29,SYN_POOL_A10,15.5,15.7,15.43,15.62
2023-08-30,SYN_POOL_A10,15.53,15.6,15.21,15.27
2023-08-31,SYN_POOL_A10,15.18,15.35,15.13,15.29
2023-09-01,SYN_POOL_A10,15.21,15.36,15.16,15.3
2023-09-04,SYN_POOL_A10,15.24,15.37,15.2,15.32
2023-09-05,SYN_POOL_A10,15.26,15.38,15.23,15.34
2023-09-06,SYN_POOL_A10,15.29,15.39,15.26,15.36
2023-09-07,SYN_POOL_A10,15.31,15.41,15.29,15.38
2023-09-08,SYN_POOL_A10,15.34,15.42,15.33,15.4
2023-09-11,SYN_POOL_A10,15.37,15.43,15.36,15.41
2023-09-12,SYN_POOL_A10,15.39,15.44,15.39,15.43
2023-09-13,SYN_POOL_A10,15.42,15.45,15.41,15.45
2023-09-14,SYN_POOL_A10,15.44,15.47,15.43,15.47
2023-09-15,SYN_POOL_A10,15.47,15.5,15.45,15.49
2023-09-18,SYN_POOL_A10,15.5,15.52,15.47,15.51
2023-09-19,SYN_POOL_A10,15.52,15.55,15.49,15.52
2023-09-20,SYN_POOL_A10,15.55,15.58,15.5,15.54
2023-09-21,SYN_POOL_A10,15.58,15.61,15.51,15.56
2023-09-22,SYN_POOL_A10,15.6,15.65,15.53,15.58
2023-09-25,SYN_POOL_A10,15.63,15.68,15.54,15.6
2023-09-26,SYN_POOL_A10,15.65,15.71,15.55,15.62
2023-09-27,SYN_POOL_A10,15.68,15.75,15.56,15.63
2023-09-28,SYN_POOL_A10,15.71,15.78,15.57,15.65
2023-09-29,SYN_POOL_A10,15.73,15.81,15.58,15.67
2023-10-02,SYN_POOL_A10,15.76,15.85,15.6,15.69
2023-10-03,SYN_POOL_A10,15.79,15.88,15.62,15.71
2023-10-04,SYN_POOL_A10,15.81,15.9,15.64,15.73
2023-10-05,SYN_POOL_A10,15.61,15.83,15.54,15.74
2023-10-06,SYN_POOL_A10,15.64,15.84,15.57,15.76
2023-10-09,SYN_POOL_A10,15.67,15.74,15.35,15.41
2023-10-10,SYN_POOL_A10,15.32,15.49,15.27,15.43
2023-10-11,SYN_POOL_A10,15.35,15.5,15.3,15.44
2023-10-12,SYN_POOL_A10,15.37,15.51,15.33,15.46
2023-10-13,SYN_POOL_A10,15.4,15.52,15.36,15.48
2023-10-16,SYN_POOL_A10,15.43,15.54,15.4,15.5
2023-10-17,SYN_POOL_A10,15.45,15.55,15.43,15.52
2023-10-18,SYN_POOL_A10,15.48,15.56,15.46,15.54
2023-10-19,SYN_POOL_A10,15.5,15.57,15.5,15.55
2023-10-20,SYN_POOL_A10,15.53,15.58,15.53,15.57
2023-10-23,SYN_POOL_A10,15.56,15.59,15.55,15.59
2023-10-24,SYN_POOL_A10,15.58,15.61,15.57,15.61
2023-10-25,SYN_POOL_A10,15.61,15.64,15.59,15.63
2023-10-26,SYN_POOL_A10,15.64,15.66,15.61,15.65
2023-10-27,SYN_POOL_A10,15.66,15.69,15.63,15.66
2023-10-30,SYN_POOL_A10,15.69,15.72,15.64,15.68
2023-10-31,SYN_POOL_A10,15.71,15.75,15.66,15.7
2023-11-01,SYN_POOL_A10,15.74,15.78,15.67,15.72
2023-11-02,SYN_POOL_A10,15.77,15.82,15.68,15.74
2023-11-03,SYN_POOL_A10,15.79,15.85,15.69,15.76
2023-11-06,SYN_POOL_A10,15.82,15.88,15.7,15.77
2023-11-07,SYN_POOL_A10,15.85,15.92,15.71,15.79
2023-11-08,SYN_POOL_A10,15.87,15.95,15.73,15.81
2023-11-09,SYN_POOL_A10,15.9,15.98,15.74,15.83
2023-11-10,SYN_POOL_A10,15.93,16.02,15.76,15.85
2023-11-13,SYN_POOL_A10,15.95,16.05,15.78,15.87
2023-11-14,SYN_POOL_A10,15.98,16.07,15.81,15.89
2023-11-15,SYN_POOL_A10,15.78,15.98,15.71,15.9
2023-11-16,SYN_POOL_A10,15.81,15.88,15.48,15.55
2023-11-17,SYN_POOL_A10,15.46,15.63,15.4,15.56
2023-11-20,SYN_POOL_A10,15.48,15.64,15.43,15.58
2023-11-21,SYN_POOL_A10,15.51,15.65,15.47,15.6
2023-11-22,SYN_POOL_A10,15.54,15.66,15.5,15.62
2023-11-23,SYN_POOL_A10,15.56,15.68,15.53,15.64
2023-11-24,SYN_POOL_A10,15.59,15.69,15.57,15.66
2023-11-27,SYN_POOL_A10,15.61,15.7,15.6,15.67
2023-11-28,SYN_POOL_A10,15.64,15.71,15.63,15.69
2023-11-29,SYN_POOL_A10,15.67,15.72,15.66,15.71
2023-11-30,SYN_POOL_A10,15.69,15.74,15.69,15.73
2023-12-01,SYN_POOL_A10,15.72,15.75,15.71,15.75
2023-12-04,SYN_POOL_A10,15.75,15.78,15.73,15.77
2023-12-05,SYN_POOL_A10,15.77,15.8,15.75,15.79
2023-12-06,SYN_POOL_A10,15.8,15.83,15.77,15.8
2023-12-07,SYN_POOL_A10,15.83,15.86,15.79,15.82
2023-12-08,SYN_POOL_A10,15.85,15.89,15.8,15.84
2023-12-11,SYN_POOL_A10,15.88,15.92,15.81,15.86
2023-12-12,SYN_POOL_A10,15.91,15.96,15.82,15.88
2023-12-13,SYN_POOL_A10,15.93,15.99,15.83,15.9
2023-12-14,SYN_POOL_A10,15.96,16.02,15.84,15.92
2023-12-15,SYN_POOL_A10,15.99,16.06,15.86,15.93
2023-12-18,SYN_POOL_A10,16.01,16.09,15.87,15.95
2023-12-19,SYN_POOL_A10,16.04,16.12,15.88,15.97
2023-12-20,SYN_POOL_A10,16.07,16.16,15.9,15.99
2023-12-21,SYN_POOL_A10,16.09,16.19,15.92,16.01
2023-12-22,SYN_POOL_A10,16.12,16.21,15.95,16.03
2023-12-25,SYN_POOL_A10,15.92,16.13,15.85,16.05
2023-12-26,SYN_POOL_A10,15.94,16.02,15.62,15.68
2023-12-27,SYN_POOL_A10,15.59,15.77,15.54,15.7
2023-12-28,SYN_POOL_A10,15.62,15.78,15.57,15.72
2023-12-29,SYN_POOL_A10,15.65,15.79,15.6,15.74
2024-01-01,SYN_POOL_A10,15.67,15.81,15.63,15.76
2024-01-02,SYN_POOL_A10,15.7,15.82,15.67,15.78
2024-01-03,SYN_POOL_A10,15.73,15.83,15.7,15.8
2024-01-04,SYN_POOL_A10,15.75,15.84,15.73,15.81
2024-01-05,SYN_POOL_A10,15.78,15.85,15.77,15.83
2024-01-08,SYN_POOL_A10,15.81,15.86,15.8,15.85
2024-01-09,SYN_POOL_A10,15.83,15.88,15.83,15.87
2024-01-10,SYN_POOL_A10,15.86,15.89,15.85,15.89
2024-01-11,SYN_POOL_A10,15.89,15.91,15.87,15.91
2024-01-12,SYN_POOL_A10,15.91,15.94,15.89,15.93
2024-01-15,SYN_POOL_A10,15.94,15.96,15.91,15.94
2024-01-16,SYN_POOL_A10,15.97,15.99,15.93,15.96
2024-01-17,SYN_POOL_A10,15.99,16.03,15.94,15.98
2024-01-18,SYN_POOL_A10,16.02,16.06,15.95,16.0
2024-01-19,SYN_POOL_A10,16.05,16.09,15.96,16.02
2024-01-22,SYN_POOL_A10,16.07,16.13,15.97,16.04
2024-01-23,SYN_POOL_A10,16.1,16.16,15.99,16.06
2024-01-24,SYN_POOL_A10,16.13,16.2,16.0,16.08
2024-01-25,SYN_POOL_A10,16.15,16.23,16.01,16.09
2024-01-26,SYN_POOL_A10,16.18,16.26,16.02,16.11
2024-01-29,SYN_POOL_A10,16.21,16.3,16.04,16.13
2024-01-30,SYN_POOL_A10,16.24,16.33,16.06,16.15
2024-01-31,SYN_POOL_A10,16.26,16.35,16.09,16.17
2024-02-01,SYN_POOL_A10,16.06,16.27,15.98,16.19
2024-02-02,SYN_POOL_A10,16.08,16.16,15.76,15.82
2024-02-05,SYN_POOL_A10,15.73,15.91,15.67,15.84
2024-02-06,SYN_POOL_A10,15.76,15.92,15.7,15.86
2024-02-07,SYN_POOL_A10,15.78,15.93,15.74,15.88
2024-02-08,SYN_POOL_A10,15.81,15.95,15.77,15.9
2024-02-09,SYN_POOL_A10,15.84,15.96,15.8,15.92
2024-02-12,SYN_POOL_A10,15.86,15.97,15.84,15.93
2024-02-13,SYN_POOL_A10,15.89,15.98,15.87,15.95
2024-02-14,SYN_POOL_A10,15.92,15.99,15.9,15.97
2024-02-15,SYN_POOL_A10,15.94,16.01,15.94,15.99
2024-02-16,SYN_POOL_A10,15.97,16.02,15.97,16.01
2024-02-19,SYN_POOL_A10,16.0,16.03,15.99,16.03
2024-02-20,SYN_POOL_A10,16.02,16.05,16.01,16.05
2024-02-21,SYN_POOL_A10,16.05,16.08,16.03,16.07
2024-02-22,SYN_POOL_A10,16.08,16.1,16.05,16.08
2024-02-23,SYN_POOL_A10,16.1,16.13,16.07,16.1
2024-02-26,SYN_POOL_A10,16.13,16.16,16.08,16.12
2024-02-27,SYN_POOL_A10,16.16,16.2,16.09,16.14
2024-02-28,SYN_POOL_A10,16.19,16.23,16.1,16.16
2024-02-29,SYN_POOL_A10,16.21,16.27,16.12,16.18
2024-03-01,SYN_POOL_A10,16.24,16.3,16.13,16.2
2024-03-04,SYN_POOL_A10,16.27,16.33,16.14,16.22
2024-03-05,SYN_POOL_A10,16.29,16.37,16.15,16.24
2024-03-06,SYN_POOL_A10,16.32,16.4,16.16,16.25
2024-03-07,SYN_POOL_A10,16.35,16.44,16.18,16.27
2024-03-08,SYN_POOL_A10,16.38,16.47,16.2,16.29
2024-03-11,SYN_POOL_A10,16.4,16.5,16.23,16.31
2024-03-12,SYN_POOL_A10,16.2,16.42,16.12,16.33
2024-03-13,SYN_POOL_A10,16.22,16.43,16.15,16.35
2024-03-14,SYN_POOL_A10,16.25,16.32,15.92,15.98
2024-03-15,SYN_POOL_A10,15.89,16.06,15.84,16.0
2024-03-18,SYN_POOL_A10,15.92,16.07,15.87,16.02
2024-03-19,SYN_POOL_A10,15.95,16.09,15.9,16.04
2024-03-20,SYN_POOL_A10,15.97,16.1,15.94,16.06
2024-03-21,SYN_POOL_A10,16.0,16.11,15.97,16.07
2024-03-22,SYN_POOL_A10,16.03,16.12,16.01,16.09
2024-03-25,SYN_POOL_A10,16.05,16.14,16.04,16.11
2024-03-26,SYN_POOL_A10,16.08,16.15,16.07,16.13
2024-03-27,SYN_POOL_A10,16.11,16.16,16.11,16.15
2024-03-28,SYN_POOL_A10,16.13,16.17,16.13,16.17
2024-03-29,SYN_POOL_A10,16.16,16.19,16.15,16.19
2024-04-01,SYN_POOL_A10,16.19,16.22,16.17,16.21
2024-04-02,SYN_POOL_A10,16.22,16.24,16.19,16.22
2024-04-03,SYN_POOL_A10,16.24,16.27,16.21,16.24
2024-04-04,SYN_POOL_A10,16.27,16.3,16.22,16.26
2024-04-05,SYN_POOL_A10,16.3,16.34,16.23,16.28
2024-04-08,SYN_POOL_A10,16.32,16.37,16.25,16.3
2024-04-09,SYN_POOL_A10,16.35,16.4,16.26,16.32
2024-04-10,SYN_POOL_A10,16.38,16.44,16.27,16.34
2024-04-11,SYN_POOL_A10,16.41,16.47,16.28,16.36
2024-04-12,SYN_POOL_A10,16.43,16.51,16.29,16.38
2024-04-15,SYN_POOL_A10,16.46,16.54,16.31,16.4
2024-04-16,SYN_POOL_A10,16.49,16.58,16.32,16.41
2024-04-17,SYN_POOL_A10,16.52,16.61,16.34,16.43
2024-04-18,SYN_POOL_A10,16.54,16.64,16.37,16.45
2024-04-19,SYN_POOL_A10,16.33,16.56,16.26,16.47
2024-04-22,SYN_POOL_A10,16.36,16.57,16.29,16.49
2024-04-23,SYN_POOL_A10,16.39,16.46,16.05,16.12
2024-04-24,SYN_POOL_A10,16.03,16.2,15.97,16.14
2024-04-25,SYN_POOL_A10,16.05,16.22,16.0,16.16
2024-04-26,SYN_POOL_A10,16.08,16.23,16.04,16.18
2024-04-29,SYN_POOL_A10,16.11,16.24,16.07,16.19
2024-04-30,SYN_POOL_A10,16.14,16.25,16.11,16.21
2024-05-01,SYN_POOL_A10,16.16,16.26,16.14,16.23
2024-05-02,SYN_POOL_A10,16.19,16.28,16.17,16.25
2024-05-03,SYN_POOL_A10,16.22,16.29,16.21,16.27
2024-05-06,SYN_POOL_A10,16.24,16.3,16.24,16.29
2024-05-07,SYN_POOL_A10,16.27,16.31,16.27,16.31
2024-05-08,SYN_POOL_A10,16.3,16.33,16.29,16.33
2024-05-09,SYN_POOL_A10,16.33,16.36,16.31,16.35
2024-05-10,SYN_POOL_A10,16.35,16.38,16.33,16.36
2024-05-13,SYN_POOL_A10,16.38,16.41,16.35,16.38
2024-05-14,SYN_POOL_A10,16.41,16.44,16.36,16.4
2024-05-15,SYN_POOL_A10,16.44,16.47,16.38,16.42
2024-05-16,SYN_POOL_A10,16.46,16.51,16.39,16.44
2024-05-17,SYN_POOL_A10,16.49,16.54,16.4,16.46
2024-05-20,SYN_POOL_A10,16.52,16.58,16.41,16.48
2024-05-21,SYN_POOL_A10,16.55,16.61,16.42,16.5
2024-05-22,SYN_POOL_A10,16.57,16.65,16.44,16.52
2024-05-23,SYN_POOL_A10,16.6,16.68,16.45,16.54
2024-05-24,SYN_POOL_A10,16.63,16.72,16.46,16.56
2024-05-27,SYN_POOL_A10,16.66,16.75,16.48,16.57
2024-05-28,SYN_POOL_A10,16.68,16.78,16.51,16.59
2024-05-29,SYN_POOL_A10,16.71,16.8,16.53,16.61
2024-05-30,SYN_POOL_A10,16.5,16.72,16.43,16.63
2024-05-31,SYN_POOL_A10,16.53,16.6,16.19,16.26
2024-06-03,SYN_POOL_A10,16.16,16.34,16.11,16.28
2024-06-04,SYN_POOL_A10,16.19,16.36,16.14,16.29
2024-06-05,SYN_POOL_A10,16.22,16.37,16.17,16.31
2024-06-06,SYN_POOL_A10,16.25,16.38,16.21,16.33
2024-06-07,SYN_POOL_A10,16.27,16.39,16.24,16.35
2024-06-10,SYN_POOL_A10,16.3,16.41,16.28,16.37
2024-06-11,SYN_POOL_A10,16.33,16.42,16.31,16.39
2024-06-12,SYN_POOL_A10,16.35,16.43,16.34,16.41
2024-06-13,SYN_POOL_A10,16.38,16.44,16.38,16.43
2024-06-14,SYN_POOL_A10,16.41,16.45,16.41,16.45
2024-06-17,SYN_POOL_A10,16.44,16.47,16.43,16.47
2024-06-18,SYN_POOL_A10,16.46,16.49,16.45,16.49
2024-06-19,SYN_POOL_A10,16.49,16.52,16.47,16.51
2024-06-20,SYN_POOL_A10,16.52,16.55,16.49,16.52
2024-06-21,SYN_POOL_A10,16.55,16.58,16.5,16.54
2024-06-24,SYN_POOL_A10,16.58,16.61,16.52,16.56
2024-06-25,SYN_POOL_A10,16.6,16.65,16.53,16.58
2024-06-26,SYN_POOL_A10,16.63,16.68,16.54,16.6
2024-06-27,SYN_POOL_A10,16.66,16.72,16.55,16.62
2024-06-28,SYN_POOL_A10,16.69,16.75,16.56,16.64
2024-07-01,SYN_POOL_A10,16.71,16.79,16.58,16.66
2024-07-02,SYN_POOL_A10,16.74,16.82,16.59,16.68
2024-07-03,SYN_POOL_A10,16.77,16.86,16.6,16.7
2024-07-04,SYN_POOL_A10,16.8,16.89,16.62,16.72
2024-07-05,SYN_POOL_A10,16.83,16.93,16.64,16.74
2024-07-08,SYN_POOL_A10,16.85,16.95,16.67,16.75
2024-07-09,SYN_POOL_A10,16.64,16.86,16.56,16.77
2024-07-10,SYN_POOL_A10,16.67,16.75,16.33,16.4
2024-07-11,SYN_POOL_A10,16.3,16.48,16.24,16.41
2024-07-12,SYN_POOL_A10,16.33,16.5,16.27,16.43
2024-07-15,SYN_POOL_A10,16.35,16.51,16.31,16.45
2024-07-16,SYN_POOL_A10,16.38,16.52,16.34,16.47
2024-07-17,SYN_POOL_A10,16.41,16.53,16.38,16.49
2024-07-18,SYN_POOL_A10,16.44,16.55,16.41,16.51
2024-07-19,SYN_POOL_A10,16.46,16.56,16.45,16.53
2024-07-22,SYN_POOL_A10,16.49,16.57,16.48,16.55
2024-07-23,SYN_POOL_A10,16.52,16.58,16.51,16.57
2024-07-24,SYN_POOL_A10,16.55,16.59,16.55,16.59
2024-07-25,SYN_POOL_A10,16.57,16.61,16.57,16.61
2024-07-26,SYN_POOL_A10,16.6,16.63,16.59,16.63
2024-07-29,SYN_POOL_A10,16.63,16.66,16.61,16.64
2024-07-30,SYN_POOL_A10,16.66,16.68,16.63,16.66
2024-07-31,SYN_POOL_A10,16.69,16.71,16.65,16.68
2024-11-01,SYN_POOL_A10,16.8,17.28,16.71,17.18
2024-11-04,SYN_POOL_A10,17.06,17.29,16.97,17.2
2024-11-05,SYN_POOL_A10,17.08,17.3,17.01,17.22
2024-11-06,SYN_POOL_A10,17.11,17.19,16.76,16.83
2024-11-07,SYN_POOL_A10,16.73,16.92,16.68,16.85
2024-11-08,SYN_POOL_A10,16.76,16.93,16.71,16.87
2024-11-11,SYN_POOL_A10,16.79,16.94,16.75,16.89
2024-11-12,SYN_POOL_A10,16.82,16.96,16.78,16.91
2024-11-13,SYN_POOL_A10,16.85,16.97,16.82,16.93
2024-11-14,SYN_POOL_A10,16.87,16.98,16.85,16.95
2024-11-15,SYN_POOL_A10,16.9,16.99,16.89,16.97
2024-11-18,SYN_POOL_A10,16.93,17.01,16.92,16.99
2024-11-19,SYN_POOL_A10,16.96,17.02,16.96,17.01
2024-11-20,SYN_POOL_A10,16.99,17.03,16.98,17.03
2024-11-21,SYN_POOL_A10,17.02,17.05,17.0,17.04
2024-11-22,SYN_POOL_A10,17.04,17.07,17.03,17.06
2024-11-25,SYN_POOL_A10,17.07,17.1,17.05,17.08
2024-11-26,SYN_POOL_A10,17.1,17.13,17.07,17.1
2024-11-27,SYN_POOL_A10,17.13,17.16,17.08,17.12
2024-11-28,SYN_POOL_A10,17.16,17.2,17.09,17.14
2024-11-29,SYN_POOL_A10,17.19,17.23,17.11,17.16
2024-12-02,SYN_POOL_A10,17.21,17.27,17.12,17.18
2024-12-03,SYN_POOL_A10,17.24,17.3,17.13,17.2
2024-12-04,SYN_POOL_A10,17.27,17.34,17.14,17.22
2024-12-05,SYN_POOL_A10,17.3,17.38,17.16,17.24
2024-12-06,SYN_POOL_A10,17.33,17.41,17.17,17.26
2024-12-09,SYN_POOL_A10,17.36,17.45,17.18,17.28
2024-12-10,SYN_POOL_A10,17.39,17.48,17.2,17.3
2024-12-11,SYN_POOL_A10,17.41,17.52,17.23,17.32
2024-12-12,SYN_POOL_A10,17.44,17.54,17.26,17.34
2024-12-13,SYN_POOL_A10,17.22,17.45,17.15,17.36
2024-12-16,SYN_POOL_A10,17.25,17.33,16.9,16.97
2024-12-17,SYN_POOL_A10,16.87,17.06,16.81,16.99
2024-12-18,SYN_POOL_A10,16.9,17.07,16.84,17.01
2024-12-19,SYN_POOL_A10,16.93,17.08,16.88,17.03
2024-12-20,SYN_POOL_A10,16.95,17.1,16.91,17.05
2024-12-23,SYN_POOL_A10,16.98,17.11,16.95,17.07
2024-12-24,SYN_POOL_A10,17.01,17.12,16.99,17.09
2024-12-25,SYN_POOL_A10,17.04,17.13,17.02,17.11
2024-12-26,SYN_POOL_A10,17.07,17.15,17.06,17.13
2024-12-27,SYN_POOL_A10,17.1,17.16,17.09,17.15
2024-12-30,SYN_POOL_A10,17.13,17.17,17.12,17.16
2024-12-31,SYN_POOL_A10,17.15,17.19,17.14,17.18
2025-01-01,SYN_POOL_A10,17.18,17.21,17.16,17.2
2025-01-02,SYN_POOL_A10,17.21,17.24,17.19,17.22
2025-01-03,SYN_POOL_A10,17.24,17.27,17.21,17.24
2025-01-06,SYN_POOL_A10,17.27,17.3,17.22,17.26
2025-01-07,SYN_POOL_A10,17.3,17.33,17.24,17.28
2025-01-08,SYN_POOL_A10,17.33,17.37,17.25,17.3
2025-01-09,SYN_POOL_A10,17.35,17.41,17.26,17.32
2025-01-10,SYN_POOL_A10,17.38,17.44,17.27,17.34
2025-01-13,SYN_POOL_A10,17.41,17.48,17.29,17.36
2025-01-14,SYN_POOL_A10,17.44,17.51,17.3,17.38
2025-01-15,SYN_POOL_A10,17.47,17.55,17.31,17.4
2025-01-16,SYN_POOL_A10,17.5,17.59,17.32,17.42
2025-01-17,SYN_POOL_A10,17.53,17.62,17.34,17.44
2025-01-20,SYN_POOL_A10,17.56,17.66,17.37,17.46
2025-01-21,SYN_POOL_A10,17.58,17.68,17.39,17.48
2025-01-22,SYN_POOL_A10,17.36,17.59,17.28,17.5
2025-01-23,SYN_POOL_A10,17.39,17.47,17.04,17.11
2025-01-24,SYN_POOL_A10,17.01,17.2,16.94,17.13
2025-01-27,SYN_POOL_A10,17.03,17.21,16.98,17.15
2025-01-28,SYN_POOL_A10,17.06,17.22,17.01,17.17
2025-01-29,SYN_POOL_A10,17.09,17.24,17.05,17.19
2025-01-30,SYN_POOL_A10,17.12,17.25,17.08,17.21
2025-01-31,SYN_POOL_A10,17.15,17.26,17.12,17.22
2025-02-03,SYN_POOL_A10,17.18,17.28,17.16,17.24
2025-02-04,SYN_POOL_A10,17.21,17.29,17.19,17.26
2025-02-05,SYN_POOL_A10,17.23,17.3,17.23,17.28
2025-02-06,SYN_POOL_A10,17.26,17.31,17.26,17.3
2025-02-07,SYN_POOL_A10,17.29,17.33,17.28,17.32
2025-02-10,SYN_POOL_A10,17.32,17.35,17.3,17.34
2025-02-11,SYN_POOL_A10,17.35,17.38,17.32,17.36
2025-02-12,SYN_POOL_A10,17.38,17.41,17.35,17.38
2025-02-13,SYN_POOL_A10,17.41,17.43,17.37,17.4
2025-02-14,SYN_POOL_A10,17.43,17.47,17.38,17.42
2025-02-17,SYN_POOL_A10,17.46,17.51,17.39,17.44
2025-02-18,SYN_POOL_A10,17.49,17.54,17.4,17.46
2025-02-19,SYN_POOL_A10,17.52,17.58,17.41,17.48
2025-02-20,SYN_POOL_A10,17.55,17.62,17.43,17.5
2025-02-21,SYN_POOL_A10,17.58,17.65,17.44,17.52
2025-02-24,SYN_POOL_A10,17.61,17.69,17.45,17.54
2025-02-25,SYN_POOL_A10,17.64,17.73,17.46,17.56
2025-02-26,SYN_POOL_A10,17.67,17.76,17.48,17.58
2025-02-27,SYN_POOL_A10,17.7,17.8,17.51,17.6
2025-02-28,SYN_POOL_A10,17.72,17.83,17.53,17.62
2025-03-03,SYN_POOL_A10,17.5,17.74,17.42,17.64
2025-03-04,SYN_POOL_A10,17.53,17.61,17.17,17.24
2025-03-05,SYN_POOL_A10,17.14,17.34,17.08,17.26
2025-03-06,SYN_POOL_A10,17.17,17.35,17.11,17.28
2025-03-07,SYN_POOL_A10,17.2,17.37,17.15,17.3
2025-03-10,SYN_POOL_A10,17.23,17.38,17.18,17.32
2025-03-11,SYN_POOL_A10,17.26,17.39,17.22,17.34
2025-03-12,SYN_POOL_A10,17.28,17.4,17.26,17.36
2025-03-13,SYN_POOL_A10,17.31,17.42,17.29,17.38
2025-03-14,SYN_POOL_A10,17.34,17.43,17.33,17.4
2025-03-17,SYN_POOL_A10,17.37,17.44,17.36,17.42
2025-03-18,SYN_POOL_A10,17.4,17.45,17.4,17.44
2025-03-19,SYN_POOL_A10,17.43,17.47,17.42,17.46
2025-03-20,SYN_POOL_A10,17.46,17.49,17.44,17.48
2025-03-21,SYN_POOL_A10,17.49,17.52,17.46,17.5
2025-03-24,SYN_POOL_A10,17.52,17.54,17.49,17.52
2025-03-25,SYN_POOL_A10,17.54,17.57,17.51,17.54
2025-03-26,SYN_POOL_A10,17.57,17.61,17.52,17.56
2025-03-27,SYN_POOL_A10,17.6,17.64,17.53,17.58
2025-03-28,SYN_POOL_A10,17.63,17.68,17.54,17.6
2025-03-31,SYN_POOL_A10,17.66,17.72,17.56,17.62
2025-04-01,SYN_POOL_A10,17.69,17.75,17.57,17.64
2025-04-02,SYN_POOL_A10,17.72,17.79,17.58,17.66
2025-04-03,SYN_POOL_A10,17.75,17.83,17.59,17.68
2025-04-04,SYN_POOL_A10,17.78,17.87,17.61,17.7
2025-04-07,SYN_POOL_A10,17.81,17.9,17.62,17.72
2025-04-08,SYN_POOL_A10,17.84,17.94,17.64,17.74
2025-04-09,SYN_POOL_A10,17.86,17.97,17.67,17.76
2025-04-10,SYN_POOL_A10,17.64,17.88,17.55,17.78
2025-04-11,SYN_POOL_A10,17.67,17.89,17.59,17.8
2025-04-14,SYN_POOL_A10,17.7,17.78,17.33,17.4
2025-04-15,SYN_POOL_A10,17.31,17.49,17.25,17.42
2025-04-16,SYN_POOL_A10,17.33,17.51,17.28,17.44
2025-04-17,SYN_POOL_A10,17.36,17.52,17.32,17.46
2025-04-18,SYN_POOL_A10,17.39,17.53,17.35,17.48
2025-04-21,SYN_POOL_A10,17.42,17.54,17.39,17.5
2025-04-22,SYN_POOL_A10,17.45,17.56,17.43,17.52
2025-04-23,SYN_POOL_A10,17.48,17.57,17.46,17.54
2025-04-24,SYN_POOL_A10,17.51,17.58,17.5,17.56
2025-04-25,SYN_POOL_A10,17.54,17.59,17.54,17.58
2025-04-28,SYN_POOL_A10,17.57,17.61,17.56,17.6
2025-04-29,SYN_POOL_A10,17.59,17.63,17.58,17.62
2025-04-30,SYN_POOL_A10,17.62,17.65,17.6,17.64
2025-05-01,SYN_POOL_A10,17.65,17.68,17.62,17.66
2025-05-02,SYN_POOL_A10,17.68,17.71,17.65,17.68
2025-05-05,SYN_POOL_A10,17.71,17.75,17.66,17.7
2025-05-06,SYN_POOL_A10,17.74,17.78,17.67,17.72
2025-05-07,SYN_POOL_A10,17.77,17.82,17.69,17.74
2025-05-08,SYN_POOL_A10,17.8,17.86,17.7,17.76
2025-05-09,SYN_POOL_A10,17.83,17.89,17.71,17.78
2025-05-12,SYN_POOL_A10,17.86,17.93,17.72,17.8
2025-05-13,SYN_POOL_A10,17.89,17.97,17.74,17.82
2025-05-14,SYN_POOL_A10,17.92,18.0,17.75,17.85
2025-05-15,SYN_POOL_A10,17.95,18.04,17.76,17.87
2025-05-16,SYN_POOL_A10,17.98,18.08,17.78,17.89
2025-05-19,SYN_POOL_A10,18.01,18.11,17.81,17.91
2025-05-20,SYN_POOL_A10,18.03,18.13,17.84,17.93
2025-05-21,SYN_POOL_A10,17.81,18.04,17.73,17.95
2025-05-22,SYN_POOL_A10,17.84,17.92,17.47,17.54
2025-05-23,SYN_POOL_A10,17.44,17.63,17.38,17.56
2025-05-26,SYN_POOL_A10,17.47,17.65,17.42,17.58
2025-05-27,SYN_POOL_A10,17.5,17.66,17.45,17.6
2025-05-28,SYN_POOL_A10,17.53,17.67,17.49,17.62
2025-05-29,SYN_POOL_A10,17.56,17.68,17.52,17.64
2025-05-30,SYN_POOL_A10,17.59,17.7,17.56,17.66
2025-06-02,SYN_POOL_A10,17.62,17.71,17.6,17.68
2025-06-03,SYN_POOL_A10,17.64,17.72,17.63,17.7
2025-06-04,SYN_POOL_A10,17.67,17.74,17.67,17.72
2025-06-05,SYN_POOL_A10,17.7,17.75,17.7,17.74
2025-06-06,SYN_POOL_A10,17.73,17.76,17.72,17.76
2025-06-09,SYN_POOL_A10,17.76,17.79,17.74,17.78
2025-06-10,SYN_POOL_A10,17.79,17.82,17.76,17.8
2025-06-11,SYN_POOL_A10,17.82,17.85,17.79,17.82
2025-06-12,SYN_POOL_A10,17.85,17.88,17.8,17.84
2025-06-13,SYN_POOL_A10,17.88,17.92,17.81,17.86
2025-06-16,SYN_POOL_A10,17.91,17.96,17.83,17.88
2025-06-17,SYN_POOL_A10,17.94,17.99,17.84,17.9
2025-06-18,SYN_POOL_A10,17.97,18.03,17.85,17.93
2025-06-19,SYN_POOL_A10,18.0,18.07,17.86,17.95
2025-06-20,SYN_POOL_A10,18.03,18.11,17.88,17.97
2025-06-23,SYN_POOL_A10,18.06,18.14,17.89,17.99
2025-06-24,SYN_POOL_A10,18.09,18.18,17.9,18.01
2025-06-25,SYN_POOL_A10,18.12,18.22,17.92,18.03
2025-06-26,SYN_POOL_A10,18.15,18.25,17.95,18.05
2025-06-27,SYN_POOL_A10,18.17,18.28,17.98,18.07
2025-06-30,SYN_POOL_A10,17.94,18.18,17.86,18.09
2025-07-01,SYN_POOL_A10,17.97,18.06,17.61,17.68
2025-07-02,SYN_POOL_A10,17.58,17.77,17.51,17.7
2025-07-03,SYN_POOL_A10,17.61,17.79,17.55,17.72
2025-07-04,SYN_POOL_A10,17.63,17.8,17.59,17.74
2025-07-07,SYN_POOL_A10,17.66,17.81,17.62,17.76
2025-07-08,SYN_POOL_A10,17.69,17.83,17.66,17.78
2025-07-09,SYN_POOL_A10,17.72,17.84,17.7,17.8
2025-07-10,SYN_POOL_A10,17.75,17.85,17.73,17.82
2025-07-11,SYN_POOL_A10,17.78,17.86,17.77,17.84
2025-07-14,SYN_POOL_A10,17.81,17.88,17.81,17.86
2025-07-15,SYN_POOL_A10,17.84,17.89,17.84,17.88
2025-07-16,SYN_POOL_A10,17.87,17.9,17.86,17.9
2025-07-17,SYN_POOL_A10,17.9,17.93,17.88,17.92
2025-07-18,SYN_POOL_A10,17.93,17.96,17.9,17.94
2025-07-21,SYN_POOL_A10,17.96,17.99,17.92,17.96
2025-07-22,SYN_POOL_A10,17.99,18.02,17.94,17.98
2025-07-23,SYN_POOL_A10,18.02,18.06,17.96,18.0
2025-07-24,SYN_POOL_A10,18.05,18.09,17.97,18.02
2025-07-25,SYN_POOL_A10,18.08,18.13,17.98,18.05
2025-07-28,SYN_POOL_A10,18.11,18.17,17.99,18.07
2025-07-29,SYN_POOL_A10,18.14,18.21,18.01,18.09
2025-07-30,SYN_POOL_A10,18.17,18.24,18.02,18.11
2025-07-31,SYN_POOL_A10,18.2,18.28,18.03,18.13
2022-08-01,SYN_POOL_A11,19.9,19.93,19.89,19.9
2022-08-02,SYN_POOL_A11,19.87,19.95,19.86,19.93
2022-08-03,SYN_POOL_A11,19.9,19.97,19.9,19.96
2022-08-04,SYN_POOL_A11,19.94,19.99,19.93,19.98
2022-08-05,SYN_POOL_A11,19.97,20.01,19.96,20.01
2022-08-08,SYN_POOL_A11,20.0,20.04,19.99,20.03
2022-08-09,SYN_POOL_A11,20.04,20.07,20.01,20.06
2022-08-10,SYN_POOL_A11,20.07,20.11,20.04,20.08
2022-08-11,SYN_POOL_A11,20.11,20.14,20.07,20.11
2022-08-12,SYN_POOL_A11,20.14,20.18,20.09,20.14
2022-08-15,SYN_POOL_A11,20.18,20.22,20.11,20.16
2022-08-16,SYN_POOL_A11,20.21,20.26,20.13,20.19
2022-08-17,SYN_POOL_A11,20.24,20.3,20.15,20.21
2022-08-18,SYN_POOL_A11,20.28,20.34,20.17,20.24
2022-08-19,SYN_POOL_A11,20.31,20.39,20.18,20.27
2022-08-22,SYN_POOL_A11,20.35,20.43,20.2,20.29
2022-08-23,SYN_POOL_A11,20.38,20.47,20.22,20.32
2022-08-24,SYN_POOL_A11,20.42,20.51,20.24,20.34
2022-08-25,SYN_POOL_A11,20.45,20.55,20.28,20.37
2022-08-26,SYN_POOL_A11,20.49,20.58,20.31,20.4
2022-08-29,SYN_POOL_A11,20.28,20.51,20.2,20.42
2022-08-30,SYN_POOL_A11,20.31,20.39,19.97,20.04
2022-08-31,SYN_POOL_A11,19.94,20.14,19.88,20.07
2022-09-01,SYN_POOL_A11,19.98,20.16,19.92,20.09
2022-09-02,SYN_POOL_A11,20.01,20.18,19.96,20.12
2022-09-05,SYN_POOL_A11,20.05,20.2,20.01,20.15
2022-09-06,SYN_POOL_A11,20.08,20.22,20.05,20.17
2022-09-07,SYN_POOL_A11,20.12,20.24,20.09,20.2
2022-09-08,SYN_POOL_A11,20.15,20.25,20.13,20.22
2022-09-09,SYN_POOL_A11,20.18,20.27,20.17,20.25
2022-09-12,SYN_POOL_A11,20.22,20.29,20.21,20.28
2022-09-13,SYN_POOL_A11,20.25,20.31,20.25,20.3
2022-09-14,SYN_POOL_A11,20.29,20.33,20.28,20.33
2022-09-15,SYN_POOL_A11,20.32,20.36,20.31,20.35
2022-09-16,SYN_POOL_A11,20.36,20.39,20.34,20.38
2022-09-19,SYN_POOL_A11,20.39,20.43,20.36,20.41
2022-09-20,SYN_POOL_A11,20.43,20.46,20.39,20.43
2022-09-21,SYN_POOL_A11,20.46,20.5,20.41,20.46
2022-09-22,SYN_POOL_A11,20.5,20.54,20.43,20.48
2022-09-23,SYN_POOL_A11,20.53,20.58,20.45,20.51
2022-09-26,SYN_POOL_A11,20.57,20.62,20.47,20.54
2022-09-27,SYN_POOL_A11,20.6,20.67,20.49,20.56
2022-09-28,SYN_POOL_A11,20.64,20.71,20.51,20.59
2022-09-29,SYN_POOL_A11,20.67,20.75,20.53,20.62
2022-09-30,SYN_POOL_A11,20.71,20.79,20.55,20.64
2022-10-03,SYN_POOL_A11,20.74,20.84,20.57,20.67
2022-10-04,SYN_POOL_A11,20.78,20.88,20.6,20.69
2022-10-05,SYN_POOL_A11,20.81,20.91,20.63,20.72
2022-10-06,SYN_POOL_A11,20.6,20.84,20.52,20.75
2022-10-07,SYN_POOL_A11,20.63,20.86,20.56,20.77
2022-10-10,SYN_POOL_A11,20.67,20.75,20.32,20.39
2022-10-11,SYN_POOL_A11,20.29,20.48,20.24,20.41
2022-10-12,SYN_POOL_A11,20.33,20.5,20.28,20.44
2022-10-13,SYN_POOL_A11,20.36,20.52,20.32,20.47
2022-10-14,SYN_POOL_A11,20.4,20.54,20.36,20.49
2022-10-17,SYN_POOL_A11,20.43,20.56,20.4,20.52
2022-10-18,SYN_POOL_A11,20.47,20.58,20.45,20.54
2022-10-19,SYN_POOL_A11,20.5,20.6,20.49,20.57
2022-10-20,SYN_POOL_A11,20.54,20.62,20.53,20.6
2022-10-21,SYN_POOL_A11,20.57,20.63,20.57,20.62
2022-10-24,SYN_POOL_A11,20.61,20.65,20.6,20.65
2022-10-25,SYN_POOL_A11,20.64,20.68,20.63,20.68
2022-10-26,SYN_POOL_A11,20.68,20.71,20.66,20.7
2022-10-27,SYN_POOL_A11,20.71,20.75,20.68,20.73
2022-10-28,SYN_POOL_A11,20.75,20.78,20.71,20.75
2022-10-31,SYN_POOL_A11,20.78,20.82,20.74,20.78
2022-11-01,SYN_POOL_A11,20.82,20.86,20.76,20.81
2022-11-02,SYN_POOL_A11,20.85,20.9,20.78,20.83
2022-11-03,SYN_POOL_A11,20.89,20.94,20.79,20.86
2022-11-04,SYN_POOL_A11,20.92,20.99,20.81,20.89
2022-11-07,SYN_POOL_A11,20.96,21.03,20.83,20.91
2022-11-08,SYN_POOL_A11,20.99,21.07,20.85,20.94
2022-11-09,SYN_POOL_A11,21.03,21.12,20.87,20.97
2022-11-10,SYN_POOL_A11,21.07,21.16,20.89,20.99
2022-11-11,SYN_POOL_A11,21.1,21.2,20.92,21.02
2022-11-14,SYN_POOL_A11,21.14,21.24,20.95,21.05
2022-11-15,SYN_POOL_A11,20.92,21.17,20.84,21.07
2022-11-16,SYN_POOL_A11,20.96,21.19,20.88,21.1
2022-11-17,SYN_POOL_A11,20.99,21.07,20.64,20.71
2022-11-18,SYN_POOL_A11,20.61,20.8,20.55,20.73
2022-11-21,SYN_POOL_A11,20.64,20.82,20.59,20.76
2022-11-22,SYN_POOL_A11,20.68,20.84,20.63,20.79
2022-11-23,SYN_POOL_A11,20.71,20.86,20.68,20.81
2022-11-24,SYN_POOL_A11,20.75,20.88,20.72,20.84
2022-11-25,SYN_POOL_A11,20.79,20.9,20.76,20.87
2022-11-28,SYN_POOL_A11,20.82,20.92,20.8,20.89
2022-11-29,SYN_POOL_A11,20.86,20.94,20.85,20.92
2022-11-30,SYN_POOL_A11,20.89,20.96,20.89,20.94
2022-12-01,SYN_POOL_A11,20.93,20.98,20.92,20.97
2022-12-02,SYN_POOL_A11,20.96,21.0,20.95,21.0
2022-12-05,SYN_POOL_A11,21.0,21.03,20.98,21.02
2022-12-06,SYN_POOL_A11,21.03,21.07,21.01,21.05
2022-12-07,SYN_POOL_A11,21.07,21.1,21.03,21.08
2022-12-08,SYN_POOL_A11,21.1,21.14,21.06,21.1
2022-12-09,SYN_POOL_A11,21.14,21.18,21.08,21.13
2022-12-12,SYN_POOL_A11,21.17,21.22,21.1,21.16
2022-12-13,SYN_POOL_A11,21.21,21.27,21.12,21.18
2022-12-14,SYN_POOL_A11,21.25,21.31,21.14,21.21
2022-12-15,SYN_POOL_A11,21.28,21.35,21.16,21.24
2022-12-16,SYN_POOL_A11,21.32,21.4,21.18,21.26
2022-12-19,SYN_POOL_A11,21.35,21.44,21.19,21.29
2022-12-20,SYN_POOL_A11,21.39,21.48,21.21,21.32
2022-12-21,SYN_POOL_A11,21.43,21.53,21.24,21.34
2022-12-22,SYN_POOL_A11,21.46,21.57,21.28,21.37
2022-12-23,SYN_POOL_A11,21.5,21.6,21.31,21.4
2022-12-26,SYN_POOL_A11,21.28,21.51,21.2,21.42
2022-12-27,SYN_POOL_A11,21.31,21.39,20.95,21.03
2022-12-28,SYN_POOL_A11,20.93,21.13,20.86,21.05
2022-12-29,SYN_POOL_A11,20.96,21.15,20.9,21.08
2022-12-30,SYN_POOL_A11,21.0,21.16,20.95,21.11
2023-01-02,SYN_POOL_A11,21.03,21.18,20.99,21.13
2023-01-03,SYN_POOL_A11,21.07,21.2,21.03,21.16
2023-01-04,SYN_POOL_A11,21.1,21.22,21.08,21.19
2023-01-05,SYN_POOL_A11,21.14,21.24,21.12,21.21
2023-01-06,SYN_POOL_A11,21.17,21.26,21.16,21.24
2023-01-09,SYN_POOL_A11,21.21,21.28,21.21,21.27
2023-01-10,SYN_POOL_A11,21.25,21.3,21.24,21.29
2023-01-11,SYN_POOL_A11,21.28,21.32,21.27,21.32
2023-01-12,SYN_POOL_A11,21.32,21.35,21.3,21.35
2023-01-13,SYN_POOL_A11,21.35,21.39,21.33,21.37
2023-01-16,SYN_POOL_A11,21.39,21.42,21.35,21.4
2023-01-17,SYN_POOL_A11,21.42,21.46,21.38,21.43
2023-01-18,SYN_POOL_A11,21.46,21.5,21.4,21.45
2023-01-19,SYN_POOL_A11,21.5,21.54,21.42,21.48
2023-01-20,SYN_POOL_A11,21.53,21.59,21.44,21.51
2023-01-23,SYN_POOL_A11,21.57,21.63,21.46,21.53
2023-01-24,SYN_POOL_A11,21.6,21.67,21.48,21.56
2023-01-25,SYN_POOL_A11,21.64,21.72,21.5,21.59
2023-01-26,SYN_POOL_A11,21.68,21.76,21.52,21.61
2023-01-27,SYN_POOL_A11,21.71,21.81,21.54,21.64
2023-01-30,SYN_POOL_A11,21.75,21.85,21.56,21.67
2023-01-31,SYN_POOL_A11,21.79,21.89,21.6,21.69
2023-02-01,SYN_POOL_A11,21.82,21.92,21.63,21.72
2023-02-02,SYN_POOL_A11,21.6,21.84,21.52,21.75
2023-02-03,SYN_POOL_A11,21.63,21.72,21.27,21.34
2023-02-06,SYN_POOL_A11,21.24,21.45,21.17,21.37
2023-02-07,SYN_POOL_A11,21.28,21.47,21.22,21.4
2023-02-08,SYN_POOL_A11,21.31,21.49,21.26,21.42
2023-02-09,SYN_POOL_A11,21.35,21.51,21.3,21.45
2023-02-10,SYN_POOL_A11,21.38,21.53,21.35,21.48
2023-02-13,SYN_POOL_A11,21.42,21.54,21.39,21.51
2023-02-14,SYN_POOL_A11,21.46,21.56,21.43,21.53
2023-02-15,SYN_POOL_A11,21.49,21.58,21.48,21.56
2023-02-16,SYN_POOL_A11,21.53,21.6,21.52,21.59
2023-02-17,SYN_POOL_A11,21.56,21.62,21.56,21.61
2023-02-20,SYN_POOL_A11,21.6,21.64,21.59,21.64
2023-02-21,SYN_POOL_A11,21.64,21.67,21.62,21.67
2023-02-22,SYN_POOL_A11,21.67,21.71,21.65,21.69
2023-02-23,SYN_POOL_A11,21.71,21.74,21.68,21.72
2023-02-24,SYN_POOL_A11,21.74,21.78,21.7,21.75
2023-02-27,SYN_POOL_A11,21.78,21.82,21.73,21.78
2023-02-28,SYN_POOL_A11,21.82,21.86,21.75,21.8
2023-03-01,SYN_POOL_A11,21.85,21.91,21.77,21.83
2023-03-02,SYN_POOL_A11,21.89,21.95,21.78,21.86
2023-03-03,SYN_POOL_A11,21.93,22.0,21.8,21.88
2023-03-06,SYN_POOL_A11,21.96,22.04,21.82,21.91
2023-03-07,SYN_POOL_A11,22.0,22.08,21.84,21.94
2023-03-08,SYN_POOL_A11,22.04,22.13,21.86,21.96
2023-03-09,SYN_POOL_A11,22.07,22.17,21.88,21.99
2023-03-10,SYN_POOL_A11,22.11,22.22,21.92,22.02
2023-03-13,SYN_POOL_A11,22.15,22.25,21.95,22.05
2023-03-14,SYN_POOL_A11,21.92,22.17,21.83,22.07
2023-03-15,SYN_POOL_A11,21.95,22.04,21.59,21.66
2023-03-16,SYN_POOL_A11,21.56,21.77,21.49,21.69
2023-03-17,SYN_POOL_A11,21.59,21.79,21.53,21.72
2023-03-20,SYN_POOL_A11,21.63,21.81,21.57,21.74
2023-03-21,SYN_POOL_A11,21.66,21.83,21.62,21.77
2023-03-22,SYN_POOL_A11,21.7,21.85,21.66,21.8
2023-03-23,SYN_POOL_A11,21.74,21.87,21.71,21.83
2023-03-24,SYN_POOL_A11,21.77,21.89,21.75,21.85
2023-03-27,SYN_POOL_A11,21.81,21.91,21.79,21.88
2023-03-28,SYN_POOL_A11,21.85,21.92,21.84,21.91
2023-03-29,SYN_POOL_A11,21.88,21.94,21.88,21.93
2023-03-30,SYN_POOL_A11,21.92,21.96,21.91,21.96
2023-03-31,SYN_POOL_A11,21.95,21.99,21.94,21.99
2023-04-03,SYN_POOL_A11,21.99,22.03,21.97,22.02
2023-04-04,SYN_POOL_A11,22.03,22.06,22.0,22.04
2023-04-05,SYN_POOL_A11,22.06,22.1,22.03,22.07
2023-04-06,SYN_POOL_A11,22.1,22.14,22.05,22.1
2023-04-07,SYN_POOL_A11,22.14,22.18,22.07,22.12
2023-04-10,SYN_POOL_A11,22.17,22.23,22.09,22.15
2023-04-11,SYN_POOL_A11,22.21,22.27,22.11,22.18
2023-04-12,SYN_POOL_A11,22.25,22.32,22.13,22.21
2023-04-13,SYN_POOL_A11,22.29,22.36,22.15,22.23
2023-04-14,SYN_POOL_A11,22.32,22.41,22.17,22.26
2023-04-17,SYN_POOL_A11,22.36,22.45,22.19,22.29
2023-04-18,SYN_POOL_A11,22.4,22.5,22.2,22.32
2023-04-19,SYN_POOL_A11,22.43,22.54,22.24,22.34
2023-04-20,SYN_POOL_A11,22.47,22.58,22.27,22.37
2023-04-21,SYN_POOL_A11,22.24,22.5,22.15,22.4
2023-04-24,SYN_POOL_A11,22.28,22.52,22.2,22.43
2023-04-25,SYN_POOL_A11,22.31,22.4,21.94,22.01
2023-04-26,SYN_POOL_A11,21.91,22.11,21.84,22.04
2023-04-27,SYN_POOL_A11,21.94,22.13,21.89,22.06
2023-04-28,SYN_POOL_A11,21.98,22.15,21.93,22.09
2023-05-01,SYN_POOL_A11,22.02,22.17,21.98,22.12
2023-05-02,SYN_POOL_A11,22.05,22.19,22.02,22.15
2023-05-03,SYN_POOL_A11,22.09,22.21,22.07,22.17
2023-05-04,SYN_POOL_A11,22.13,22.23,22.11,22.2
2023-05-05,SYN_POOL_A11,22.16,22.25,22.15,22.23
2023-05-08,SYN_POOL_A11,22.2,22.27,22.2,22.25
2023-05-09,SYN_POOL_A11,22.24,22.29,22.23,22.28
2023-05-10,SYN_POOL_A11,22.27,22.31,22.26,22.31
2023-05-11,SYN_POOL_A11,22.31,22.35,22.29,22.34
2023-05-12,SYN_POOL_A11,22.35,22.38,22.32,22.36
2023-05-15,SYN_POOL_A11,22.38,22.42,22.35,22.39
2023-05-16,SYN_POOL_A11,22.42,22.46,22.37,22.42
2023-05-17,SYN_POOL_A11,22.46,22.5,22.39,22.45
2023-05-18,SYN_POOL_A11,22.5,22.55,22.41,22.47
2023-05-19,SYN_POOL_A11,22.53,22.59,22.43,22.5
2023-05-22,SYN_POOL_A11,22.57,22.64,22.45,22.53
2023-05-23,SYN_POOL_A11,22.61,22.68,22.47,22.56
2023-05-24,SYN_POOL_A11,22.64,22.73,22.49,22.58
2023-05-25,SYN_POOL_A11,22.68,22.77,22.51,22.61
2023-05-26,SYN_POOL_A11,22.72,22.82,22.53,22.64
2023-05-29,SYN_POOL_A11,22.76,22.87,22.56,22.67
2023-05-30,SYN_POOL_A11,22.79,22.91,22.6,22.7
2023-05-31,SYN_POOL_A11,22.56,22.83,22.47,22.72
2023-06-01,SYN_POOL_A11,22.6,22.85,22.51,22.75
2023-06-02,SYN_POOL_A11,22.63,22.72,22.25,22.33
2023-06-05,SYN_POOL_A11,22.22,22.43,22.16,22.36
2023-06-06,SYN_POOL_A11,22.26,22.45,22.2,22.38
2023-06-07,SYN_POOL_A11,22.3,22.47,22.25,22.41
2023-06-08,SYN_POOL_A11,22.33,22.49,22.29,22.44
2023-06-09,SYN_POOL_A11,22.37,22.51,22.34,22.47
2023-06-12,SYN_POOL_A11,22.41,22.53,22.38,22.49
2023-06-13,SYN_POOL_A11,22.44,22.55,22.43,22.52
2023-06-14,SYN_POOL_A11,22.48,22.57,22.47,22.55
2023-06-15,SYN_POOL_A11,22.52,22.59,22.52,22.58
2023-06-16,SYN_POOL_A11,22.56,22.61,22.55,22.6
2023-06-19,SYN_POOL_A11,22.59,22.63,22.58,22.63
2023-06-20,SYN_POOL_A11,22.63,22.67,22.61,22.66
2023-06-21,SYN_POOL_A11,22.67,22.7,22.64,22.69
2023-06-22,SYN_POOL_A11,22.7,22.74,22.67,22.71
2023-06-23,SYN_POOL_A11,22.74,22.78,22.7,22.74
2023-06-26,SYN_POOL_A11,22.78,22.82,22.72,22.77
2023-06-27,SYN_POOL_A11,22.82,22.87,22.74,22.8
2023-06-28,SYN_POOL_A11,22.85,22.91,22.76,22.82
2023-06-29,SYN_POOL_A11,22.89,22.96,22.77,22.85
2023-06-30,SYN_POOL_A11,22.93,23.0,22.79,22.88
2023-07-03,SYN_POOL_A11,22.97,23.05,22.81,22.91
2023-07-04,SYN_POOL_A11,23.0,23.1,22.83,22.94
2023-07-05,SYN_POOL_A11,23.04,23.14,22.85,22.96
2023-07-06,SYN_POOL_A11,23.08,23.19,22.88,22.99
2023-07-07,SYN_POOL_A11,23.12,23.23,22.92,23.02
2023-07-10,SYN_POOL_A11,23.16,23.26,22.95,23.05
2023-07-11,SYN_POOL_A11,22.92,23.17,22.83,23.08
2023-07-12,SYN_POOL_A11,22.95,23.04,22.57,22.65
2023-07-13,SYN_POOL_A11,22.54,22.75,22.47,22.67
2023-07-14,SYN_POOL_A11,22.57,22.77,22.51,22.7
2023-07-17,SYN_POOL_A11,22.61,22.79,22.56,22.73
2023-07-18,SYN_POOL_A11,22.65,22.81,22.6,22.76
2023-07-19,SYN_POOL_A11,22.69,22.83,22.65,22.78
2023-07-20,SYN_POOL_A11,22.72,22.85,22.7,22.81
2023-07-21,SYN_POOL_A11,22.76,22.87,22.74,22.84
2023-07-24,SYN_POOL_A11,22.8,22.89,22.79,22.87
2023-07-25,SYN_POOL_A11,22.84,22.91,22.83,22.9
2023-07-26,SYN_POOL_A11,22.87,22.93,22.87,22.92
2023-07-27,SYN_POOL_A11,22.91,22.95,22.9,22.95
2023-07-28,SYN_POOL_A11,22.95,22.99,22.93,22.98
2023-07-31,SYN_POOL_A11,22.99,23.02,22.96,23.01
2023-08-01,SYN_POOL_A11,23.02,23.06,22.99,23.04
2023-08-02,SYN_POOL_A11,23.06,23.1,23.02,23.06
2023-08-03,SYN_POOL_A11,23.1,23.14,23.04,23.09
2023-08-04,SYN_POOL_A11,23.14,23.19,23.06,23.12
2023-08-07,SYN_POOL_A11,23.18,23.23,23.08,23.15
2023-08-08,SYN_POOL_A11,23.21,23.28,23.1,23.18
2023-08-09,SYN_POOL_A11,23.25,23.33,23.12,23.2
2023-08-10,SYN_POOL_A11,23.29,23.37,23.14,23.23
2023-08-11,SYN_POOL_A11,23.33,23.42,23.16,23.26
2023-08-14,SYN_POOL_A11,23.37,23.47,23.18,23.29
2023-08-15,SYN_POOL_A11,23.4,23.51,23.2,23.32
2023-08-16,SYN_POOL_A11,23.44,23.56,23.24,23.34
2023-08-17,SYN_POOL_A11,23.48,23.59,23.27,23.37
2023-08-18,SYN_POOL_A11,23.24,23.5,23.15,23.4
2023-08-21,SYN_POOL_A11,23.28,23.37,22.88,22.96
2023-08-22,SYN_POOL_A11,22.85,23.08,22.78,22.99
2023-08-23,SYN_POOL_A11,22.89,23.1,22.83,23.02
2023-08-24,SYN_POOL_A11,22.93,23.12,22.87,23.05
2023-08-25,SYN_POOL_A11,22.97,23.13,22.92,23.08
2023-08-28,SYN_POOL_A11,23.0,23.15,22.96,23.1
2023-08-29,SYN_POOL_A11,23.04,23.17,23.01,23.13
2023-08-30,SYN_POOL_A11,23.08,23.19,23.06,23.16
2023-08-31,SYN_POOL_A11,23.12,23.21,23.1,23.19
2023-09-01,SYN_POOL_A11,23.15,23.23,23.15,23.22
2023-09-04,SYN_POOL_A11,23.19,23.25,23.19,23.24
2023-09-05,SYN_POOL_A11,23.23,23.27,23.22,23.27
2023-09-06,SYN_POOL_A11,23.27,23.31,23.25,23.3
2023-09-07,SYN_POOL_A11,23.31,23.34,23.28,23.33
2023-09-08,SYN_POOL_A11,23.34,23.38,23.31,23.36
2023-09-11,SYN_POOL_A11,23.38,23.42,23.34,23.39
2023-09-12,SYN_POOL_A11,23.42,23.46,23.36,23.41
2023-09-13,SYN_POOL_A11,23.46,23.51,23.38,23.44
2023-09-14,SYN_POOL_A11,23.5,23.55,23.4,23.47
2023-09-15,SYN_POOL_A11,23.53,23.6,23.42,23.5
2023-09-18,SYN_POOL_A11,23.57,23.65,23.44,23.53
2023-09-19,SYN_POOL_A11,23.61,23.69,23.46,23.55
2023-09-20,SYN_POOL_A11,23.65,23.74,23.48,23.58
2023-09-21,SYN_POOL_A11,23.69,23.79,23.5,23.61
2023-09-22,SYN_POOL_A11,23.73,23.84,23.52,23.64
2023-09-25,SYN_POOL_A11,23.77,23.88,23.56,23.67
2023-09-26,SYN_POOL_A11,23.8,23.92,23.6,23.7
2023-09-27,SYN_POOL_A11,23.56,23.83,23.47,23.72
2023-09-28,SYN_POOL_A11,23.6,23.69,23.2,23.28
2023-09-29,SYN_POOL_A11,23.17,23.4,23.09,23.31
2023-10-02,SYN_POOL_A11,23.2,23.42,23.14,23.34
2023-10-03,SYN_POOL_A11,23.24,23.44,23.19,23.37
2023-10-04,SYN_POOL_A11,23.28,23.46,23.23,23.4
2023-10-05,SYN_POOL_A11,23.32,23.48,23.28,23.42
2023-10-06,SYN_POOL_A11,23.36,23.5,23.32,23.45
2023-10-09,SYN_POOL_A11,23.4,23.52,23.37,23.48
2023-10-10,SYN_POOL_A11,23.43,23.54,23.42,23.51
2023-10-11,SYN_POOL_A11,23.47,23.56,23.46,23.54
2023-10-12,SYN_POOL_A11,23.51,23.58,23.51,23.57
2023-10-13,SYN_POOL_A11,23.55,23.6,23.54,23.59
2023-10-16,SYN_POOL_A11,23.59,23.63,23.57,23.62
2023-10-17,SYN_POOL_A11,23.62,23.66,23.6,23.65
2023-10-18,SYN_POOL_A11,23.66,23.7,23.63,23.68
2023-10-19,SYN_POOL_A11,23.7,23.74,23.66,23.71
2023-10-20,SYN_POOL_A11,23.74,23.78,23.69,23.74
2023-10-23,SYN_POOL_A11,23.78,23.83,23.71,23.76
2023-10-24,SYN_POOL_A11,23.82,23.87,23.73,23.79
2023-10-25,SYN_POOL_A11,23.86,23.92,23.75,23.82
2023-10-26,SYN_POOL_A11,23.89,23.97,23.77,23.85
2023-10-27,SYN_POOL_A11,23.93,24.02,23.78,23.88
2023-10-30,SYN_POOL_A11,23.97,24.06,23.8,23.91
2023-10-31,SYN_POOL_A11,24.01,24.11,23.82,23.94
2023-11-01,SYN_POOL_A11,24.05,24.16,23.84,23.96
2023-11-02,SYN_POOL_A11,24.09,24.21,23.88,23.99
2023-11-03,SYN_POOL_A11,24.13,24.24,23.92,24.02
2023-11-06,SYN_POOL_A11,23.88,24.16,23.78,24.05
2023-11-07,SYN_POOL_A11,23.92,24.18,23.83,24.08
2023-11-08,SYN_POOL_A11,23.96,24.05,23.55,23.63
2023-11-09,SYN_POOL_A11,23.52,23.74,23.45,23.66
2023-11-10,SYN_POOL_A11,23.56,23.76,23.5,23.69
2023-11-13,SYN_POOL_A11,23.6,23.78,23.54,23.71
2023-11-14,SYN_POOL_A11,23.63,23.8,23.59,23.74
2023-11-15,SYN_POOL_A11,23.67,23.82,23.64,23.77
2023-11-16,SYN_POOL_A11,23.71,23.84,23.68,23.8
2023-11-17,SYN_POOL_A11,23.75,23.86,23.73,23.83
2023-11-20,SYN_POOL_A11,23.79,23.88,23.78,23.86
2023-11-21,SYN_POOL_A11,23.83,23.9,23.83,23.89
2023-11-22,SYN_POOL_A11,23.87,23.92,23.86,23.91
2023-11-23,SYN_POOL_A11,23.91,23.95,23.89,23.94
2023-11-24,SYN_POOL_A11,23.94,23.98,23.92,23.97
2023-11-27,SYN_POOL_A11,23.98,24.02,23.95,24.0
2023-11-28,SYN_POOL_A11,24.02,24.06,23.98,24.03
2023-11-29,SYN_POOL_A11,24.06,24.1,24.01,24.06
2023-11-30,SYN_POOL_A11,24.1,24.15,24.03,24.09
2023-12-01,SYN_POOL_A11,24.14,24.19,24.05,24.12
2023-12-04,SYN_POOL_A11,24.18,24.24,24.07,24.14
2023-12-05,SYN_POOL_A11,24.22,24.29,24.09,24.17
2023-12-06,SYN_POOL_A11,24.26,24.34,24.11,24.2
2023-12-07,SYN_POOL_A11,24.29,24.38,24.13,24.23
2023-12-08,SYN_POOL_A11,24.33,24.43,24.15,24.26
2023-12-11,SYN_POOL_A11,24.37,24.48,24.17,24.29
2023-12-12,SYN_POOL_A11,24.41,24.53,24.2,24.32
2023-12-13,SYN_POOL_A11,24.45,24.57,24.24,24.35
2023-12-14,SYN_POOL_A11,24.49,24.6,24.28,24.37
2023-12-15,SYN_POOL_A11,24.24,24.5,24.15,24.4
2023-12-18,SYN_POOL_A11,24.28,24.37,23.87,23.95
2023-12-19,SYN_POOL_A11,23.83,24.06,23.76,23.98
2023-12-20,SYN_POOL_A11,23.87,24.08,23.81,24.01
2023-12-21,SYN_POOL_A11,23.91,24.1,23.86,24.03
2023-12-22,SYN_POOL_A11,23.95,24.12,23.9,24.06
2023-12-25,SYN_POOL_A11,23.99,24.14,23.95,24.09
2023-12-26,SYN_POOL_A11,24.03,24.16,24.0,24.12
2023-12-27,SYN_POOL_A11,24.07,24.18,24.05,24.15
2023-12-28,SYN_POOL_A11,24.11,24.2,24.09,24.18
2023-12-29,SYN_POOL_A11,24.15,24.22,24.14,24.21
2024-01-01,SYN_POOL_A11,24.18,24.24,24.18,24.24
2024-01-02,SYN_POOL_A11,24.22,24.27,24.21,24.26
2024-01-03,SYN_POOL_A11,24.26,24.3,24.24,24.29
2024-01-04,SYN_POOL_A11,24.3,24.34,24.27,24.32
2024-01-05,SYN_POOL_A11,24.34,24.38,24.3,24.35
2024-01-08,SYN_POOL_A11,24.38,24.42,24.33,24.38
2024-01-09,SYN_POOL_A11,24.42,24.46,24.35,24.41
2024-01-10,SYN_POOL_A11,24.46,24.51,24.37,24.44
2024-01-11,SYN_POOL_A11,24.5,24.56,24.39,24.47
2024-01-12,SYN_POOL_A11,24.54,24.61,24.41,24.5
2024-01-15,SYN_POOL_A11,24.58,24.66,24.43,24.52
2024-01-16,SYN_POOL_A11,24.62,24.71,24.45,24.55
2024-01-17,SYN_POOL_A11,24.66,24.75,24.47,24.58
2024-01-18,SYN_POOL_A11,24.7,24.8,24.49,24.61
2024-01-19,SYN_POOL_A11,24.74,24.85,24.52,24.64
2024-01-22,SYN_POOL_A11,24.77,24.9,24.56,24.67
2024-01-23,SYN_POOL_A11,24.81,24.93,24.6,24.7
2024-01-24,SYN_POOL_A11,24.56,24.83,24.47,24.73
2024-01-25,SYN_POOL_A11,24.6,24.69,24.18,24.27
2024-01-26,SYN_POOL_A11,24.15,24.38,24.08,24.3
2024-01-29,SYN_POOL_A11,24.19,24.4,24.12,24.32
2024-01-30,SYN_POOL_A11,24.23,24.42,24.17,24.35
2024-01-31,SYN_POOL_A11,24.27,24.44,24.22,24.38
2024-02-01,SYN_POOL_A11,24.31,24.46,24.27,24.41
2024-02-02,SYN_POOL_A11,24.34,24.48,24.31,24.44
2024-02-05,SYN_POOL_A11,24.38,24.5,24.36,24.47
2024-02-06,SYN_POOL_A11,24.42,24.52,24.41,24.5
2024-02-07,SYN_POOL_A11,24.46,24.54,24.46,24.53
2024-02-08,SYN_POOL_A11,24.5,24.56,24.5,24.56
2024-02-09,SYN_POOL_A11,24.54,24.59,24.53,24.58
2024-02-12,SYN_POOL_A11,24.58,24.62,24.56,24.61
2024-02-13,SYN_POOL_A11,24.62,24.66,24.59,24.64
2024-02-14,SYN_POOL_A11,24.66,24.7,24.62,24.67
2024-02-15,SYN_POOL_A11,24.7,24.74,24.65,24.7
2024-02-16,SYN_POOL_A11,24.74,24.78,24.67,24.73
2024-02-19,SYN_POOL_A11,24.78,24.83,24.69,24.76
2024-02-20,SYN_POOL_A11,24.82,24.88,24.72,24.79
2024-02-21,SYN_POOL_A11,24.86,24.93,24.74,24.82
2024-02-22,SYN_POOL_A11,24.9,24.98,24.76,24.85
2024-02-23,SYN_POOL_A11,24.94,25.03,24.78,24.88
2024-02-26,SYN_POOL_A11,24.98,25.08,24.8,24.91
2024-02-27,SYN_POOL_A11,25.02,25.12,24.82,24.93
2024-02-28,SYN_POOL_A11,25.06,25.17,24.84,24.96
2024-02-29,SYN_POOL_A11,25.1,25.22,24.88,24.99
2024-03-01,SYN_POOL_A11,25.14,25.26,24.92,25.02
2024-03-04,SYN_POOL_A11,24.88,25.16,24.78,25.05
2024-03-05,SYN_POOL_A11,24.92,25.02,24.5,24.58
2024-03-06,SYN_POOL_A11,24.46,24.7,24.39,24.61
2024-03-07,SYN_POOL_A11,24.5,24.72,24.43,24.64
2024-03-08,SYN_POOL_A11,24.54,24.74,24.48,24.67
2024-03-11,SYN_POOL_A11,24.58,24.76,24.53,24.7
2024-03-12,SYN_POOL_A11,24.62,24.78,24.58,24.73
2024-03-13,SYN_POOL_A11,24.66,24.81,24.63,24.76
2024-03-14,SYN_POOL_A11,24.7,24.83,24.68,24.79
2024-03-15,SYN_POOL_A11,24.74,24.85,24.72,24.82
2024-03-18,SYN_POOL_A11,24.78,24.87,24.77,24.85
2024-03-19,SYN_POOL_A11,24.82,24.89,24.82,24.88
2024-03-20,SYN_POOL_A11,24.86,24.91,24.85,24.91
2024-03-21,SYN_POOL_A11,24.9,24.94,24.88,24.93
2024-03-22,SYN_POOL_A11,24.94,24.98,24.91,24.96
2024-03-25,SYN_POOL_A11,24.98,25.02,24.94,24.99
2024-03-26,SYN_POOL_A11,25.02,25.06,24.97,25.02
2024-03-27,SYN_POOL_A11,25.06,25.1,25.0,25.06
2024-03-28,SYN_POOL_A11,25.1,25.15,25.02,25.09
2024-03-29,SYN_POOL_A11,25.15,25.21,25.05,25.12
2024-04-01,SYN_POOL_A11,25.19,25.26,25.07,25.15
2024-04-02,SYN_POOL_A11,25.23,25.31,25.09,25.18
2024-04-03,SYN_POOL_A11,25.27,25.36,25.12,25.22
2024-04-04,SYN_POOL_A11,25.32,25.41,25.14,25.25
2024-04-05,SYN_POOL_A11,25.36,25.47,25.16,25.28
2024-04-08,SYN_POOL_A11,25.4,25.52,25.19,25.31
2024-04-09,SYN_POOL_A11,25.45,25.57,25.23,25.34
2024-04-10,SYN_POOL_A11,25.49,25.61,25.27,25.38
2024-04-11,SYN_POOL_A11,25.23,25.52,25.13,25.41
2024-04-12,SYN_POOL_A11,25.27,25.54,25.18,25.44
2024-04-15,SYN_POOL_A11,25.31,25.41,24.89,24.97
2024-04-16,SYN_POOL_A11,24.85,25.08,24.78,25.0
2024-04-17,SYN_POOL_A11,24.9,25.11,24.83,25.03
2024-04-18,SYN_POOL_A11,24.94,25.13,24.89,25.06
2024-04-19,SYN_POOL_A11,24.98,25.15,24.94,25.1
2024-04-22,SYN_POOL_A11,25.02,25.18,24.99,25.13
2024-04-23,SYN_POOL_A11,25.07,25.2,25.04,25.16
2024-04-24,SYN_POOL_A11,25.11,25.22,25.09,25.19
2024-04-25,SYN_POOL_A11,25.15,25.25,25.14,25.22
2024-04-26,SYN_POOL_A11,25.19,25.27,25.19,25.26
2024-04-29,SYN_POOL_A11,25.24,25.29,25.23,25.29
2024-04-30,SYN_POOL_A11,25.28,25.33,25.26,25.32
2024-05-01,SYN_POOL_A11,25.32,25.37,25.3,25.35
2024-05-02,SYN_POOL_A11,25.37,25.41,25.33,25.39
2024-05-03,SYN_POOL_A11,25.41,25.45,25.36,25.42
2024-05-06,SYN_POOL_A11,25.45,25.49,25.4,25.45
2024-05-07,SYN_POOL_A11,25.5,25.55,25.42,25.48
2024-05-08,SYN_POOL_A11,25.54,25.6,25.44,25.51
2024-05-09,SYN_POOL_A11,25.58,25.65,25.47,25.55
2024-05-10,SYN_POOL_A11,25.63,25.7,25.49,25.58
2024-05-13,SYN_POOL_A11,25.67,25.76,25.51,25.61
2024-05-14,SYN_POOL_A11,25.71,25.81,25.53,25.64
2024-05-15,SYN_POOL_A11,12.88,12.93,12.78,12.84
2024-05-16,SYN_POOL_A11,12.9,12.96,12.79,12.85
2024-05-17,SYN_POOL_A11,12.92,12.98,12.81,12.87
2024-05-20,SYN_POOL_A11,12.94,13.01,12.83,12.89
2024-05-21,SYN_POOL_A11,12.81,12.96,12.76,12.9
2024-05-22,SYN_POOL_A11,12.83,12.97,12.78,12.92
2024-05-23,SYN_POOL_A11,12.85,12.9,12.64,12.68
2024-05-24,SYN_POOL_A11,12.62,12.74,12.58,12.7
2024-05-27,SYN_POOL_A11,12.64,12.75,12.61,12.71
2024-05-28,SYN_POOL_A11,12.66,12.76,12.63,12.73
2024-05-29,SYN_POOL_A11,12.68,12.77,12.66,12.74
2024-05-30,SYN_POOL_A11,12.71,12.79,12.69,12.76
2024-05-31,SYN_POOL_A11,12.73,12.8,12.71,12.78
2024-06-03,SYN_POOL_A11,12.75,12.81,12.74,12.79
2024-06-04,SYN_POOL_A11,12.77,12.82,12.76,12.81
2024-06-05,SYN_POOL_A11,12.79,12.83,12.79,12.82
2024-06-06,SYN_POOL_A11,12.81,12.84,12.81,12.84
2024-06-07,SYN_POOL_A11,12.84,12.86,12.83,12.86
2024-06-10,SYN_POOL_A11,12.86,12.88,12.84,12.87
2024-06-11,SYN_POOL_A11,12.88,12.9,12.86,12.89
2024-06-12,SYN_POOL_A11,12.9,12.92,12.88,12.91
2024-06-13,SYN_POOL_A11,12.92,12.94,12.9,12.92
2024-06-14,SYN_POOL_A11,12.94,12.97,12.91,12.94
2024-06-17,SYN_POOL_A11,12.97,13.0,12.92,12.95
2024-06-18,SYN_POOL_A11,12.99,13.02,12.93,12.97
2024-06-19,SYN_POOL_A11,13.01,13.05,12.94,12.99
2024-06-20,SYN_POOL_A11,13.03,13.07,12.95,13.0
2024-06-21,SYN_POOL_A11,13.05,13.1,12.97,13.02
2024-06-24,SYN_POOL_A11,13.08,13.13,12.98,13.04
2024-06-25,SYN_POOL_A11,13.1,13.15,12.99,13.05
2024-06-26,SYN_POOL_A11,13.12,13.18,13.01,13.07
2024-06-27,SYN_POOL_A11,13.14,13.21,13.03,13.08
2024-06-28,SYN_POOL_A11,13.16,13.22,13.05,13.1
2024-07-01,SYN_POOL_A11,13.03,13.17,12.98,13.12
2024-07-02,SYN_POOL_A11,13.05,13.1,12.83,12.87
2024-07-03,SYN_POOL_A11,12.81,12.94,12.77,12.89
2024-07-04,SYN_POOL_A11,12.83,12.95,12.8,12.91
2024-07-05,SYN_POOL_A11,12.86,12.96,12.83,12.92
2024-07-08,SYN_POOL_A11,12.88,12.97,12.85,12.94
2024-07-09,SYN_POOL_A11,12.9,12.98,12.88,12.96
2024-07-10,SYN_POOL_A11,12.92,12.99,12.91,12.97
2024-07-11,SYN_POOL_A11,12.94,13.01,12.93,12.99
2024-07-12,SYN_POOL_A11,12.96,13.02,12.96,13.0
2024-07-15,SYN_POOL_A11,12.99,13.03,12.98,13.02
2024-07-16,SYN_POOL_A11,13.01,13.04,13.01,13.04
2024-07-17,SYN_POOL_A11,13.03,13.05,13.02,13.05
2024-07-18,SYN_POOL_A11,13.05,13.08,13.04,13.07
2024-07-19,SYN_POOL_A11,13.07,13.1,13.06,13.09
2024-07-22,SYN_POOL_A11,13.1,13.12,13.08,13.1
2024-07-23,SYN_POOL_A11,13.12,13.14,13.09,13.12
2024-07-24,SYN_POOL_A11,13.14,13.16,13.1,13.14
2024-07-25,SYN_POOL_A11,13.16,13.19,13.12,13.15
2024-07-26,SYN_POOL_A11,13.18,13.22,13.13,13.17
2024-07-29,SYN_POOL_A11,13.21,13.24,13.14,13.18
2024-07-30,SYN_POOL_A11,13.23,13.27,13.15,13.2
2024-07-31,SYN_POOL_A11,13.25,13.3,13.16,13.22
2024-08-01,SYN_POOL_A11,13.27,13.32,13.18,13.23
2024-08-02,SYN_POOL_A11,13.29,13.35,13.19,13.25
2024-08-05,SYN_POOL_A11,13.32,13.38,13.2,13.27
2024-08-06,SYN_POOL_A11,13.34,13.41,13.22,13.28
2024-08-07,SYN_POOL_A11,13.36,13.42,13.24,13.3
2024-08-08,SYN_POOL_A11,13.22,13.37,13.17,13.32
2024-08-09,SYN_POOL_A11,13.25,13.3,13.02,13.07
2024-08-12,SYN_POOL_A11,13.01,13.13,12.97,13.09
2024-08-13,SYN_POOL_A11,13.03,13.14,12.99,13.1
2024-08-14,SYN_POOL_A11,13.05,13.16,13.02,13.12
2024-08-15,SYN_POOL_A11,13.07,13.17,13.04,13.13
2024-08-16,SYN_POOL_A11,13.09,13.18,13.07,13.15
2024-08-19,SYN_POOL_A11,13.12,13.19,13.1,13.17
2024-08-20,SYN_POOL_A11,13.14,13.2,13.12,13.18
2024-08-21,SYN_POOL_A11,13.16,13.21,13.15,13.2
2024-08-22,SYN_POOL_A11,13.18,13.23,13.18,13.22
2024-08-23,SYN_POOL_A11,13.2,13.24,13.2,13.23
2024-08-26,SYN_POOL_A11,13.23,13.25,13.22,13.25
2024-08-27,SYN_POOL_A11,13.25,13.27,13.24,13.27
2024-08-28,SYN_POOL_A11,13.27,13.29,13.25,13.28
2024-08-29,SYN_POOL_A11,13.29,13.31,13.27,13.3
2024-08-30,SYN_POOL_A11,13.31,13.33,13.29,13.32
2024-09-02,SYN_POOL_A11,13.34,13.36,13.3,13.33
2024-09-03,SYN_POOL_A11,13.36,13.39,13.31,13.35
2024-09-04,SYN_POOL_A11,13.38,13.41,13.33,13.37
2024-09-05,SYN_POOL_A11,13.4,13.44,13.34,13.38
2024-09-06,SYN_POOL_A11,13.43,13.47,13.35,13.4
2024-09-09,SYN_POOL_A11,13.45,13.49,13.36,13.42
2024-09-10,SYN_POOL_A11,13.47,13.52,13.37,13.43
2024-09-11,SYN_POOL_A11,13.49,13.55,13.38,13.45
2024-09-12,SYN_POOL_A11,13.51,13.58,13.4,13.46
2024-09-13,SYN_POOL_A11,13.54,13.6,13.42,13.48
2024-09-16,SYN_POOL_A11,13.56,13.62,13.44,13.5
2024-09-17,SYN_POOL_A11,13.42,13.57,13.37,13.51
2024-09-18,SYN_POOL_A11,13.44,13.5,13.22,13.26
2024-09-19,SYN_POOL_A11,13.2,13.33,13.16,13.28
2024-09-20,SYN_POOL_A11,13.22,13.34,13.18,13.3
2024-09-23,SYN_POOL_A11,13.24,13.35,13.21,13.31
2024-09-24,SYN_POOL_A11,13.26,13.36,13.24,13.33
2024-09-25,SYN_POOL_A11,13.29,13.38,13.26,13.35
2024-09-26,SYN_POOL_A11,13.31,13.39,13.29,13.36
2024-09-27,SYN_POOL_A11,13.33,13.4,13.32,13.38
2024-09-30,SYN_POOL_A11,13.35,13.41,13.34,13.4
2024-10-01,SYN_POOL_A11,13.38,13.42,13.37,13.41
2024-10-02,SYN_POOL_A11,13.4,13.44,13.4,13.43
2024-10-03,SYN_POOL_A11,13.42,13.45,13.41,13.45
2024-10-04,SYN_POOL_A11,13.44,13.47,13.43,13.46
2024-10-07,SYN_POOL_A11,13.46,13.49,13.45,13.48
2024-10-08,SYN_POOL_A11,13.49,13.51,13.47,13.5
2024-10-09,SYN_POOL_A11,13.51,13.53,13.49,13.51
2024-10-10,SYN_POOL_A11,13.53,13.55,13.5,13.53
2024-10-11,SYN_POOL_A11,13.55,13.58,13.51,13.55
2024-10-14,SYN_POOL_A11,13.58,13.61,13.52,13.56
2024-10-15,SYN_POOL_A11,13.6,13.64,13.54,13.58
2024-10-16,SYN_POOL_A11,13.62,13.66,13.55,13.6
2024-10-17,SYN_POOL_A11,13.64,13.69,13.56,13.61
2024-10-18,SYN_POOL_A11,13.67,13.72,13.57,13.63
2024-10-21,SYN_POOL_A11,13.69,13.75,13.58,13.65
2024-10-22,SYN_POOL_A11,13.71,13.77,13.59,13.66
2024-10-23,SYN_POOL_A11,13.73,13.8,13.62,13.68
2024-10-24,SYN_POOL_A11,13.76,13.82,13.64,13.7
2024-10-25,SYN_POOL_A11,13.62,13.77,13.56,13.71
2024-10-28,SYN_POOL_A11,13.64,13.79,13.59,13.73
2024-10-29,SYN_POOL_A11,13.66,13.71,13.43,13.47
2024-10-30,SYN_POOL_A11,13.41,13.54,13.37,13.49
2024-10-31,SYN_POOL_A11,13.44,13.55,13.4,13.51
2024-11-01,SYN_POOL_A11,13.46,13.56,13.43,13.52
2024-11-04,SYN_POOL_A11,13.48,13.57,13.46,13.54
2024-11-05,SYN_POOL_A11,13.5,13.58,13.48,13.56
2024-11-06,SYN_POOL_A11,13.52,13.6,13.51,13.58
2024-11-07,SYN_POOL_A11,13.55,13.61,13.54,13.59
2024-11-08,SYN_POOL_A11,13.57,13.62,13.56,13.61
2024-11-11,SYN_POOL_A11,13.59,13.63,13.59,13.63
2024-11-12,SYN_POOL_A11,13.61,13.64,13.61,13.64
2024-11-13,SYN_POOL_A11,13.64,13.66,13.63,13.66
2024-11-14,SYN_POOL_A11,13.66,13.68,13.65,13.68
2024-11-15,SYN_POOL_A11,13.68,13.7,13.66,13.69
2024-11-18,SYN_POOL_A11,13.71,13.73,13.68,13.71
2024-11-19,SYN_POOL_A11,13.73,13.75,13.7,13.73
2024-11-20,SYN_POOL_A11,13.75,13.78,13.71,13.74
2024-11-21,SYN_POOL_A11,13.77,13.8,13.72,13.76
2024-11-22,SYN_POOL_A11,13.8,13.83,13.73,13.78
2024-11-25,SYN_POOL_A11,13.82,13.86,13.75,13.79
2024-11-26,SYN_POOL_A11,13.84,13.89,13.76,13.81
2024-11-27,SYN_POOL_A11,13.86,13.92,13.77,13.83
2024-11-28,SYN_POOL_A11,13.89,13.94,13.78,13.84
2024-11-29,SYN_POOL_A11,13.91,13.97,13.79,13.86
2024-12-02,SYN_POOL_A11,13.93,14.0,13.81,13.88
2024-12-03,SYN_POOL_A11,13.96,14.02,13.83,13.89
2024-12-04,SYN_POOL_A11,13.81,13.97,13.76,13.91
2024-12-05,SYN_POOL_A11,13.83,13.99,13.78,13.93
2024-12-06,SYN_POOL_A11,13.86,13.91,13.62,13.67
2024-12-09,SYN_POOL_A11,13.61,13.73,13.57,13.69
2024-12-10,SYN_POOL_A11,13.63,13.75,13.59,13.7
2024-12-11,SYN_POOL_A11,13.65,13.76,13.62,13.72
2024-12-12,SYN_POOL_A11,13.67,13.77,13.65,13.74
2024-12-13,SYN_POOL_A11,13.7,13.78,13.67,13.75
2024-12-16,SYN_POOL_A11,13.72,13.79,13.7,13.77
2024-12-17,SYN_POOL_A11,13.74,13.81,13.73,13.79
2024-12-18,SYN_POOL_A11,13.76,13.82,13.76,13.8
2024-12-19,SYN_POOL_A11,13.79,13.83,13.79,13.82
2024-12-20,SYN_POOL_A11,13.81,13.84,13.81,13.84
2024-12-23,SYN_POOL_A11,13.83,13.86,13.82,13.86
2024-12-24,SYN_POOL_A11,13.85,13.88,13.84,13.87
2024-12-25,SYN_POOL_A11,13.88,13.9,13.86,13.89
2024-12-26,SYN_POOL_A11,13.9,13.92,13.88,13.91
2024-12-27,SYN_POOL_A11,13.92,13.94,13.89,13.92
2024-12-30,SYN_POOL_A11,13.95,13.97,13.91,13.94
2024-12-31,SYN_POOL_A11,13.97,14.0,13.92,13.96
2025-01-01,SYN_POOL_A11,13.99,14.03,13.93,13.97
2025-01-02,SYN_POOL_A11,14.02,14.06,13.94,13.99
2025-01-03,SYN_POOL_A11,14.04,14.08,13.95,14.01
2025-01-06,SYN_POOL_A11,14.06,14.11,13.97,14.02
2025-01-07,SYN_POOL_A11,14.08,14.14,13.98,14.04
2025-01-08,SYN_POOL_A11,14.11,14.17,13.99,14.06
2025-01-09,SYN_POOL_A11,14.13,14.2,14.01,14.08
2025-01-10,SYN_POOL_A11,14.15,14.22,14.03,14.09
2025-01-13,SYN_POOL_A11,14.18,14.24,14.05,14.11
2025-01-14,SYN_POOL_A11,14.03,14.19,13.98,14.13
2025-01-15,SYN_POOL_A11,14.05,14.11,13.82,13.86
2025-01-16,SYN_POOL_A11,13.8,13.93,13.76,13.88
2025-01-17,SYN_POOL_A11,13.82,13.94,13.78,13.9
2025-01-20,SYN_POOL_A11,13.84,13.95,13.81,13.92
2025-01-21,SYN_POOL_A11,13.87,13.97,13.84,13.93
2025-01-22,SYN_POOL_A11,13.89,13.98,13.87,13.95
2025-01-23,SYN_POOL_A11,13.91,13.99,13.89,13.97
2025-01-24,SYN_POOL_A11,13.93,14.0,13.92,13.98
2025-01-27,SYN_POOL_A11,13.96,14.01,13.95,14.0
2025-01-28,SYN_POOL_A11,13.98,14.03,13.98,14.02
2025-01-29,SYN_POOL_A11,14.0,14.04,14.0,14.03
2025-01-30,SYN_POOL_A11,14.03,14.05,14.02,14.05
2025-01-31,SYN_POOL_A11,14.05,14.07,14.04,14.07
2025-02-03,SYN_POOL_A11,14.07,14.1,14.06,14.09
2025-02-04,SYN_POOL_A11,14.1,14.12,14.07,14.1
2025-02-05,SYN_POOL_A11,14.12,14.14,14.09,14.12
2025-02-06,SYN_POOL_A11,14.14,14.17,14.1,14.14
2025-02-07,SYN_POOL_A11,14.17,14.2,14.12,14.15
2025-02-10,SYN_POOL_A11,14.19,14.22,14.13,14.17
2025-02-11,SYN_POOL_A11,14.21,14.25,14.14,14.19
2025-02-12,SYN_POOL_A11,14.23,14.28,14.15,14.21
2025-02-13,SYN_POOL_A11,14.26,14.31,14.16,14.22
2025-02-14,SYN_POOL_A11,14.28,14.34,14.18,14.24
2025-02-17,SYN_POOL_A11,14.3,14.37,14.19,14.26
2025-02-18,SYN_POOL_A11,14.33,14.39,14.2,14.27
2025-02-19,SYN_POOL_A11,14.35,14.42,14.23,14.29
2025-02-20,SYN_POOL_A11,14.37,14.44,14.25,14.31
2025-02-21,SYN_POOL_A11,14.23,14.39,14.17,14.33
2025-02-24,SYN_POOL_A11,14.25,14.31,14.01,14.06
2025-02-25,SYN_POOL_A11,13.99,14.13,13.95,14.08
2025-02-26,SYN_POOL_A11,14.01,14.14,13.97,14.09
2025-02-27,SYN_POOL_A11,14.04,14.15,14.0,14.11
2025-02-28,SYN_POOL_A11,14.06,14.16,14.03,14.13
2025-03-03,SYN_POOL_A11,14.08,14.18,14.06,14.14
2025-03-04,SYN_POOL_A11,14.11,14.19,14.09,14.16
2025-03-05,SYN_POOL_A11,14.13,14.2,14.11,14.18
2025-03-06,SYN_POOL_A11,14.15,14.21,14.14,14.2
2025-03-07,SYN_POOL_A11,14.18,14.22,14.17,14.21
2025-03-10,SYN_POOL_A11,14.2,14.24,14.2,14.23
2025-03-11,SYN_POOL_A11,14.22,14.25,14.22,14.25
2025-03-12,SYN_POOL_A11,14.24,14.27,14.23,14.26
2025-03-13,SYN_POOL_A11,14.27,14.29,14.25,14.28
2025-03-14,SYN_POOL_A11,14.29,14.31,14.27,14.3
2025-03-17,SYN_POOL_A11,14.31,14.34,14.29,14.32
2025-03-18,SYN_POOL_A11,14.34,14.36,14.3,14.33
2025-03-19,SYN_POOL_A11,14.36,14.39,14.31,14.35
2025-03-20,SYN_POOL_A11,14.38,14.42,14.33,14.37
2025-03-21,SYN_POOL_A11,14.41,14.45,14.34,14.39
2025-03-24,SYN_POOL_A11,14.43,14.48,14.35,14.4
2025-03-25,SYN_POOL_A11,14.46,14.51,14.36,14.42
2025-03-26,SYN_POOL_A11,14.48,14.53,14.37,14.44
2025-03-27,SYN_POOL_A11,14.5,14.56,14.39,14.45
2025-03-28,SYN_POOL_A11,14.53,14.59,14.4,14.47
2025-03-31,SYN_POOL_A11,14.55,14.62,14.42,14.49
2025-04-01,SYN_POOL_A11,14.57,14.64,14.45,14.51
2025-04-02,SYN_POOL_A11,14.42,14.59,14.37,14.52
2025-04-03,SYN_POOL_A11,14.45,14.5,14.2,14.25
2025-04-04,SYN_POOL_A11,14.18,14.32,14.14,14.27
2025-04-07,SYN_POOL_A11,14.21,14.34,14.17,14.29
2025-04-08,SYN_POOL_A11,14.23,14.35,14.19,14.31
2025-04-09,SYN_POOL_A11,14.25,14.36,14.22,14.32
2025-04-10,SYN_POOL_A11,14.28,14.37,14.25,14.34
2025-04-11,SYN_POOL_A11,14.3,14.38,14.28,14.36
2025-04-14,SYN_POOL_A11,14.32,14.4,14.31,14.37
2025-04-15,SYN_POOL_A11,14.35,14.41,14.34,14.39
2025-04-16,SYN_POOL_A11,14.37,14.42,14.36,14.41
2025-04-17,SYN_POOL_A11,14.39,14.43,14.39,14.43
2025-04-18,SYN_POOL_A11,14.42,14.45,14.41,14.44
2025-04-21,SYN_POOL_A11,14.44,14.46,14.43,14.46
2025-04-22,SYN_POOL_A11,14.46,14.49,14.45,14.48
2025-04-23,SYN_POOL_A11,14.49,14.51,14.47,14.5
2025-04-24,SYN_POOL_A11,14.51,14.53,14.48,14.51
2025-04-25,SYN_POOL_A11,14.53,14.56,14.5,14.53
2025-04-28,SYN_POOL_A11,14.56,14.59,14.51,14.55
2025-04-29,SYN_POOL_A11,14.58,14.62,14.52,14.57
2025-04-30,SYN_POOL_A11,14.6,14.64,14.54,14.58
2025-05-01,SYN_POOL_A11,14.63,14.67,14.55,14.6
2025-05-02,SYN_POOL_A11,14.65,14.7,14.56,14.62
2025-05-05,SYN_POOL_A11,14.68,14.73,14.57,14.64
2025-05-06,SYN_POOL_A11,14.7,14.76,14.58,14.65
2025-05-07,SYN_POOL_A11,14.72,14.79,14.6,14.67
2025-05-08,SYN_POOL_A11,14.75,14.82,14.62,14.69
2025-05-09,SYN_POOL_A11,14.77,14.84,14.64,14.7
2025-05-12,SYN_POOL_A11,14.62,14.79,14.56,14.72
2025-05-13,SYN_POOL_A11,14.64,14.8,14.59,14.74
2025-05-14,SYN_POOL_A11,14.67,14.72,14.42,14.47
2025-05-15,SYN_POOL_A11,14.4,14.53,14.36,14.48
2025-05-16,SYN_POOL_A11,14.42,14.54,14.39,14.5
2025-05-19,SYN_POOL_A11,14.45,14.56,14.41,14.52
2025-05-20,SYN_POOL_A11,14.47,14.57,14.44,14.53
2025-05-21,SYN_POOL_A11,14.49,14.58,14.47,14.55
2025-05-22,SYN_POOL_A11,14.52,14.59,14.5,14.57
2025-05-23,SYN_POOL_A11,14.54,14.61,14.53,14.59
2025-05-26,SYN_POOL_A11,14.56,14.62,14.56,14.6
2025-05-27,SYN_POOL_A11,14.59,14.63,14.59,14.62
2025-05-28,SYN_POOL_A11,14.61,14.64,14.61,14.64
2025-05-29,SYN_POOL_A11,14.63,14.66,14.62,14.66
2025-05-30,SYN_POOL_A11,14.66,14.68,14.64,14.67
2025-06-02,SYN_POOL_A11,14.68,14.71,14.66,14.69
2025-06-03,SYN_POOL_A11,14.71,14.73,14.68,14.71
2025-06-04,SYN_POOL_A11,14.73,14.75,14.7,14.73
2025-06-05,SYN_POOL_A11,14.75,14.78,14.71,14.74
2025-06-06,SYN_POOL_A11,14.78,14.81,14.72,14.76
2025-06-09,SYN_POOL_A11,14.8,14.84,14.73,14.78
2025-06-10,SYN_POOL_A11,14.82,14.87,14.75,14.8
2025-06-11,SYN_POOL_A11,14.85,14.9,14.76,14.82
2025-06-12,SYN_POOL_A11,14.87,14.93,14.77,14.83
2025-06-13,SYN_POOL_A11,14.9,14.96,14.78,14.85
2025-06-16,SYN_POOL_A11,14.92,14.99,14.79,14.87
2025-06-17,SYN_POOL_A11,14.94,15.02,14.81,14.89
2025-06-18,SYN_POOL_A11,14.97,15.04,14.84,14.9
2025-06-19,SYN_POOL_A11,14.81,14.99,14.75,14.92
2025-06-20,SYN_POOL_A11,14.84,15.0,14.78,14.94
2025-06-23,SYN_POOL_A11,14.86,14.92,14.61,14.66
2025-06-24,SYN_POOL_A11,14.59,14.73,14.55,14.68
2025-06-25,SYN_POOL_A11,14.61,14.74,14.58,14.7
2025-06-26,SYN_POOL_A11,14.64,14.75,14.61,14.71
2025-06-27,SYN_POOL_A11,14.66,14.77,14.63,14.73
2025-06-30,SYN_POOL_A11,14.69,14.78,14.66,14.75
2025-07-01,SYN_POOL_A11,14.71,14.79,14.69,14.77
2025-07-02,SYN_POOL_A11,14.73,14.8,14.72,14.78
2025-07-03,SYN_POOL_A11,14.76,14.81,14.75,14.8
2025-07-04,SYN_POOL_A11,14.78,14.83,14.78,14.82
2025-07-07,SYN_POOL_A11,14.8,14.84,14.8,14.84
2025-07-08,SYN_POOL_A11,14.83,14.85,14.82,14.85
2025-07-09,SYN_POOL_A11,14.85,14.88,14.84,14.87
2025-07-10,SYN_POOL_A11,14.88,14.9,14.86,14.89
2025-07-11,SYN_POOL_A11,14.9,14.92,14.88,14.91
2025-07-14,SYN_POOL_A11,14.92,14.95,14.89,14.92
2025-07-15,SYN_POOL_A11,14.95,14.98,14.91,14.94
2025-07-16,SYN_POOL_A11,14.97,15.01,14.92,14.96
2025-07-17,SYN_POOL_A11,15.0,15.04,14.93,14.98
2025-07-18,SYN_POOL_A11,15.02,15.06,14.94,14.99
2025-07-21,SYN_POOL_A11,15.05,15.09,14.96,15.01
2025-07-22,SYN_POOL_A11,15.07,15.12,14.97,15.03
2025-07-23,SYN_POOL_A11,15.09,15.15,14.98,15.05
2025-07-24,SYN_POOL_A11,15.12,15.18,14.99,15.07
2025-07-25,SYN_POOL_A11,15.14,15.21,15.01,15.08
2025-07-28,SYN_POOL_A11,15.17,15.24,15.03,15.1
2025-07-29,SYN_POOL_A11,15.19,15.26,15.06,15.12
2025-07-30,SYN_POOL_A11,15.03,15.2,14.98,15.14
2025-07-31,SYN_POOL_A11,15.06,15.12,14.8,14.85
2022-08-01,SYN_POOL_A12,11.0,11.0,10.98,11.0
2022-08-02,SYN_POOL_A12,11.0,11.02,10.99,11.01
2022-08-03,SYN_POOL_A12,11.02,11.04,11.0,11.02
2022-08-04,SYN_POOL_A12,11.04,11.06,11.01,11.03
2022-08-05,SYN_POOL_A12,11.05,11.08,11.01,11.04
2022-08-08,SYN_POOL_A12,11.07,11.1,11.02,11.05
2022-08-09,SYN_POOL_A12,11.09,11.12,11.03,11.07
2022-08-10,SYN_POOL_A12,11.1,11.14,11.04,11.08
2022-08-11,SYN_POOL_A12,11.12,11.16,11.04,11.09
2022-08-12,SYN_POOL_A12,11.14,11.18,11.05,11.1
2022-08-15,SYN_POOL_A12,11.15,11.2,11.06,11.11
2022-08-16,SYN_POOL_A12,11.17,11.22,11.07,11.12
2022-08-17,SYN_POOL_A12,11.18,11.24,11.09,11.14
2022-08-18,SYN_POOL_A12,11.2,11.25,11.1,11.15
2022-08-19,SYN_POOL_A12,11.08,11.21,11.04,11.16
2022-08-22,SYN_POOL_A12,11.1,11.14,10.91,10.95
2022-08-23,SYN_POOL_A12,10.9,11.0,10.86,10.96
2022-08-24,SYN_POOL_A12,10.91,11.01,10.88,10.97
2022-08-25,SYN_POOL_A12,10.93,11.02,10.9,10.98
2022-08-26,SYN_POOL_A12,10.95,11.02,10.92,11.0
2022-08-29,SYN_POOL_A12,10.96,11.03,10.94,11.01
2022-08-30,SYN_POOL_A12,10.98,11.04,10.96,11.02
2022-08-31,SYN_POOL_A12,10.99,11.05,10.98,11.03
2022-09-01,SYN_POOL_A12,11.01,11.05,11.0,11.04
2022-09-02,SYN_POOL_A12,11.03,11.06,11.02,11.05
2022-09-05,SYN_POOL_A12,11.04,11.07,11.04,11.07
2022-09-06,SYN_POOL_A12,11.06,11.08,11.05,11.08
2022-09-07,SYN_POOL_A12,11.08,11.09,11.07,11.09
2022-09-08,SYN_POOL_A12,11.09,11.11,11.08,11.1
2022-09-09,SYN_POOL_A12,11.11,11.12,11.09,11.11
2022-09-12,SYN_POOL_A12,11.13,11.14,11.1,11.12
2022-09-13,SYN_POOL_A12,11.14,11.16,11.11,11.14
2022-09-14,SYN_POOL_A12,11.16,11.18,11.12,11.15
2022-09-16,SYN_POOL_A12,11.18,11.21,11.13,11.17
2022-09-19,SYN_POOL_A12,11.21,11.24,11.14,11.18
2022-09-20,SYN_POOL_A12,11.22,11.26,11.15,11.2
2022-09-21,SYN_POOL_A12,11.24,11.28,11.16,11.21
2022-09-22,SYN_POOL_A12,11.26,11.31,11.17,11.22
2022-09-23,SYN_POOL_A12,11.27,11.33,11.18,11.23
2022-09-26,SYN_POOL_A12,11.29,11.35,11.19,11.24
2022-09-27,SYN_POOL_A12,11.31,11.36,11.21,11.25
2022-09-28,SYN_POOL_A12,11.19,11.31,11.15,11.27
2022-09-29,SYN_POOL_A12,11.21,11.25,11.02,11.05
2022-09-30,SYN_POOL_A12,11.0,11.11,10.97,11.07
2022-10-03,SYN_POOL_A12,11.02,11.11,10.99,11.08
2022-10-04,SYN_POOL_A12,11.03,11.12,11.01,11.09
2022-10-05,SYN_POOL_A12,11.05,11.13,11.03,11.1
2022-10-06,SYN_POOL_A12,11.07,11.14,11.05,11.11
2022-10-07,SYN_POOL_A12,11.08,11.15,11.07,11.12
2022-10-10,SYN_POOL_A12,11.1,11.15,11.09,11.14
2022-10-11,SYN_POOL_A12,11.11,11.16,11.11,11.15
2022-10-12,SYN_POOL_A12,11.13,11.17,11.13,11.16
2022-10-13,SYN_POOL_A12,11.15,11.18,11.15,11.17
2022-10-14,SYN_POOL_A12,11.16,11.18,11.16,11.18
2022-10-17,SYN_POOL_A12,11.18,11.2,11.17,11.2
2022-10-18,SYN_POOL_A12,11.2,11.21,11.18,11.21
2022-10-19,SYN_POOL_A12,11.21,11.23,11.2,11.22
2022-10-20,SYN_POOL_A12,11.23,11.25,11.21,11.23
2022-10-21,SYN_POOL_A12,11.25,11.27,11.22,11.24
2022-10-24,SYN_POOL_A12,11.26,11.29,11.23,11.25
2022-10-25,SYN_POOL_A12,11.28,11.31,11.23,11.27
2022-10-26,SYN_POOL_A12,11.3,11.33,11.24,11.28
2022-10-27,SYN_POOL_A12,11.31,11.35,11.25,11.29
2022-10-28,SYN_POOL_A12,11.33,11.37,11.26,11.3
2022-10-31,SYN_POOL_A12,11.35,11.39,11.26,11.31
2022-11-01,SYN_POOL_A12,11.36,11.41,11.27,11.33
2022-11-02,SYN_POOL_A12,11.38,11.43,11.28,11.34
2022-11-03,SYN_POOL_A12,11.4,11.45,11.3,11.35
2022-11-04,SYN_POOL_A12,11.41,11.47,11.31,11.36
2022-11-07,SYN_POOL_A12,11.29,11.42,11.25,11.37
2022-11-08,SYN_POOL_A12,11.31,11.43,11.27,11.38
2022-11-09,SYN_POOL_A12,11.33,11.37,11.13,11.17
2022-11-10,SYN_POOL_A12,11.12,11.22,11.09,11.18
2022-11-11,SYN_POOL_A12,11.14,11.23,11.11,11.19
2022-11-14,SYN_POOL_A12,11.15,11.24,11.13,11.21
2022-11-15,SYN_POOL_A12,11.17,11.24,11.15,11.22
2022-11-16,SYN_POOL_A12,11.19,11.25,11.17,11.23
2022-11-17,SYN_POOL_A12,11.2,11.26,11.19,11.24
2022-11-18,SYN_POOL_A12,11.22,11.27,11.21,11.25
2022-11-21,SYN_POOL_A12,11.24,11.27,11.23,11.27
2022-11-22,SYN_POOL_A12,11.25,11.28,11.25,11.28
2022-11-24,SYN_POOL_A12,11.27,11.3,11.27,11.3
2022-11-25,SYN_POOL_A12,11.3,11.32,11.29,11.31
2022-11-28,SYN_POOL_A12,11.32,11.33,11.3,11.32
2022-11-29,SYN_POOL_A12,11.33,11.35,11.32,11.34
2022-11-30,SYN_POOL_A12,11.35,11.37,11.32,11.35
2022-12-01,SYN_POOL_A12,11.37,11.39,11.33,11.36
2022-12-02,SYN_POOL_A12,11.39,11.41,11.34,11.37
2022-12-05,SYN_POOL_A12,11.4,11.43,11.35,11.38
2022-12-06,SYN_POOL_A12,11.42,11.45,11.36,11.4
2022-12-07,SYN_POOL_A12,11.44,11.47,11.36,11.41
2022-12-08,SYN_POOL_A12,11.45,11.5,11.37,11.42
2022-12-09,SYN_POOL_A12,11.47,11.52,11.38,11.43
2022-12-12,SYN_POOL_A12,11.49,11.54,11.39,11.44
2022-12-13,SYN_POOL_A12,11.5,11.56,11.4,11.46
2022-12-14,SYN_POOL_A12,11.52,11.58,11.42,11.47
2022-12-15,SYN_POOL_A12,11.4,11.53,11.35,11.48
2022-12-16,SYN_POOL_A12,11.42,11.54,11.37,11.49
2022-12-19,SYN_POOL_A12,11.43,11.48,11.24,11.28
2022-12-20,SYN_POOL_A12,11.22,11.33,11.19,11.29
2022-12-21,SYN_POOL_A12,11.24,11.33,11.21,11.3
2022-12-22,SYN_POOL_A12,11.26,11.34,11.23,11.31
2022-12-23,SYN_POOL_A12,11.27,11.35,11.25,11.32
2022-12-26,SYN_POOL_A12,11.29,11.36,11.27,11.33
2022-12-27,SYN_POOL_A12,11.31,11.37,11.29,11.35
2022-12-28,SYN_POOL_A12,11.32,11.37,11.31,11.36
2022-12-29,SYN_POOL_A12,11.34,11.38,11.33,11.37
2022-12-30,SYN_POOL_A12,11.36,11.39,11.35,11.38
2023-01-02,SYN_POOL_A12,11.37,11.4,11.37,11.39
2023-01-03,SYN_POOL_A12,11.39,11.41,11.38,11.41
2023-01-04,SYN_POOL_A12,11.41,11.42,11.4,11.42
2023-01-05,SYN_POOL_A12,11.42,11.44,11.41,11.43
2023-01-06,SYN_POOL_A12,11.44,11.46,11.42,11.44
2023-01-09,SYN_POOL_A12,11.46,11.47,11.43,11.45
2023-01-10,SYN_POOL_A12,11.47,11.5,11.44,11.47
2023-01-11,SYN_POOL_A12,11.49,11.52,11.45,11.48
2023-01-12,SYN_POOL_A12,11.51,11.54,11.45,11.49
2023-01-13,SYN_POOL_A12,11.52,11.56,11.46,11.5
2023-01-16,SYN_POOL_A12,11.54,11.58,11.47,11.51
2023-01-17,SYN_POOL_A12,11.56,11.6,11.48,11.53
2023-01-18,SYN_POOL_A12,11.57,11.62,11.49,11.54
2023-01-19,SYN_POOL_A12,11.59,11.64,11.49,11.55
2023-01-20,SYN_POOL_A12,11.61,11.66,11.51,11.56
2023-01-23,SYN_POOL_A12,11.63,11.68,11.52,11.57
2023-01-24,SYN_POOL_A12,11.64,11.7,11.54,11.59
2023-01-25,SYN_POOL_A12,11.52,11.65,11.48,11.6
2023-01-26,SYN_POOL_A12,11.54,11.58,11.34,11.38
2023-01-27,SYN_POOL_A12,11.33,11.43,11.29,11.39
2023-01-30,SYN_POOL_A12,11.34,11.44,11.31,11.4
2023-01-31,SYN_POOL_A12,11.36,11.45,11.33,11.42
2023-02-01,SYN_POOL_A12,11.38,11.46,11.35,11.43
2023-02-02,SYN_POOL_A12,11.39,11.46,11.37,11.44
2023-02-03,SYN_POOL_A12,11.41,11.47,11.4,11.45
2023-02-06,SYN_POOL_A12,11.43,11.48,11.42,11.46
2023-02-07,SYN_POOL_A12,11.44,11.49,11.44,11.48
2023-02-08,SYN_POOL_A12,11.46,11.49,11.46,11.49
2023-02-10,SYN_POOL_A12,11.48,11.51,11.48,11.51
2023-02-13,SYN_POOL_A12,11.51,11.53,11.5,11.52
2023-02-14,SYN_POOL_A12,11.53,11.54,11.51,11.54
2023-02-15,SYN_POOL_A12,11.54,11.56,11.53,11.55
2023-02-16,SYN_POOL_A12,11.56,11.58,11.54,11.56
2023-02-17,SYN_POOL_A12,11.58,11.6,11.54,11.57
2023-02-20,SYN_POOL_A12,11.6,11.62,11.55,11.58
2023-02-21,SYN_POOL_A12,11.61,11.64,11.56,11.6
2023-02-22,SYN_POOL_A12,11.63,11.66,11.57,11.61
2023-02-23,SYN_POOL_A12,11.65,11.68,11.58,11.62
2023-02-24,SYN_POOL_A12,11.66,11.71,11.58,11.63
2023-02-27,SYN_POOL_A12,11.68,11.73,11.59,11.64
2023-02-28,SYN_POOL_A12,11.7,11.75,11.6,11.66
2023-03-01,SYN_POOL_A12,11.71,11.77,11.61,11.67
2023-03-02,SYN_POOL_A12,11.73,11.79,11.63,11.68
2023-03-03,SYN_POOL_A12,11.75,11.8,11.64,11.69
2023-03-06,SYN_POOL_A12,11.63,11.75,11.58,11.7
2023-03-07,SYN_POOL_A12,11.64,11.69,11.44,11.48
2023-03-08,SYN_POOL_A12,11.43,11.54,11.39,11.5
2023-03-09,SYN_POOL_A12,11.45,11.55,11.41,11.51
2023-03-10,SYN_POOL_A12,11.46,11.55,11.43,11.52
2023-03-13,SYN_POOL_A12,11.48,11.56,11.46,11.53
2023-03-14,SYN_POOL_A12,11.5,11.57,11.48,11.54
2023-03-15,SYN_POOL_A12,11.51,11.58,11.5,11.56
2023-03-16,SYN_POOL_A12,11.53,11.59,11.52,11.57
2023-03-17,SYN_POOL_A12,11.55,11.59,11.54,11.58
2023-03-20,SYN_POOL_A12,11.56,11.6,11.56,11.59
2023-03-21,SYN_POOL_A12,11.58,11.61,11.58,11.6
2023-03-22,SYN_POOL_A12,11.6,11.62,11.59,11.62
2023-03-23,SYN_POOL_A12,11.61,11.63,11.61,11.63
2023-03-24,SYN_POOL_A12,11.63,11.65,11.62,11.64
2023-03-27,SYN_POOL_A12,11.65,11.67,11.63,11.65
2023-03-28,SYN_POOL_A12,11.67,11.68,11.64,11.67
2023-03-29,SYN_POOL_A12,11.68,11.7,11.65,11.68
2023-03-30,SYN_POOL_A12,11.7,11.72,11.66,11.69
2023-03-31,SYN_POOL_A12,11.72,11.75,11.67,11.7
2023-04-03,SYN_POOL_A12,11.73,11.77,11.67,11.71
2023-04-04,SYN_POOL_A12,11.75,11.79,11.68,11.73
2023-04-05,SYN_POOL_A12,11.77,11.81,11.69,11.74
2023-04-06,SYN_POOL_A12,11.79,11.83,11.7,11.75
2023-04-07,SYN_POOL_A12,11.8,11.85,11.71,11.76
2023-04-10,SYN_POOL_A12,11.82,11.87,11.72,11.77
2023-04-11,SYN_POOL_A12,11.84,11.9,11.73,11.79
2023-04-12,SYN_POOL_A12,11.85,11.91,11.75,11.8
2023-04-13,SYN_POOL_A12,11.73,11.86,11.68,11.81
2023-04-14,SYN_POOL_A12,11.75,11.79,11.55,11.59
2023-04-17,SYN_POOL_A12,11.53,11.64,11.49,11.6
2023-04-18,SYN_POOL_A12,11.55,11.65,11.52,11.61
2023-04-19,SYN_POOL_A12,11.57,11.66,11.54,11.63
2023-04-20,SYN_POOL_A12,11.58,11.67,11.56,11.64
2023-04-21,SYN_POOL_A12,11.6,11.68,11.58,11.65
2023-04-24,SYN_POOL_A12,11.62,11.68,11.6,11.66
2023-04-25,SYN_POOL_A12,11.63,11.69,11.62,11.67
2023-04-26,SYN_POOL_A12,11.65,11.7,11.64,11.69
2023-04-27,SYN_POOL_A12,11.67,11.71,11.66,11.7
2023-04-28,SYN_POOL_A12,11.68,11.72,11.68,11.71
2023-05-01,SYN_POOL_A12,11.7,11.72,11.7,11.72
2023-05-02,SYN_POOL_A12,11.72,11.74,11.71,11.73
2023-05-03,SYN_POOL_A12,11.74,11.75,11.72,11.75
2023-05-04,SYN_POOL_A12,11.75,11.77,11.74,11.76
2023-05-05,SYN_POOL_A12,11.77,11.79,11.75,11.77
2023-05-08,SYN_POOL_A12,11.79,11.81,11.76,11.78
2023-05-09,SYN_POOL_A12,11.8,11.83,11.77,11.8
2023-05-10,SYN_POOL_A12,11.82,11.85,11.77,11.81
2023-05-11,SYN_POOL_A12,11.84,11.87,11.78,11.82
2023-05-12,SYN_POOL_A12,11.86,11.89,11.79,11.83
2023-05-15,SYN_POOL_A12,11.87,11.91,11.8,11.84
2023-05-16,SYN_POOL_A12,11.89,11.94,11.81,11.86
2023-05-17,SYN_POOL_A12,11.91,11.96,11.81,11.87
2023-05-19,SYN_POOL_A12,11.93,11.99,11.84,11.89
2023-05-22,SYN_POOL_A12,11.96,12.02,11.85,11.9
2023-05-23,SYN_POOL_A12,11.83,11.97,11.79,11.92
2023-05-24,SYN_POOL_A12,11.85,11.98,11.81,11.93
2023-05-25,SYN_POOL_A12,11.87,11.91,11.67,11.71
2023-05-26,SYN_POOL_A12,11.65,11.76,11.62,11.72
2023-05-29,SYN_POOL_A12,11.67,11.77,11.64,11.73
2023-05-30,SYN_POOL_A12,11.69,11.77,11.66,11.74
2023-05-31,SYN_POOL_A12,11.7,11.78,11.68,11.75
2023-06-01,SYN_POOL_A12,11.72,11.79,11.7,11.77
2023-06-02,SYN_POOL_A12,11.74,11.8,11.72,11.78
2023-06-05,SYN_POOL_A12,11.75,11.81,11.75,11.79
2023-06-06,SYN_POOL_A12,11.77,11.81,11.77,11.8
2023-06-07,SYN_POOL_A12,11.79,11.82,11.79,11.82
2023-06-08,SYN_POOL_A12,11.81,11.83,11.8,11.83
2023-06-09,SYN_POOL_A12,11.82,11.84,11.82,11.84
2023-06-12,SYN_POOL_A12,11.84,11.86,11.83,11.85
2023-06-13,SYN_POOL_A12,11.86,11.87,11.84,11.86
2023-06-14,SYN_POOL_A12,11.87,11.89,11.85,11.88
2023-06-15,SYN_POOL_A12,11.89,11.91,11.86,11.89
2023-06-16,SYN_POOL_A12,11.91,11.93,11.87,11.9
2023-06-19,SYN_POOL_A12,11.93,11.95,11.88,11.91
2023-06-20,SYN_POOL_A12,11.94,11.98,11.89,11.93
2023-06-21,SYN_POOL_A12,11.96,12.0,11.9,11.94
2023-06-22,SYN_POOL_A12,11.98,12.02,11.9,11.95
2023-06-23,SYN_POOL_A12,12.0,12.04,11.91,11.96
2023-06-26,SYN_POOL_A12,12.01,12.06,11.92,11.97
2023-06-27,SYN_POOL_A12,12.03,12.08,11.93,11.99
2023-06-28,SYN_POOL_A12,12.05,12.11,11.94,12.0
2023-06-29,SYN_POOL_A12,12.07,12.12,11.96,12.01
2023-06-30,SYN_POOL_A12,11.94,12.08,11.89,12.02
2023-07-03,SYN_POOL_A12,11.96,12.09,11.91,12.04
2023-07-04,SYN_POOL_A12,11.97,12.02,11.77,11.81
2023-07-05,SYN_POOL_A12,11.75,11.86,11.72,11.82
2023-07-06,SYN_POOL_A12,11.77,11.87,11.74,11.83
2023-07-07,SYN_POOL_A12,11.79,11.88,11.76,11.85
2023-07-10,SYN_POOL_A12,11.81,11.89,11.78,11.86
2023-07-11,SYN_POOL_A12,11.82,11.9,11.81,11.87
2023-07-12,SYN_POOL_A12,11.84,11.9,11.83,11.88
2023-07-13,SYN_POOL_A12,11.86,11.91,11.85,11.9
2023-07-14,SYN_POOL_A12,11.88,11.92,11.87,11.91
2023-07-17,SYN_POOL_A12,11.89,11.93,11.89,11.92
2023-07-18,SYN_POOL_A12,11.91,11.94,11.91,11.93
2023-07-19,SYN_POOL_A12,11.93,11.95,11.92,11.94
2023-07-20,SYN_POOL_A12,11.94,11.96,11.93,11.96
2023-07-21,SYN_POOL_A12,11.96,11.98,11.95,11.97
2023-07-24,SYN_POOL_A12,11.98,12.0,11.96,11.98
2023-07-25,SYN_POOL_A12,12.0,12.02,11.97,11.99
2023-07-26,SYN_POOL_A12,12.01,12.04,11.98,12.01
2023-07-27,SYN_POOL_A12,12.03,12.06,11.99,12.02
2023-07-28,SYN_POOL_A12,12.05,12.08,11.99,12.03
2023-07-31,SYN_POOL_A12,12.07,12.1,12.0,12.04
2023-08-01,SYN_POOL_A12,12.08,12.12,12.01,12.06
2023-08-02,SYN_POOL_A12,12.1,12.15,12.02,12.07
2023-08-03,SYN_POOL_A12,12.12,12.17,12.03,12.08
2023-08-04,SYN_POOL_A12,12.14,12.19,12.03,12.09
2023-08-07,SYN_POOL_A12,12.15,12.21,12.05,12.11
2023-08-08,SYN_POOL_A12,12.17,12.23,12.06,12.12
2023-08-09,SYN_POOL_A12,12.19,12.25,12.08,12.13
2023-08-10,SYN_POOL_A12,12.06,12.19,12.02,12.14
2023-08-11,SYN_POOL_A12,12.08,12.13,11.87,11.91
2023-08-14,SYN_POOL_A12,11.86,11.97,11.82,11.93
2023-08-15,SYN_POOL_A12,11.87,11.98,11.84,11.94
2023-08-16,SYN_POOL_A12,11.89,11.98,11.86,11.95
2023-08-17,SYN_POOL_A12,11.91,11.99,11.89,11.96
2023-08-18,SYN_POOL_A12,11.93,12.0,11.91,11.98
2023-08-21,SYN_POOL_A12,11.94,12.01,11.93,11.99
2023-08-22,SYN_POOL_A12,11.96,12.02,11.95,12.0
2023-08-23,SYN_POOL_A12,11.98,12.03,11.97,12.01
2023-08-24,SYN_POOL_A12,12.0,12.03,11.99,12.03
2023-08-25,SYN_POOL_A12,12.01,12.04,12.01,12.04
2023-08-28,SYN_POOL_A12,12.03,12.05,12.03,12.05
2023-08-29,SYN_POOL_A12,12.05,12.07,12.04,12.06
2023-08-31,SYN_POOL_A12,12.07,12.1,12.05,12.09
2023-09-01,SYN_POOL_A12,12.1,12.12,12.08,12.1
2023-09-04,SYN_POOL_A12,12.12,12.14,12.08,12.11
2023-09-05,SYN_POOL_A12,12.14,12.16,12.09,12.12
2023-09-06,SYN_POOL_A12,12.15,12.18,12.1,12.14
2023-09-07,SYN_POOL_A12,12.17,12.21,12.11,12.15
2023-09-08,SYN_POOL_A12,12.19,12.23,12.12,12.16
2023-09-11,SYN_POOL_A12,12.21,12.25,12.12,12.17
2023-09-12,SYN_POOL_A12,12.22,12.27,12.13,12.19
2023-09-13,SYN_POOL_A12,12.24,12.29,12.14,12.2
2023-09-14,SYN_POOL_A12,12.26,12.32,12.15,12.21
2023-09-15,SYN_POOL_A12,12.28,12.34,12.17,12.22
2023-09-18,SYN_POOL_A12,12.3,12.35,12.19,12.24
2023-09-19,SYN_POOL_A12,12.17,12.3,12.12,12.25
2023-09-20,SYN_POOL_A12,12.18,12.23,11.98,12.02
2023-09-21,SYN_POOL_A12,11.96,12.07,11.92,12.03
2023-09-22,SYN_POOL_A12,11.98,12.08,11.94,12.04
2023-09-25,SYN_POOL_A12,11.99,12.09,11.97,12.06
2023-09-26,SYN_POOL_A12,12.01,12.1,11.99,12.07
2023-09-27,SYN_POOL_A12,12.03,12.11,12.01,12.08
2023-09-28,SYN_POOL_A12,12.05,12.12,12.03,12.09
2023-09-29,SYN_POOL_A12,12.07,12.12,12.05,12.11
2023-10-02,SYN_POOL_A12,12.08,12.13,12.08,12.12
2023-10-03,SYN_POOL_A12,12.1,12.14,12.1,12.13
2023-10-04,SYN_POOL_A12,12.12,12.15,12.12,12.14
2023-10-05,SYN_POOL_A12,12.14,12.16,12.13,12.16
2023-10-06,SYN_POOL_A12,12.15,12.17,12.14,12.17
2023-10-09,SYN_POOL_A12,12.17,12.19,12.16,12.18
2023-10-10,SYN_POOL_A12,12.19,12.21,12.17,12.19
2023-10-11,SYN_POOL_A12,12.21,12.22,12.18,12.21
2023-10-12,SYN_POOL_A12,12.22,12.24,12.19,12.22
2023-10-13,SYN_POOL_A12,12.24,12.27,12.2,12.23
2023-10-16,SYN_POOL_A12,12.26,12.29,12.21,12.24
2023-10-17,SYN_POOL_A12,12.28,12.31,12.22,12.26
2023-10-18,SYN_POOL_A12,12.29,12.33,12.22,12.27
2023-10-19,SYN_POOL_A12,12.31,12.36,12.23,12.28
2023-10-20,SYN_POOL_A12,12.33,12.38,12.24,12.29
2023-10-23,SYN_POOL_A12,12.35,12.4,12.25,12.31
2023-10-24,SYN_POOL_A12,12.37,12.42,12.26,12.32
2023-10-25,SYN_POOL_A12,12.38,12.44,12.27,12.33
2023-10-26,SYN_POOL_A12,12.4,12.46,12.29,12.34
2023-10-27,SYN_POOL_A12,12.27,12.41,12.22,12.36
2023-10-30,SYN_POOL_A12,12.29,12.34,12.08,12.12
2023-10-31,SYN_POOL_A12,12.06,12.18,12.02,12.14
2023-11-01,SYN_POOL_A12,12.08,12.19,12.05,12.15
2023-11-02,SYN_POOL_A12,12.1,12.2,12.07,12.16
2023-11-03,SYN_POOL_A12,12.12,12.2,12.09,12.17
2023-11-06,SYN_POOL_A12,12.13,12.21,12.11,12.19
2023-11-07,SYN_POOL_A12,12.15,12.22,12.13,12.2
2023-11-08,SYN_POOL_A12,12.17,12.23,12.16,12.21
2023-11-09,SYN_POOL_A12,12.19,12.24,12.18,12.22
2023-11-10,SYN_POOL_A12,12.2,12.25,12.2,12.24
2023-11-13,SYN_POOL_A12,12.22,12.25,12.22,12.25
2023-11-14,SYN_POOL_A12,12.24,12.26,12.23,12.26
2023-11-15,SYN_POOL_A12,12.26,12.28,12.25,12.27
2023-11-16,SYN_POOL_A12,12.27,12.29,12.26,12.29
2023-11-17,SYN_POOL_A12,12.29,12.31,12.27,12.3
2023-11-20,SYN_POOL_A12,12.31,12.33,12.29,12.31
2023-11-21,SYN_POOL_A12,12.33,12.35,12.3,12.32
2023-11-22,SYN_POOL_A12,12.35,12.37,12.31,12.34
2023-11-23,SYN_POOL_A12,12.36,12.39,12.31,12.35
2023-11-24,SYN_POOL_A12,12.38,12.42,12.32,12.36
2023-11-27,SYN_POOL_A12,12.4,12.44,12.33,12.37
2023-11-28,SYN_POOL_A12,12.42,12.46,12.34,12.39
2023-11-29,SYN_POOL_A12,12.44,12.48,12.35,12.4
2023-11-30,SYN_POOL_A12,12.45,12.5,12.35,12.41
2023-12-01,SYN_POOL_A12,12.47,12.53,12.36,12.42
2023-12-04,SYN_POOL_A12,12.49,12.55,12.38,12.44
2023-12-05,SYN_POOL_A12,12.51,12.57,12.4,12.45
2023-12-07,SYN_POOL_A12,12.38,12.53,12.34,12.47
2023-12-08,SYN_POOL_A12,12.41,12.46,12.2,12.24
2023-12-11,SYN_POOL_A12,12.18,12.29,12.15,12.25
2023-12-12,SYN_POOL_A12,12.2,12.3,12.17,12.27
2023-12-13,SYN_POOL_A12,12.22,12.31,12.19,12.28
2023-12-14,SYN_POOL_A12,12.24,12.32,12.21,12.29
2023-12-15,SYN_POOL_A12,12.25,12.33,12.24,12.3
2023-12-18,SYN_POOL_A12,12.27,12.34,12.26,12.32
2023-12-19,SYN_POOL_A12,12.29,12.34,12.28,12.33
2023-12-20,SYN_POOL_A12,12.31,12.35,12.3,12.34
2023-12-21,SYN_POOL_A12,12.33,12.36,12.32,12.35
2023-12-22,SYN_POOL_A12,12.34,12.37,12.34,12.37
2023-12-25,SYN_POOL_A12,12.36,12.38,12.35,12.38
2023-12-26,SYN_POOL_A12,12.38,12.4,12.37,12.39
2023-12-27,SYN_POOL_A12,12.4,12.41,12.38,12.4
2023-12-28,SYN_POOL_A12,12.41,12.43,12.39,12.42
2023-12-29,SYN_POOL_A12,12.43,12.45,12.4,12.43
2024-01-01,SYN_POOL_A12,12.45,12.47,12.41,12.44
2024-01-02,SYN_POOL_A12,12.47,12.5,12.42,12.45
2024-01-03,SYN_POOL_A12,12.49,12.52,12.43,12.47
2024-01-04,SYN_POOL_A12,12.5,12.54,12.44,12.48
2024-01-05,SYN_POOL_A12,12.52,12.56,12.44,12.49
2024-01-08,SYN_POOL_A12,12.54,12.59,12.45,12.5
2024-01-09,SYN_POOL_A12,12.56,12.61,12.46,12.52
2024-01-10,SYN_POOL_A12,12.58,12.63,12.47,12.53
2024-01-11,SYN_POOL_A12,12.59,12.65,12.48,12.54
2024-01-12,SYN_POOL_A12,12.61,12.67,12.5,12.56
2024-01-15,SYN_POOL_A12,12.63,12.69,12.52,12.57
2024-01-16,SYN_POOL_A12,12.5,12.63,12.45,12.58
2024-01-17,SYN_POOL_A12,12.52,12.56,12.3,12.34
2024-01-18,SYN_POOL_A12,12.29,12.4,12.25,12.36
2024-01-19,SYN_POOL_A12,12.3,12.41,12.27,12.37
2024-01-22,SYN_POOL_A12,12.32,12.42,12.29,12.38
2024-01-23,SYN_POOL_A12,12.34,12.42,12.32,12.4
2024-01-24,SYN_POOL_A12,12.36,12.43,12.34,12.41
2024-01-25,SYN_POOL_A12,12.38,12.44,12.36,12.42
2024-01-26,SYN_POOL_A12,12.39,12.45,12.38,12.43
2024-01-29,SYN_POOL_A12,12.41,12.46,12.41,12.45
2024-01-30,SYN_POOL_A12,12.43,12.47,12.43,12.46
2024-01-31,SYN_POOL_A12,12.45,12.47,12.44,12.47
2024-02-01,SYN_POOL_A12,12.47,12.48,12.46,12.48
2024-02-02,SYN_POOL_A12,12.48,12.5,12.47,12.5
2024-02-05,SYN_POOL_A12,12.5,12.52,12.49,12.51
2024-02-06,SYN_POOL_A12,12.52,12.54,12.5,12.52
2024-02-07,SYN_POOL_A12,12.54,12.56,12.51,12.53
2024-02-08,SYN_POOL_A12,12.56,12.58,12.52,12.55
2024-02-09,SYN_POOL_A12,12.57,12.6,12.53,12.56
2024-02-12,SYN_POOL_A12,12.59,12.62,12.53,12.57
2024-02-13,SYN_POOL_A12,12.61,12.65,12.54,12.59
2024-02-14,SYN_POOL_A12,12.63,12.67,12.55,12.6
2024-02-15,SYN_POOL_A12,12.65,12.69,12.56,12.61
2024-02-16,SYN_POOL_A12,12.66,12.71,12.57,12.62
2024-02-19,SYN_POOL_A12,12.68,12.74,12.58,12.64
2024-02-20,SYN_POOL_A12,12.7,12.76,12.59,12.65
2024-02-21,SYN_POOL_A12,12.72,12.78,12.61,12.66
2024-02-22,SYN_POOL_A12,12.74,12.8,12.62,12.67
2024-02-23,SYN_POOL_A12,12.6,12.74,12.56,12.69
2024-02-26,SYN_POOL_A12,12.62,12.67,12.41,12.45
2024-02-27,SYN_POOL_A12,12.39,12.51,12.35,12.46
2024-02-28,SYN_POOL_A12,12.41,12.51,12.37,12.47
2024-02-29,SYN_POOL_A12,12.42,12.52,12.4,12.49
2024-03-01,SYN_POOL_A12,12.44,12.53,12.42,12.5
2024-03-04,SYN_POOL_A12,12.46,12.54,12.44,12.51
2024-03-05,SYN_POOL_A12,12.48,12.55,12.46,12.53
2024-03-06,SYN_POOL_A12,12.5,12.56,12.49,12.54
2024-03-07,SYN_POOL_A12,12.51,12.56,12.51,12.55
2024-03-08,SYN_POOL_A12,12.53,12.57,12.53,12.56
2024-03-11,SYN_POOL_A12,12.55,12.58,12.55,12.58
2024-03-12,SYN_POOL_A12,12.57,12.59,12.56,12.59
2024-03-14,SYN_POOL_A12,12.59,12.62,12.58,12.61
2024-03-15,SYN_POOL_A12,12.62,12.64,12.6,12.63
2024-03-18,SYN_POOL_A12,12.64,12.66,12.62,12.64
2024-03-19,SYN_POOL_A12,12.66,12.68,12.62,12.65
2024-03-20,SYN_POOL_A12,12.68,12.71,12.63,12.67
2024-03-21,SYN_POOL_A12,12.7,12.73,12.64,12.68
2024-03-22,SYN_POOL_A12,12.71,12.75,12.65,12.69
2024-03-25,SYN_POOL_A12,12.73,12.77,12.66,12.7
2024-03-26,SYN_POOL_A12,12.75,12.8,12.67,12.72
2024-03-27,SYN_POOL_A12,12.77,12.82,12.67,12.73
2024-03-28,SYN_POOL_A12,12.79,12.84,12.68,12.74
2024-03-29,SYN_POOL_A12,12.81,12.86,12.69,12.76
2024-04-01,SYN_POOL_A12,12.82,12.89,12.71,12.77
2024-04-02,SYN_POOL_A12,12.84,12.9,12.73,12.78
2024-04-03,SYN_POOL_A12,12.71,12.85,12.66,12.79
2024-04-04,SYN_POOL_A12,12.73,12.78,12.51,12.55
2024-04-05,SYN_POOL_A12,12.49,12.61,12.45,12.57
2024-04-08,SYN_POOL_A12,12.51,12.62,12.47,12.58
2024-04-09,SYN_POOL_A12,12.53,12.63,12.5,12.59
2024-04-10,SYN_POOL_A12,12.55,12.64,12.52,12.6
2024-04-11,SYN_POOL_A12,12.56,12.64,12.54,12.62
2024-04-12,SYN_POOL_A12,12.58,12.65,12.57,12.63
2024-04-15,SYN_POOL_A12,12.6,12.66,12.59,12.64
2024-04-16,SYN_POOL_A12,12.62,12.67,12.61,12.66
2024-04-17,SYN_POOL_A12,12.64,12.68,12.63,12.67
2024-04-18,SYN_POOL_A12,12.65,12.69,12.65,12.68
2024-04-19,SYN_POOL_A12,12.67,12.69,12.67,12.69
2024-04-22,SYN_POOL_A12,12.69,12.71,12.68,12.71
2024-04-23,SYN_POOL_A12,12.71,12.73,12.7,12.72
2024-04-24,SYN_POOL_A12,12.73,12.75,12.71,12.73
2024-04-25,SYN_POOL_A12,12.75,12.76,12.72,12.75
2024-04-26,SYN_POOL_A12,12.76,12.79,12.73,12.76
2024-04-29,SYN_POOL_A12,12.78,12.81,12.74,12.77
2024-04-30,SYN_POOL_A12,12.8,12.83,12.75,12.78
2024-05-01,SYN_POOL_A12,12.82,12.85,12.76,12.8
2024-05-02,SYN_POOL_A12,12.84,12.88,12.76,12.81
2024-05-03,SYN_POOL_A12,12.86,12.9,12.77,12.82
2024-05-06,SYN_POOL_A12,12.87,12.92,12.78,12.84
2024-05-07,SYN_POOL_A12,12.89,12.95,12.79,12.85
2024-05-08,SYN_POOL_A12,12.91,12.97,12.8,12.86
2024-05-09,SYN_POOL_A12,12.93,12.99,12.81,12.87
2024-05-10,SYN_POOL_A12,12.95,13.01,12.83,12.89
2024-05-13,SYN_POOL_A12,12.81,12.96,12.76,12.9
2024-05-14,SYN_POOL_A12,12.83,12.97,12.78,12.91
2024-05-15,SYN_POOL_A12,12.85,12.9,12.63,12.67
2024-05-16,SYN_POOL_A12,12.61,12.73,12.58,12.68
2024-05-17,SYN_POOL_A12,12.63,12.73,12.6,12.7
2024-05-20,SYN_POOL_A12,12.65,12.74,12.62,12.71
2024-05-21,SYN_POOL_A12,12.67,12.75,12.64,12.72
2024-05-22,SYN_POOL_A12,12.69,12.76,12.67,12.73
2024-05-23,SYN_POOL_A12,12.7,12.77,12.69,12.75
2024-05-24,SYN_POOL_A12,12.72,12.78,12.71,12.76
2024-05-27,SYN_POOL_A12,12.74,12.78,12.74,12.77
2024-05-28,SYN_POOL_A12,12.76,12.79,12.76,12.79
2024-05-29,SYN_POOL_A12,12.78,12.8,12.77,12.8
2024-05-30,SYN_POOL_A12,12.8,12.81,12.79,12.81
2024-05-31,SYN_POOL_A12,12.81,12.83,12.8,12.83
2024-06-03,SYN_POOL_A12,12.83,12.85,12.81,12.84
2024-06-04,SYN_POOL_A12,12.85,12.87,12.83,12.85
2024-06-05,SYN_POOL_A12,12.87,12.89,12.84,12.86
2024-06-06,SYN_POOL_A12,12.89,12.91,12.84,12.88
2024-06-07,SYN_POOL_A12,12.91,12.94,12.85,12.89
2024-06-10,SYN_POOL_A12,12.92,12.96,12.86,12.9
2024-06-11,SYN_POOL_A12,12.94,12.98,12.87,12.92
2024-06-12,SYN_POOL_A12,12.96,13.01,12.88,12.93
2024-06-13,SYN_POOL_A12,12.98,13.03,12.89,12.94
2024-06-14,SYN_POOL_A12,13.0,13.05,12.9,12.95
2024-06-17,SYN_POOL_A12,13.02,13.07,12.9,12.97
2024-06-18,SYN_POOL_A12,13.04,13.1,12.92,12.98
2024-06-19,SYN_POOL_A12,13.05,13.12,12.94,12.99
2024-06-20,SYN_POOL_A12,12.92,13.06,12.86,13.01
2024-06-21,SYN_POOL_A12,12.93,13.07,12.89,13.02
2024-06-24,SYN_POOL_A12,12.95,13.0,12.73,12.77
2024-06-25,SYN_POOL_A12,12.72,12.83,12.68,12.79
2024-06-26,SYN_POOL_A12,12.73,12.84,12.7,12.8
2024-06-27,SYN_POOL_A12,12.75,12.85,12.72,12.81
2024-06-28,SYN_POOL_A12,12.77,12.86,12.75,12.83
2024-07-01,SYN_POOL_A12,12.79,12.86,12.77,12.84
2024-07-03,SYN_POOL_A12,12.81,12.88,12.8,12.87
2024-07-04,SYN_POOL_A12,12.84,12.89,12.84,12.88
2024-07-05,SYN_POOL_A12,12.86,12.9,12.86,12.89
2024-07-08,SYN_POOL_A12,12.88,12.91,12.88,12.9
2024-07-09,SYN_POOL_A12,12.9,12.92,12.89,12.92
2024-07-10,SYN_POOL_A12,12.92,12.94,12.9,12.93
2024-07-11,SYN_POOL_A12,12.94,12.95,12.92,12.94
2024-07-12,SYN_POOL_A12,12.95,12.97,12.93,12.96
2024-07-15,SYN_POOL_A12,12.97,12.99,12.94,12.97
2024-07-16,SYN_POOL_A12,12.99,13.02,12.95,12.98
2024-07-17,SYN_POOL_A12,13.01,13.04,12.96,13.0
2024-07-18,SYN_POOL_A12,13.03,13.06,12.97,13.01
2024-07-19,SYN_POOL_A12,13.05,13.09,12.98,13.02
2024-07-22,SYN_POOL_A12,13.07,13.11,12.98,13.03
2024-07-23,SYN_POOL_A12,13.08,13.13,12.99,13.05
2024-07-24,SYN_POOL_A12,13.1,13.16,13.0,13.06
2024-07-25,SYN_POOL_A12,13.12,13.18,13.01,13.07
2024-07-26,SYN_POOL_A12,13.14,13.2,13.02,13.09
2024-07-29,SYN_POOL_A12,13.16,13.22,13.04,13.1
2024-07-30,SYN_POOL_A12,13.18,13.24,13.06,13.11
2024-07-31,SYN_POOL_A12,13.04,13.18,12.99,13.13
2024-08-01,SYN_POOL_A12,13.06,13.11,12.84,12.88
2024-08-02,SYN_POOL_A12,12.82,12.94,12.78,12.89
2024-08-05,SYN_POOL_A12,12.84,12.95,12.8,12.91
2024-08-06,SYN_POOL_A12,12.85,12.95,12.83,12.92
2024-08-07,SYN_POOL_A12,12.87,12.96,12.85,12.93
2024-08-08,SYN_POOL_A12,12.89,12.97,12.87,12.94
2024-08-09,SYN_POOL_A12,12.91,12.98,12.89,12.96
2024-08-12,SYN_POOL_A12,12.93,12.99,12.92,12.97
2024-08-13,SYN_POOL_A12,12.95,13.0,12.94,12.98
2024-08-14,SYN_POOL_A12,12.97,13.0,12.96,13.0
2024-08-15,SYN_POOL_A12,12.98,13.01,12.98,13.01
2024-08-16,SYN_POOL_A12,13.0,13.02,13.0,13.02
2024-08-19,SYN_POOL_A12,13.02,13.04,13.01,13.04
2024-08-20,SYN_POOL_A12,13.04,13.06,13.02,13.05
2024-08-21,SYN_POOL_A12,13.06,13.08,13.04,13.06
2024-08-22,SYN_POOL_A12,13.08,13.1,13.05,13.07
2024-08-23,SYN_POOL_A12,13.1,13.12,13.06,13.09
2024-08-26,SYN_POOL_A12,13.11,13.14,13.07,13.1
2024-08-27,SYN_POOL_A12,13.13,13.17,13.07,13.11
2024-08-28,SYN_POOL_A12,13.15,13.19,13.08,13.13
2024-08-29,SYN_POOL_A12,13.17,13.21,13.09,13.14
2024-08-30,SYN_POOL_A12,13.19,13.24,13.1,13.15
2024-09-02,SYN_POOL_A12,13.21,13.26,13.11,13.17
2024-09-03,SYN_POOL_A12,13.23,13.28,13.12,13.18
2024-09-04,SYN_POOL_A12,13.25,13.31,13.13,13.19
2024-09-05,SYN_POOL_A12,13.26,13.33,13.15,13.21
2024-09-06,SYN_POOL_A12,13.28,13.34,13.16,13.22
2024-09-09,SYN_POOL_A12,13.14,13.29,13.09,13.23
2024-09-10,SYN_POOL_A12,13.16,13.21,12.94,12.98
2024-09-11,SYN_POOL_A12,12.92,13.04,12.88,13.0
2024-09-12,SYN_POOL_A12,12.94,13.05,12.9,13.01
2024-09-13,SYN_POOL_A12,12.96,13.06,12.93,13.02
2024-09-16,SYN_POOL_A12,12.98,13.07,12.95,13.04
2024-09-17,SYN_POOL_A12,12.99,13.08,12.97,13.05
2024-09-18,SYN_POOL_A12,13.01,13.09,13.0,13.06
2024-09-19,SYN_POOL_A12,13.03,13.09,13.02,13.08
2024-09-20,SYN_POOL_A12,13.05,13.1,13.04,13.09
2024-09-23,SYN_POOL_A12,13.07,13.11,13.07,13.1
2024-09-24,SYN_POOL_A12,13.09,13.12,13.09,13.11
2024-09-25,SYN_POOL_A12,13.11,13.13,13.1,13.13
2024-09-26,SYN_POOL_A12,13.13,13.15,13.11,13.14
2024-09-27,SYN_POOL_A12,13.14,13.16,13.13,13.15
2024-09-30,SYN_POOL_A12,13.16,13.18,13.14,13.17
2024-10-01,SYN_POOL_A12,13.18,13.2,13.16,13.18
2024-10-02,SYN_POOL_A12,13.2,13.22,13.16,13.19
2024-10-03,SYN_POOL_A12,13.22,13.25,13.17,13.21
2024-10-04,SYN_POOL_A12,13.24,13.27,13.18,13.22
2024-10-07,SYN_POOL_A12,13.26,13.29,13.19,13.23
2024-10-08,SYN_POOL_A12,13.28,13.32,13.2,13.25
2024-10-09,SYN_POOL_A12,13.29,13.34,13.21,13.26
2024-10-10,SYN_POOL_A12,13.31,13.37,13.21,13.27
2024-10-11,SYN_POOL_A12,13.33,13.39,13.22,13.29
2024-10-14,SYN_POOL_A12,13.35,13.41,13.23,13.3
2024-10-15,SYN_POOL_A12,13.37,13.44,13.25,13.31
2024-10-16,SYN_POOL_A12,13.39,13.45,13.27,13.33
2024-10-17,SYN_POOL_A12,13.25,13.4,13.2,13.34
2024-10-18,SYN_POOL_A12,13.27,13.32,13.04,13.09
2024-10-21,SYN_POOL_A12,13.02,13.15,12.98,13.1
2024-10-22,SYN_POOL_A12,13.04,13.16,13.01,13.11
2024-10-23,SYN_POOL_A12,13.06,13.17,13.03,13.13
2024-10-24,SYN_POOL_A12,13.08,13.17,13.05,13.14
2024-10-25,SYN_POOL_A12,13.1,13.18,13.08,13.15
2024-10-28,SYN_POOL_A12,13.12,13.19,13.1,13.17
2024-10-29,SYN_POOL_A12,13.14,13.2,13.12,13.18
2024-10-30,SYN_POOL_A12,13.15,13.21,13.15,13.19
2024-10-31,SYN_POOL_A12,13.17,13.22,13.17,13.21
2024-11-01,SYN_POOL_A12,13.19,13.23,13.19,13.22
2024-11-04,SYN_POOL_A12,13.21,13.23,13.21,13.23
2024-11-05,SYN_POOL_A12,13.23,13.25,13.22,13.25
2024-11-06,SYN_POOL_A12,13.25,13.27,13.23,13.26
2024-11-07,SYN_POOL_A12,13.27,13.29,13.25,13.27
2024-11-08,SYN_POOL_A12,13.29,13.3,13.26,13.29
2024-11-11,SYN_POOL_A12,13.3,13.33,13.27,13.3
2024-11-12,SYN_POOL_A12,13.32,13.35,13.28,13.31
2024-11-13,SYN_POOL_A12,13.34,13.37,13.29,13.33
2024-11-14,SYN_POOL_A12,13.36,13.4,13.3,13.34
2024-11-15,SYN_POOL_A12,13.38,13.42,13.3,13.35
2024-11-18,SYN_POOL_A12,13.4,13.45,13.31,13.37
2024-11-20,SYN_POOL_A12,13.42,13.48,13.33,13.39
2024-11-21,SYN_POOL_A12,13.46,13.52,13.34,13.41
2024-11-22,SYN_POOL_A12,13.48,13.54,13.36,13.42
2024-11-25,SYN_POOL_A12,13.49,13.56,13.37,13.43
2024-11-26,SYN_POOL_A12,13.35,13.5,13.3,13.44
2024-11-27,SYN_POOL_A12,13.37,13.51,13.32,13.46
2024-11-28,SYN_POOL_A12,13.39,13.44,13.16,13.2
2024-11-29,SYN_POOL_A12,13.14,13.26,13.11,13.22
2024-12-02,SYN_POOL_A12,13.16,13.27,13.13,13.23
2024-12-03,SYN_POOL_A12,13.18,13.28,13.15,13.24
2024-12-04,SYN_POOL_A12,13.2,13.29,13.18,13.26
2024-12-05,SYN_POOL_A12,13.22,13.3,13.2,13.27
2024-12-06,SYN_POOL_A12,13.24,13.31,13.22,13.28
2024-12-09,SYN_POOL_A12,13.26,13.31,13.25,13.3
2024-12-10,SYN_POOL_A12,13.28,13.32,13.27,13.31
2024-12-11,SYN_POOL_A12,13.3,13.33,13.29,13.32
2024-12-12,SYN_POOL_A12,13.31,13.34,13.31,13.34
2024-12-13,SYN_POOL_A12,13.33,13.35,13.32,13.35
2024-12-16,SYN_POOL_A12,13.35,13.37,13.34,13.36
2024-12-17,SYN_POOL_A12,13.37,13.39,13.35,13.38
2024-12-18,SYN_POOL_A12,13.39,13.41,13.37,13.39
2024-12-19,SYN_POOL_A12,13.41,13.43,13.38,13.4
2024-12-20,SYN_POOL_A12,13.43,13.45,13.38,13.42
2024-12-23,SYN_POOL_A12,13.45,13.48,13.39,13.43
2024-12-24,SYN_POOL_A12,13.47,13.5,13.4,13.44
2024-12-25,SYN_POOL_A12,13.49,13.53,13.41,13.46
2024-12-26,SYN_POOL_A12,13.5,13.55,13.42,13.47
2024-12-27,SYN_POOL_A12,13.52,13.57,13.43,13.48
2024-12-30,SYN_POOL_A12,13.54,13.6,13.44,13.5
2024-12-31,SYN_POOL_A12,13.56,13.62,13.44,13.51
2025-01-01,SYN_POOL_A12,13.58,13.65,13.46,13.52
2025-01-02,SYN_POOL_A12,13.6,13.67,13.48,13.54
2025-01-03,SYN_POOL_A12,13.46,13.61,13.4,13.55
2025-01-06,SYN_POOL_A12,13.48,13.62,13.43,13.56
2025-01-07,SYN_POOL_A12,13.5,13.55,13.27,13.31
2025-01-08,SYN_POOL_A12,13.25,13.37,13.21,13.32
2025-01-09,SYN_POOL_A12,13.27,13.38,13.23,13.34
2025-01-10,SYN_POOL_A12,13.28,13.39,13.26,13.35
2025-01-13,SYN_POOL_A12,13.3,13.39,13.28,13.36
2025-01-14,SYN_POOL_A12,13.32,13.4,13.3,13.38
2025-01-15,SYN_POOL_A12,13.34,13.41,13.33,13.39
2025-01-16,SYN_POOL_A12,13.36,13.42,13.35,13.4
2025-01-17,SYN_POOL_A12,13.38,13.43,13.37,13.42
2025-01-20,SYN_POOL_A12,13.4,13.44,13.4,13.43
2025-01-21,SYN_POOL_A12,13.42,13.45,13.41,13.44
2025-01-22,SYN_POOL_A12,13.44,13.46,13.43,13.46
2025-01-23,SYN_POOL_A12,13.46,13.48,13.44,13.47
2025-01-24,SYN_POOL_A12,13.48,13.49,13.46,13.48
2025-01-27,SYN_POOL_A12,13.49,13.51,13.47,13.5
2025-01-28,SYN_POOL_A12,13.51,13.53,13.48,13.51
2025-01-29,SYN_POOL_A12,13.53,13.56,13.49,13.52
2025-01-30,SYN_POOL_A12,13.55,13.58,13.5,13.54
2025-01-31,SYN_POOL_A12,13.57,13.61,13.51,13.55
2025-02-03,SYN_POOL_A12,13.59,13.63,13.52,13.56
2025-02-04,SYN_POOL_A12,13.61,13.65,13.53,13.58
2025-02-05,SYN_POOL_A12,13.63,13.68,13.53,13.59
2025-02-06,SYN_POOL_A12,13.65,13.7,13.54,13.6
2025-02-07,SYN_POOL_A12,13.67,13.73,13.55,13.62
2025-02-10,SYN_POOL_A12,13.69,13.75,13.57,13.63
2025-02-11,SYN_POOL_A12,13.71,13.77,13.58,13.64
2025-02-12,SYN_POOL_A12,13.73,13.79,13.6,13.66
2025-02-13,SYN_POOL_A12,13.58,13.73,13.53,13.67
2025-02-14,SYN_POOL_A12,13.6,13.65,13.37,13.41
2025-02-17,SYN_POOL_A12,13.35,13.47,13.31,13.43
2025-02-18,SYN_POOL_A12,13.37,13.48,13.33,13.44
2025-02-19,SYN_POOL_A12,13.39,13.49,13.36,13.45
2025-02-20,SYN_POOL_A12,13.41,13.5,13.38,13.47
2025-02-21,SYN_POOL_A12,13.43,13.51,13.4,13.48
2025-02-24,SYN_POOL_A12,13.44,13.52,13.43,13.49
2025-02-25,SYN_POOL_A12,13.46,13.53,13.45,13.51
2025-02-26,SYN_POOL_A12,13.48,13.53,13.48,13.52
2025-02-27,SYN_POOL_A12,13.5,13.54,13.5,13.53
2025-02-28,SYN_POOL_A12,13.52,13.55,13.52,13.55
2025-03-03,SYN_POOL_A12,13.54,13.56,13.53,13.56
2025-03-04,SYN_POOL_A12,13.56,13.58,13.55,13.57
2025-03-05,SYN_POOL_A12,13.58,13.6,13.56,13.59
2025-03-06,SYN_POOL_A12,13.6,13.62,13.58,13.6
2025-03-07,SYN_POOL_A12,13.62,13.64,13.59,13.62
2025-03-10,SYN_POOL_A12,13.64,13.66,13.6,13.63
2025-03-11,SYN_POOL_A12,13.66,13.69,13.61,13.64
2025-03-12,SYN_POOL_A12,13.68,13.71,13.61,13.66
2025-03-13,SYN_POOL_A12,13.69,13.73,13.62,13.67
2025-03-14,SYN_POOL_A12,13.71,13.76,13.63,13.68
2025-03-17,SYN_POOL_A12,13.73,13.78,13.64,13.7
2025-03-18,SYN_POOL_A12,13.75,13.81,13.65,13.71
2025-03-19,SYN_POOL_A12,13.77,13.83,13.66,13.72
2025-03-20,SYN_POOL_A12,13.79,13.86,13.67,13.74
2025-03-21,SYN_POOL_A12,13.81,13.88,13.69,13.75
2025-03-24,SYN_POOL_A12,13.83,13.89,13.71,13.76
2025-03-25,SYN_POOL_A12,13.68,13.84,13.63,13.78
2025-03-26,SYN_POOL_A12,13.7,13.76,13.47,13.52
2025-03-27,SYN_POOL_A12,13.45,13.58,13.41,13.53
2025-03-28,SYN_POOL_A12,13.47,13.59,13.43,13.54
2025-03-31,SYN_POOL_A12,13.49,13.6,13.46,13.56
2025-04-01,SYN_POOL_A12,13.51,13.61,13.48,13.57
2025-04-02,SYN_POOL_A12,13.53,13.61,13.51,13.59
2025-04-03,SYN_POOL_A12,13.55,13.62,13.53,13.6
2025-04-04,SYN_POOL_A12,13.57,13.63,13.55,13.61
2025-04-07,SYN_POOL_A12,13.59,13.64,13.58,13.63
2025-04-08,SYN_POOL_A12,13.61,13.65,13.6,13.64
2025-04-09,SYN_POOL_A12,13.62,13.66,13.62,13.65
2025-04-10,SYN_POOL_A12,13.64,13.67,13.64,13.67
2025-04-11,SYN_POOL_A12,13.66,13.68,13.65,13.68
2025-04-14,SYN_POOL_A12,13.68,13.7,13.67,13.69
2025-04-15,SYN_POOL_A12,13.7,13.72,13.68,13.71
2025-04-16,SYN_POOL_A12,13.72,13.74,13.69,13.72
2025-04-17,SYN_POOL_A12,13.74,13.77,13.7,13.73
2025-04-18,SYN_POOL_A12,13.76,13.79,13.71,13.75
2025-04-21,SYN_POOL_A12,13.78,13.81,13.72,13.76
2025-04-23,SYN_POOL_A12,13.81,13.85,13.74,13.79
2025-04-24,SYN_POOL_A12,13.84,13.89,13.75,13.8
2025-04-25,SYN_POOL_A12,13.86,13.91,13.76,13.82
2025-04-28,SYN_POOL_A12,13.88,13.94,13.76,13.83
2025-04-29,SYN_POOL_A12,13.9,13.96,13.77,13.84
2025-04-30,SYN_POOL_A12,13.92,13.99,13.79,13.86
2025-05-01,SYN_POOL_A12,13.94,14.0,13.81,13.87
2025-05-02,SYN_POOL_A12,13.79,13.94,13.74,13.88
2025-05-05,SYN_POOL_A12,13.81,13.86,13.57,13.62
2025-05-06,SYN_POOL_A12,13.55,13.69,13.51,13.64
2025-05-07,SYN_POOL_A12,13.57,13.69,13.54,13.65
2025-05-08,SYN_POOL_A12,13.59,13.7,13.56,13.66
2025-05-09,SYN_POOL_A12,13.61,13.71,13.58,13.68
2025-05-12,SYN_POOL_A12,13.63,13.72,13.61,13.69
2025-05-13,SYN_POOL_A12,13.65,13.73,13.63,13.7
2025-05-14,SYN_POOL_A12,13.67,13.74,13.66,13.72
2025-05-15,SYN_POOL_A12,13.69,13.75,13.68,13.73
2025-05-16,SYN_POOL_A12,13.71,13.76,13.7,13.74
2025-05-19,SYN_POOL_A12,13.73,13.76,13.73,13.76
2025-05-20,SYN_POOL_A12,13.75,13.77,13.74,13.77
2025-05-21,SYN_POOL_A12,13.77,13.79,13.76,13.78
2025-05-22,SYN_POOL_A12,13.79,13.81,13.77,13.8
2025-05-23,SYN_POOL_A12,13.81,13.83,13.79,13.81
2025-05-26,SYN_POOL_A12,13.83,13.84,13.8,13.83
2025-05-27,SYN_POOL_A12,13.85,13.87,13.81,13.84
2025-05-28,SYN_POOL_A12,13.86,13.89,13.82,13.85
2025-05-29,SYN_POOL_A12,13.88,13.92,13.83,13.87
2025-05-30,SYN_POOL_A12,13.9,13.94,13.84,13.88
2025-06-02,SYN_POOL_A12,13.92,13.97,13.84,13.89
2025-06-03,SYN_POOL_A12,13.94,13.99,13.85,13.91
2025-06-04,SYN_POOL_A12,13.96,14.02,13.86,13.92
2025-06-05,SYN_POOL_A12,13.98,14.04,13.87,13.93
2025-06-06,SYN_POOL_A12,14.0,14.07,13.88,13.95
2025-06-09,SYN_POOL_A12,14.02,14.09,13.9,13.96
2025-06-10,SYN_POOL_A12,14.04,14.11,13.92,13.98
2025-06-11,SYN_POOL_A12,13.89,14.05,13.84,13.99
2025-06-12,SYN_POOL_A12,13.91,14.06,13.86,14.0
2025-06-13,SYN_POOL_A12,13.93,13.98,13.7,13.74
2025-06-16,SYN_POOL_A12,13.68,13.8,13.64,13.75
2025-06-17,SYN_POOL_A12,13.7,13.81,13.66,13.77
2025-06-18,SYN_POOL_A12,13.71,13.82,13.69,13.78
2025-06-19,SYN_POOL_A12,13.73,13.83,13.71,13.79
2025-06-20,SYN_POOL_A12,13.75,13.83,13.73,13.81
2025-06-23,SYN_POOL_A12,13.77,13.84,13.76,13.82
2025-06-24,SYN_POOL_A12,13.79,13.85,13.78,13.84
2025-06-25,SYN_POOL_A12,13.81,13.86,13.81,13.85
2025-06-26,SYN_POOL_A12,13.83,13.87,13.83,13.86
2025-06-27,SYN_POOL_A12,13.85,13.88,13.85,13.88
2025-06-30,SYN_POOL_A12,13.87,13.89,13.86,13.89
2025-07-01,SYN_POOL_A12,13.89,13.91,13.88,13.9
2025-07-02,SYN_POOL_A12,13.91,13.93,13.89,13.92
2025-07-03,SYN_POOL_A12,13.93,13.95,13.91,13.93
2025-07-04,SYN_POOL_A12,13.95,13.97,13.92,13.94
2025-07-07,SYN_POOL_A12,13.97,14.0,13.92,13.96
2025-07-08,SYN_POOL_A12,13.99,14.02,13.93,13.97
2025-07-09,SYN_POOL_A12,14.01,14.05,13.94,13.99
2025-07-10,SYN_POOL_A12,14.03,14.07,13.95,14.0
2025-07-11,SYN_POOL_A12,14.05,14.1,13.96,14.01
2025-07-14,SYN_POOL_A12,14.07,14.12,13.97,14.03
2025-07-15,SYN_POOL_A12,14.09,14.14,13.98,14.04
2025-07-16,SYN_POOL_A12,14.11,14.17,13.99,14.05
2025-07-17,SYN_POOL_A12,14.13,14.19,14.0,14.07
2025-07-18,SYN_POOL_A12,14.15,14.22,14.02,14.08
2025-07-21,SYN_POOL_A12,14.0,14.16,13.94,14.1
2025-07-22,SYN_POOL_A12,14.02,14.17,13.97,14.11
2025-07-23,SYN_POOL_A12,14.04,14.09,13.8,13.84
2025-07-24,SYN_POOL_A12,13.78,13.91,13.74,13.86
2025-07-25,SYN_POOL_A12,13.8,13.91,13.76,13.87
2025-07-28,SYN_POOL_A12,13.82,13.92,13.79,13.88
2025-07-29,SYN_POOL_A12,13.84,13.93,13.81,13.9
2025-07-30,SYN_POOL_A12,13.86,13.94,13.84,13.91
2025-07-31,SYN_POOL_A12,13.88,13.95,13.86,13.93
2022-08-01,SYN_POOL_A13,25.16,25.28,25.02,25.16
2022-08-02,SYN_POOL_A13,25.3,25.44,24.98,25.13
2022-08-03,SYN_POOL_A13,25.29,25.44,24.94,25.11
2022-08-04,SYN_POOL_A13,25.28,25.44,24.9,25.08
2022-08-05,SYN_POOL_A13,25.27,25.45,24.86,25.05
2022-08-08,SYN_POOL_A13,25.26,25.45,24.83,25.02
2022-08-09,SYN_POOL_A13,25.25,25.44,24.82,25.0
2022-08-10,SYN_POOL_A13,25.24,25.42,24.81,24.97
2022-08-11,SYN_POOL_A13,24.74,25.11,24.6,24.94
2022-08-12,SYN_POOL_A13,24.73,24.88,24.0,24.13
2022-08-15,SYN_POOL_A13,23.94,24.23,23.83,24.1
2022-08-16,SYN_POOL_A13,23.93,24.19,23.83,24.07
2022-08-17,SYN_POOL_A13,23.92,24.15,23.84,24.05
2022-08-18,SYN_POOL_A13,23.91,24.11,23.84,24.02
2022-08-19,SYN_POOL_A13,23.9,24.07,23.84,23.99
2022-08-22,SYN_POOL_A13,23.89,24.03,23.85,23.96
2022-08-23,SYN_POOL_A13,23.88,23.99,23.85,23.94
2022-08-24,SYN_POOL_A13,23.87,23.95,23.85,23.91
2022-08-25,SYN_POOL_A13,23.86,23.91,23.85,23.88
2022-08-26,SYN_POOL_A13,23.85,23.86,23.84,23.85
2022-08-29,SYN_POOL_A13,23.84,23.84,23.8,23.83
2022-08-30,SYN_POOL_A13,23.82,23.84,23.76,23.8
2022-08-31,SYN_POOL_A13,23.81,23.84,23.72,23.77
2022-09-01,SYN_POOL_A13,23.8,23.84,23.68,23.74
2022-09-02,SYN_POOL_A13,23.79,23.84,23.64,23.71
2022-09-05,SYN_POOL_A13,23.77,23.84,23.59,23.68
2022-09-06,SYN_POOL_A13,23.76,23.85,23.55,23.65
2022-09-07,SYN_POOL_A13,23.75,23.85,23.51,23.63
2022-09-08,SYN_POOL_A13,23.74,23.85,23.47,23.6
2022-09-09,SYN_POOL_A13,23.72,23.85,23.43,23.57
2022-09-12,SYN_POOL_A13,23.71,23.85,23.38,23.54
2022-09-13,SYN_POOL_A13,23.7,23.85,23.34,23.51
2022-09-14,SYN_POOL_A13,23.68,23.85,23.3,23.48
2022-09-15,SYN_POOL_A13,23.67,23.85,23.27,23.45
2022-09-16,SYN_POOL_A13,23.66,23.84,23.25,23.42
2022-09-19,SYN_POOL_A13,23.64,23.81,23.24,23.39
2022-09-20,SYN_POOL_A13,23.18,23.52,23.04,23.36
2022-09-21,SYN_POOL_A13,23.16,23.31,22.47,22.6
2022-09-22,SYN_POOL_A13,22.42,22.69,22.31,22.57
2022-09-23,SYN_POOL_A13,22.41,22.65,22.31,22.54
2022-09-26,SYN_POOL_A13,22.39,22.61,22.31,22.51
2022-09-27,SYN_POOL_A13,22.38,22.57,22.31,22.48
2022-09-28,SYN_POOL_A13,22.37,22.53,22.31,22.45
2022-09-29,SYN_POOL_A13,22.35,22.49,22.31,22.42
2022-09-30,SYN_POOL_A13,22.34,22.44,22.31,22.39
2022-10-03,SYN_POOL_A13,22.33,22.4,22.31,22.36
2022-10-04,SYN_POOL_A13,22.31,22.36,22.31,22.33
2022-10-05,SYN_POOL_A13,22.3,22.32,22.29,22.3
2022-10-06,SYN_POOL_A13,22.28,22.28,22.26,22.27
2022-10-07,SYN_POOL_A13,22.27,22.28,22.21,22.24
2022-10-10,SYN_POOL_A13,22.25,22.28,22.17,22.21
2022-10-11,SYN_POOL_A13,22.24,22.28,22.13,22.18
2022-10-12,SYN_POOL_A13,22.22,22.28,22.09,22.15
2022-10-13,SYN_POOL_A13,22.21,22.27,22.04,22.12
2022-10-14,SYN_POOL_A13,22.19,22.27,22.0,22.09
2022-10-17,SYN_POOL_A13,22.18,22.27,21.96,22.06
2022-10-18,SYN_POOL_A13,22.16,22.26,21.91,22.03
2022-10-19,SYN_POOL_A13,22.15,22.26,21.87,22.0
2022-10-20,SYN_POOL_A13,22.13,22.26,21.83,21.97
2022-10-21,SYN_POOL_A13,22.11,22.25,21.78,21.94
2022-10-24,SYN_POOL_A13,22.1,22.25,21.74,21.91
2022-10-25,SYN_POOL_A13,22.08,22.24,21.7,21.88
2022-10-26,SYN_POOL_A13,22.06,22.24,21.69,21.84
2022-10-27,SYN_POOL_A13,22.05,22.21,21.67,21.81
2022-10-28,SYN_POOL_A13,21.61,21.93,21.48,21.78
2022-10-31,SYN_POOL_A13,21.6,21.73,20.95,21.06
2022-11-01,SYN_POOL_A13,20.9,21.16,20.79,21.03
2022-11-02,SYN_POOL_A13,20.88,21.11,20.79,21.0
2022-11-03,SYN_POOL_A13,20.87,21.07,20.79,20.97
2022-11-04,SYN_POOL_A13,20.85,21.03,20.78,20.94
2022-11-07,SYN_POOL_A13,20.84,20.99,20.78,20.91
2022-11-08,SYN_POOL_A13,20.82,20.94,20.77,20.88
2022-11-09,SYN_POOL_A13,20.8,20.9,20.77,20.85
2022-11-10,SYN_POOL_A13,20.79,20.86,20.76,20.82
2022-11-11,SYN_POOL_A13,20.77,20.81,20.76,20.79
2022-11-14,SYN_POOL_A13,20.75,20.77,20.75,20.76
2022-11-15,SYN_POOL_A13,20.73,20.74,20.71,20.73
2022-11-16,SYN_POOL_A13,20.72,20.73,20.67,20.69
2022-11-17,SYN_POOL_A13,20.7,20.72,20.62,20.66
2022-11-18,SYN_POOL_A13,20.68,20.71,20.58,20.63
2022-11-21,SYN_POOL_A13,20.66,20.71,20.54,20.6
2022-11-22,SYN_POOL_A13,20.65,20.7,20.49,20.57
2022-11-23,SYN_POOL_A13,20.63,20.7,20.45,20.53
2022-11-24,SYN_POOL_A13,20.61,20.69,20.41,20.5
2022-11-25,SYN_POOL_A13,20.59,20.68,20.36,20.47
2022-11-28,SYN_POOL_A13,20.57,20.67,20.32,20.44
2022-11-29,SYN_POOL_A13,20.55,20.67,20.27,20.4
2022-11-30,SYN_POOL_A13,20.53,20.66,20.23,20.37
2022-12-01,SYN_POOL_A13,20.51,20.65,20.19,20.34
2022-12-02,SYN_POOL_A13,20.5,20.64,20.14,20.3
2022-12-05,SYN_POOL_A13,20.48,20.64,20.12,20.27
2022-12-06,SYN_POOL_A13,20.46,20.61,20.1,20.24
2022-12-07,SYN_POOL_A13,20.05,20.35,19.92,20.2
2022-12-08,SYN_POOL_A13,20.03,20.3,19.91,20.17
2022-12-09,SYN_POOL_A13,20.01,20.13,19.4,19.5
2022-12-12,SYN_POOL_A13,19.36,19.57,19.27,19.47
2022-12-13,SYN_POOL_A13,19.34,19.53,19.26,19.44
2022-12-14,SYN_POOL_A13,19.32,19.49,19.26,19.41
2022-12-15,SYN_POOL_A13,19.3,19.44,19.25,19.37
2022-12-16,SYN_POOL_A13,19.28,19.4,19.24,19.34
2022-12-19,SYN_POOL_A13,19.27,19.36,19.23,19.31
2022-12-20,SYN_POOL_A13,19.25,19.31,19.22,19.28
2022-12-21,SYN_POOL_A13,19.23,19.27,19.21,19.24
2022-12-22,SYN_POOL_A13,19.21,19.22,19.21,19.21
2022-12-23,SYN_POOL_A13,19.19,19.19,19.17,19.18
2022-12-26,SYN_POOL_A13,19.17,19.17,19.12,19.14
2022-12-27,SYN_POOL_A13,19.15,19.16,19.08,19.11
2022-12-28,SYN_POOL_A13,19.13,19.15,19.03,19.08
2022-12-29,SYN_POOL_A13,19.1,19.14,18.99,19.04
2022-12-30,SYN_POOL_A13,19.08,19.13,18.94,19.01
2023-01-02,SYN_POOL_A13,19.06,19.12,18.9,18.97
2023-01-03,SYN_POOL_A13,19.04,19.11,18.85,18.94
2023-01-04,SYN_POOL_A13,19.02,19.1,18.81,18.91
2023-01-05,SYN_POOL_A13,19.0,19.09,18.76,18.87
2023-01-06,SYN_POOL_A13,18.98,19.08,18.72,18.84
2023-01-09,SYN_POOL_A13,18.95,19.07,18.67,18.8
2023-01-10,SYN_POOL_A13,18.93,19.06,18.63,18.77
2023-01-11,SYN_POOL_A13,18.91,19.05,18.58,18.73
2023-01-12,SYN_POOL_A13,18.89,19.03,18.56,18.7
2023-01-13,SYN_POOL_A13,18.87,19.01,18.53,18.66
2023-01-16,SYN_POOL_A13,18.48,18.76,18.37,18.63
2023-01-17,SYN_POOL_A13,18.46,18.71,18.35,18.59
2023-01-18,SYN_POOL_A13,18.44,18.55,17.88,17.97
2023-01-19,SYN_POOL_A13,17.84,18.04,17.75,17.94
2023-01-20,SYN_POOL_A13,17.82,17.99,17.74,17.9
2023-01-23,SYN_POOL_A13,17.79,17.95,17.73,17.87
2023-01-24,SYN_POOL_A13,17.77,17.9,17.72,17.84
2023-01-25,SYN_POOL_A13,17.75,17.86,17.71,17.8
2023-01-26,SYN_POOL_A13,17.73,17.81,17.7,17.77
2023-01-27,SYN_POOL_A13,17.71,17.77,17.68,17.73
2023-01-30,SYN_POOL_A13,17.68,17.72,17.67,17.7
2023-01-31,SYN_POOL_A13,17.66,17.68,17.66,17.66
2023-02-01,SYN_POOL_A13,17.64,17.64,17.62,17.63
2023-02-02,SYN_POOL_A13,17.62,17.62,17.58,17.59
2023-02-03,SYN_POOL_A13,17.59,17.61,17.53,17.56
2023-02-06,SYN_POOL_A13,17.57,17.59,17.48,17.52
2023-02-07,SYN_POOL_A13,17.55,17.58,17.44,17.49
2023-02-08,SYN_POOL_A13,17.52,17.57,17.39,17.45
2023-02-09,SYN_POOL_A13,17.5,17.55,17.35,17.41
2023-02-10,SYN_POOL_A13,17.47,17.54,17.3,17.38
2023-02-13,SYN_POOL_A13,17.45,17.52,17.26,17.34
2023-02-14,SYN_POOL_A13,17.43,17.51,17.21,17.31
2023-02-15,SYN_POOL_A13,17.4,17.49,17.17,17.27
2023-02-16,SYN_POOL_A13,17.38,17.48,17.12,17.23
2023-02-17,SYN_POOL_A13,17.35,17.46,17.07,17.2
2023-02-20,SYN_POOL_A13,17.33,17.45,17.03,17.16
2023-02-21,SYN_POOL_A13,17.3,17.43,16.99,17.12
2023-02-22,SYN_POOL_A13,17.28,17.41,16.97,17.09
2023-02-23,SYN_POOL_A13,17.25,17.38,16.94,17.05
2023-02-24,SYN_POOL_A13,16.9,17.13,16.8,17.01
2023-02-27,SYN_POOL_A13,16.87,16.98,16.35,16.44
2023-02-28,SYN_POOL_A13,16.32,16.5,16.24,16.41
2023-03-01,SYN_POOL_A13,16.29,16.45,16.22,16.37
2023-03-02,SYN_POOL_A13,16.27,16.41,16.21,16.33
2023-03-03,SYN_POOL_A13,16.24,16.36,16.19,16.3
2023-03-06,SYN_POOL_A13,16.22,16.32,16.18,16.26
2023-03-07,SYN_POOL_A13,16.19,16.27,16.16,16.23
2023-03-08,SYN_POOL_A13,16.17,16.23,16.15,16.19
2023-03-09,SYN_POOL_A13,16.14,16.18,16.13,16.15
2023-03-10,SYN_POOL_A13,16.12,16.14,16.11,16.12
2023-03-13,SYN_POOL_A13,16.09,16.1,16.08,16.08
2023-03-14,SYN_POOL_A13,16.07,16.07,16.03,16.04
2023-03-15,SYN_POOL_A13,16.04,16.05,15.98,16.01
2023-03-16,SYN_POOL_A13,16.01,16.03,15.94,15.97
2023-03-17,SYN_POOL_A13,15.99,16.02,15.89,15.93
2023-03-20,SYN_POOL_A13,15.96,16.0,15.84,15.89
2023-03-21,SYN_POOL_A13,15.94,15.98,15.8,15.86
2023-03-22,SYN_POOL_A13,15.91,15.96,15.75,15.82
2023-03-23,SYN_POOL_A13,15.88,15.95,15.71,15.78
2023-03-24,SYN_POOL_A13,15.85,15.93,15.66,15.74
2023-03-27,SYN_POOL_A13,15.83,15.91,15.61,15.71
2023-03-28,SYN_POOL_A13,15.8,15.89,15.57,15.67
2023-03-29,SYN_POOL_A13,15.77,15.87,15.52,15.63
2023-03-30,SYN_POOL_A13,15.74,15.85,15.47,15.59
2023-03-31,SYN_POOL_A13,15.72,15.83,15.43,15.55
2023-04-03,SYN_POOL_A13,15.69,15.81,15.4,15.51
2023-04-04,SYN_POOL_A13,15.66,15.78,15.37,15.48
2023-04-05,SYN_POOL_A13,15.33,15.54,15.24,15.44
2023-04-06,SYN_POOL_A13,15.31,15.4,14.83,14.91
2023-04-07,SYN_POOL_A13,14.8,14.96,14.72,14.88
2023-04-10,SYN_POOL_A13,14.77,14.91,14.71,14.84
2023-04-11,SYN_POOL_A13,14.74,14.87,14.69,14.8
2023-04-12,SYN_POOL_A13,14.72,14.82,14.67,14.76
2023-04-13,SYN_POOL_A13,14.69,14.77,14.65,14.72
2023-04-14,SYN_POOL_A13,14.66,14.73,14.63,14.69
2023-04-17,SYN_POOL_A13,14.63,14.68,14.61,14.65
2023-04-18,SYN_POOL_A13,14.6,14.64,14.59,14.61
2023-04-19,SYN_POOL_A13,14.58,14.59,14.57,14.57
2023-04-20,SYN_POOL_A13,14.55,14.56,14.53,14.53
2023-04-21,SYN_POOL_A13,14.52,14.52,14.48,14.49
2023-04-24,SYN_POOL_A13,14.49,14.5,14.44,14.46
2023-04-25,SYN_POOL_A13,14.46,14.48,14.39,14.42
2023-04-26,SYN_POOL_A13,14.43,14.46,14.34,14.38
2023-04-27,SYN_POOL_A13,14.4,14.44,14.3,14.34
2023-04-28,SYN_POOL_A13,14.37,14.41,14.25,14.3
2023-05-01,SYN_POOL_A13,14.34,14.39,14.2,14.26
2023-05-02,SYN_POOL_A13,14.31,14.37,14.15,14.22
2023-05-03,SYN_POOL_A13,14.28,14.35,14.11,14.18
2023-05-04,SYN_POOL_A13,14.25,14.33,14.06,14.14
2023-05-05,SYN_POOL_A13,14.22,14.3,14.01,14.1
2023-05-08,SYN_POOL_A13,14.19,14.28,13.96,14.06
2023-05-09,SYN_POOL_A13,14.16,14.26,13.92,14.02
2023-05-10,SYN_POOL_A13,14.13,14.24,13.87,13.98
2023-05-11,SYN_POOL_A13,14.1,14.21,13.84,13.94
2023-05-12,SYN_POOL_A13,14.07,14.18,13.81,13.9
2023-05-15,SYN_POOL_A13,13.77,13.96,13.69,13.86
2023-05-16,SYN_POOL_A13,13.74,13.83,13.31,13.38
2023-05-17,SYN_POOL_A13,13.28,13.42,13.21,13.34
2023-05-18,SYN_POOL_A13,13.25,13.38,13.19,13.31
2023-05-19,SYN_POOL_A13,13.22,13.33,13.17,13.27
2023-05-22,SYN_POOL_A13,13.19,13.28,13.14,13.23
2023-05-23,SYN_POOL_A13,13.16,13.23,13.12,13.19
2023-05-24,SYN_POOL_A13,13.13,13.19,13.1,13.15
2023-05-25,SYN_POOL_A13,13.1,13.14,13.08,13.11
2023-05-26,SYN_POOL_A13,13.07,13.09,13.05,13.07
2023-05-29,SYN_POOL_A13,13.04,13.05,13.02,13.03
2023-05-30,SYN_POOL_A13,13.0,13.01,12.99,12.99
2023-05-31,SYN_POOL_A13,12.97,12.97,12.94,12.95
2023-06-01,SYN_POOL_A13,12.94,12.95,12.89,12.91
2023-06-02,SYN_POOL_A13,12.91,12.92,12.84,12.87
2023-06-05,SYN_POOL_A13,12.88,12.9,12.79,12.82
2023-06-06,SYN_POOL_A13,12.85,12.87,12.75,12.78
2023-06-07,SYN_POOL_A13,12.81,12.85,12.7,12.74
2023-06-08,SYN_POOL_A13,12.78,12.82,12.65,12.7
2023-06-09,SYN_POOL_A13,12.75,12.8,12.6,12.66
2023-06-12,SYN_POOL_A13,12.72,12.77,12.55,12.62
2023-06-13,SYN_POOL_A13,12.68,12.75,12.51,12.58
2023-06-14,SYN_POOL_A13,12.65,12.72,12.46,12.54
2023-06-15,SYN_POOL_A13,12.62,12.69,12.41,12.49
2023-06-16,SYN_POOL_A13,12.58,12.67,12.36,12.45
2023-06-19,SYN_POOL_A13,12.55,12.64,12.31,12.41
2023-06-20,SYN_POOL_A13,12.52,12.61,12.28,12.37
2023-06-21,SYN_POOL_A13,12.48,12.58,12.24,12.33
2023-06-22,SYN_POOL_A13,12.21,12.37,12.13,12.28
2023-06-23,SYN_POOL_A13,12.18,12.32,12.11,12.24
2023-06-26,SYN_POOL_A13,12.14,12.21,11.76,11.82
2023-06-27,SYN_POOL_A13,11.73,11.9,11.68,11.84
2023-06-28,SYN_POOL_A13,11.76,11.91,11.71,11.86
2023-06-29,SYN_POOL_A13,11.79,11.92,11.74,11.87
2023-06-30,SYN_POOL_A13,11.81,11.94,11.78,11.89
2023-07-03,SYN_POOL_A13,11.84,11.95,11.81,11.91
2023-07-04,SYN_POOL_A13,11.86,11.96,11.84,11.93
2023-07-05,SYN_POOL_A13,11.89,11.97,11.87,11.95
2023-07-06,SYN_POOL_A13,11.91,11.98,11.91,11.96
2023-07-07,SYN_POOL_A13,11.94,11.99,11.94,11.98
2023-07-10,SYN_POOL_A13,11.97,12.0,11.96,12.0
2023-07-11,SYN_POOL_A13,11.99,12.02,11.98,12.02
2023-07-12,SYN_POOL_A13,12.02,12.05,12.0,12.04
2023-07-13,SYN_POOL_A13,12.04,12.07,12.02,12.05
2023-07-14,SYN_POOL_A13,12.07,12.1,12.04,12.07
2023-07-17,SYN_POOL_A13,12.1,12.13,12.05,12.09
2023-07-18,SYN_POOL_A13,12.12,12.16,12.06,12.11
2023-07-19,SYN_POOL_A13,12.15,12.19,12.07,12.12
2023-07-20,SYN_POOL_A13,12.18,12.23,12.08,12.14
2023-07-21,SYN_POOL_A13,12.2,12.26,12.09,12.16
2023-07-24,SYN_POOL_A13,12.23,12.29,12.1,12.18
2023-07-25,SYN_POOL_A13,12.25,12.33,12.11,12.2
2023-07-26,SYN_POOL_A13,12.28,12.36,12.13,12.21
2023-07-27,SYN_POOL_A13,12.31,12.4,12.14,12.23
2023-07-28,SYN_POOL_A13,12.33,12.43,12.16,12.25
2023-07-31,SYN_POOL_A13,12.36,12.46,12.18,12.27
2023-08-01,SYN_POOL_A13,12.15,12.38,12.07,12.29
2023-08-02,SYN_POOL_A13,12.18,12.39,12.11,12.31
2023-08-03,SYN_POOL_A13,12.2,12.28,11.87,11.94
2023-08-04,SYN_POOL_A13,11.85,12.02,11.79,11.95
2023-08-07,SYN_POOL_A13,11.87,12.03,11.82,11.97
2023-08-08,SYN_POOL_A13,11.9,12.04,11.86,11.99
2023-08-09,SYN_POOL_A13,11.92,12.05,11.89,12.01
2023-08-10,SYN_POOL_A13,11.95,12.06,11.92,12.03
2023-08-11,SYN_POOL_A13,11.98,12.08,11.95,12.04
2023-08-14,SYN_POOL_A13,12.0,12.09,11.99,12.06
2023-08-15,SYN_POOL_A13,12.03,12.1,12.02,12.08
2023-08-16,SYN_POOL_A13,12.05,12.11,12.05,12.1
2023-08-17,SYN_POOL_A13,12.08,12.12,12.08,12.12
2023-08-18,SYN_POOL_A13,12.11,12.14,12.1,12.13
2023-08-21,SYN_POOL_A13,12.13,12.16,12.11,12.15
2023-08-22,SYN_POOL_A13,12.16,12.19,12.13,12.17
2023-08-23,SYN_POOL_A13,12.19,12.21,12.15,12.19
2023-08-24,SYN_POOL_A13,12.21,12.24,12.17,12.21
2023-08-25,SYN_POOL_A13,12.24,12.28,12.18,12.22
2023-08-28,SYN_POOL_A13,12.26,12.31,12.19,12.24
2023-08-29,SYN_POOL_A13,12.29,12.34,12.2,12.26
2023-08-30,SYN_POOL_A13,12.32,12.38,12.21,12.28
2023-08-31,SYN_POOL_A13,12.34,12.41,12.22,12.3
2023-09-01,SYN_POOL_A13,12.37,12.44,12.23,12.31
2023-09-04,SYN_POOL_A13,12.4,12.48,12.24,12.33
2023-09-05,SYN_POOL_A13,12.42,12.51,12.25,12.35
2023-09-06,SYN_POOL_A13,12.45,12.55,12.27,12.37
2023-09-07,SYN_POOL_A13,12.48,12.58,12.3,12.39
2023-09-08,SYN_POOL_A13,12.5,12.6,12.32,12.41
2023-09-11,SYN_POOL_A13,12.29,12.51,12.22,12.42
2023-09-12,SYN_POOL_A13,12.32,12.4,11.98,12.05
2023-09-13,SYN_POOL_A13,11.96,12.14,11.9,12.07
2023-09-14,SYN_POOL_A13,11.98,12.15,11.93,12.09
2023-09-15,SYN_POOL_A13,12.01,12.16,11.97,12.1
2023-09-18,SYN_POOL_A13,12.04,12.17,12.0,12.12
2023-09-19,SYN_POOL_A13,12.06,12.18,12.03,12.14
2023-09-20,SYN_POOL_A13,12.09,12.19,12.06,12.16
2023-09-21,SYN_POOL_A13,12.12,12.2,12.1,12.18
2023-09-22,SYN_POOL_A13,12.14,12.21,12.13,12.19
2023-09-25,SYN_POOL_A13,12.17,12.23,12.16,12.21
2023-09-26,SYN_POOL_A13,12.19,12.24,12.19,12.23
2023-09-27,SYN_POOL_A13,12.22,12.25,12.21,12.25
2023-09-28,SYN_POOL_A13,12.25,12.28,12.23,12.27
2023-09-29,SYN_POOL_A13,12.27,12.3,12.25,12.29
2023-10-02,SYN_POOL_A13,12.3,12.33,12.27,12.3
2023-10-03,SYN_POOL_A13,12.33,12.36,12.28,12.32
2023-10-04,SYN_POOL_A13,12.35,12.39,12.29,12.34
2023-10-05,SYN_POOL_A13,12.38,12.42,12.31,12.36
2023-10-06,SYN_POOL_A13,12.41,12.46,12.32,12.38
2023-10-09,SYN_POOL_A13,12.43,12.49,12.33,12.39
2023-10-10,SYN_POOL_A13,12.46,12.52,12.34,12.41
2023-10-11,SYN_POOL_A13,12.49,12.56,12.35,12.43
2023-10-12,SYN_POOL_A13,12.51,12.59,12.36,12.45
2023-10-13,SYN_POOL_A13,12.54,12.63,12.37,12.47
2023-10-16,SYN_POOL_A13,12.57,12.66,12.39,12.49
2023-10-17,SYN_POOL_A13,12.59,12.7,12.41,12.5
2023-10-18,SYN_POOL_A13,12.62,12.72,12.44,12.52
2023-10-19,SYN_POOL_A13,12.41,12.63,12.33,12.54
2023-10-20,SYN_POOL_A13,12.44,12.51,12.1,12.16
2023-10-23,SYN_POOL_A13,12.07,12.25,12.01,12.18
2023-10-24,SYN_POOL_A13,12.1,12.26,12.04,12.2
2023-10-25,SYN_POOL_A13,12.12,12.27,12.08,12.22
2023-10-26,SYN_POOL_A13,12.15,12.29,12.11,12.24
2023-10-27,SYN_POOL_A13,12.18,12.3,12.14,12.26
2023-10-30,SYN_POOL_A13,12.2,12.31,12.18,12.27
2023-10-31,SYN_POOL_A13,12.23,12.32,12.21,12.29
2023-11-01,SYN_POOL_A13,12.25,12.33,12.24,12.31
2023-11-02,SYN_POOL_A13,12.28,12.34,12.28,12.33
2023-11-03,SYN_POOL_A13,12.31,12.35,12.31,12.35
2023-11-06,SYN_POOL_A13,12.33,12.37,12.33,12.37
2023-11-07,SYN_POOL_A13,12.36,12.39,12.35,12.38
2023-11-08,SYN_POOL_A13,12.39,12.42,12.36,12.4
2023-11-09,SYN_POOL_A13,12.41,12.44,12.38,12.42
2023-11-10,SYN_POOL_A13,12.44,12.47,12.4,12.44
2023-11-13,SYN_POOL_A13,12.47,12.5,12.41,12.46
2023-11-14,SYN_POOL_A13,12.5,12.54,12.42,12.48
2023-11-15,SYN_POOL_A13,12.52,12.57,12.43,12.49
2023-11-16,SYN_POOL_A13,12.55,12.61,12.45,12.51
2023-11-17,SYN_POOL_A13,12.58,12.64,12.46,12.53
2023-11-20,SYN_POOL_A13,12.6,12.67,12.47,12.55
2023-11-21,SYN_POOL_A13,12.63,12.71,12.48,12.57
2023-11-22,SYN_POOL_A13,12.66,12.74,12.49,12.59
2023-11-23,SYN_POOL_A13,12.68,12.78,12.5,12.6
2023-11-24,SYN_POOL_A13,12.71,12.81,12.53,12.62
2023-11-27,SYN_POOL_A13,12.74,12.83,12.56,12.64
2023-11-28,SYN_POOL_A13,12.52,12.75,12.45,12.66
2023-11-29,SYN_POOL_A13,12.55,12.63,12.21,12.28
2023-11-30,SYN_POOL_A13,12.18,12.37,12.12,12.3
2023-12-01,SYN_POOL_A13,12.21,12.38,12.15,12.32
2023-12-04,SYN_POOL_A13,12.23,12.39,12.19,12.33
2023-12-05,SYN_POOL_A13,12.26,12.4,12.22,12.35
2023-12-06,SYN_POOL_A13,12.29,12.41,12.25,12.37
2023-12-07,SYN_POOL_A13,12.31,12.43,12.29,12.39
2023-12-08,SYN_POOL_A13,12.34,12.44,12.32,12.41
2023-12-11,SYN_POOL_A13,12.37,12.45,12.35,12.43
2023-12-12,SYN_POOL_A13,12.39,12.46,12.39,12.44
2023-12-13,SYN_POOL_A13,12.42,12.47,12.42,12.46
2023-12-14,SYN_POOL_A13,12.45,12.48,12.44,12.48
2023-12-15,SYN_POOL_A13,12.48,12.5,12.46,12.5
2023-12-18,SYN_POOL_A13,12.5,12.53,12.48,12.52
2023-12-19,SYN_POOL_A13,12.53,12.56,12.5,12.54
2023-12-20,SYN_POOL_A13,12.56,12.58,12.52,12.55
2023-12-21,SYN_POOL_A13,12.58,12.62,12.53,12.57
2023-12-22,SYN_POOL_A13,12.61,12.65,12.54,12.59
2023-12-25,SYN_POOL_A13,12.64,12.69,12.55,12.61
2023-12-26,SYN_POOL_A13,12.66,12.72,12.56,12.63
2023-12-27,SYN_POOL_A13,12.69,12.75,12.58,12.65
2023-12-28,SYN_POOL_A13,12.72,12.79,12.59,12.67
2023-12-29,SYN_POOL_A13,12.75,12.82,12.6,12.68
2024-01-01,SYN_POOL_A13,12.77,12.86,12.61,12.7
2024-01-02,SYN_POOL_A13,12.8,12.89,12.62,12.72
2024-01-03,SYN_POOL_A13,12.83,12.93,12.65,12.74
2024-01-04,SYN_POOL_A13,12.86,12.95,12.67,12.76
2024-01-05,SYN_POOL_A13,12.64,12.87,12.56,12.78
2024-01-08,SYN_POOL_A13,12.67,12.88,12.59,12.8
2024-01-09,SYN_POOL_A13,12.69,12.77,12.35,12.41
2024-01-10,SYN_POOL_A13,12.32,12.5,12.26,12.43
2024-01-11,SYN_POOL_A13,12.35,12.51,12.3,12.45
2024-01-12,SYN_POOL_A13,12.37,12.52,12.33,12.47
2024-01-15,SYN_POOL_A13,12.4,12.53,12.36,12.49
2024-01-16,SYN_POOL_A13,12.43,12.54,12.4,12.5
2024-01-17,SYN_POOL_A13,12.45,12.55,12.43,12.52
2024-01-18,SYN_POOL_A13,12.48,12.57,12.47,12.54
2024-01-19,SYN_POOL_A13,12.51,12.58,12.5,12.56
2024-01-22,SYN_POOL_A13,12.53,12.59,12.53,12.58
2024-01-23,SYN_POOL_A13,12.56,12.6,12.56,12.6
2024-01-24,SYN_POOL_A13,12.59,12.62,12.58,12.62
2024-01-25,SYN_POOL_A13,12.62,12.64,12.6,12.63
2024-01-26,SYN_POOL_A13,12.64,12.67,12.62,12.65
2024-01-29,SYN_POOL_A13,12.67,12.7,12.64,12.67
2024-01-30,SYN_POOL_A13,12.7,12.73,12.65,12.69
2024-01-31,SYN_POOL_A13,12.73,12.76,12.66,12.71
2024-02-01,SYN_POOL_A13,12.75,12.8,12.67,12.73
2024-02-02,SYN_POOL_A13,12.78,12.83,12.68,12.75
2024-02-05,SYN_POOL_A13,12.81,12.87,12.69,12.76
2024-02-06,SYN_POOL_A13,12.83,12.9,12.7,12.78
2024-02-07,SYN_POOL_A13,12.86,12.94,12.72,12.8
2024-02-08,SYN_POOL_A13,12.89,12.97,12.73,12.82
2024-02-09,SYN_POOL_A13,12.92,13.01,12.74,12.84
2024-02-12,SYN_POOL_A13,12.94,13.04,12.76,12.86
2024-02-13,SYN_POOL_A13,12.97,13.07,12.79,12.88
2024-02-14,SYN_POOL_A13,12.75,12.99,12.67,12.9
2024-02-15,SYN_POOL_A13,12.78,13.0,12.71,12.91
2024-02-16,SYN_POOL_A13,12.81,12.89,12.46,12.53
2024-02-19,SYN_POOL_A13,12.43,12.61,12.37,12.54
2024-02-20,SYN_POOL_A13,12.46,12.63,12.41,12.56
2024-02-21,SYN_POOL_A13,12.49,12.64,12.44,12.58
2024-02-22,SYN_POOL_A13,12.51,12.65,12.47,12.6
2024-02-23,SYN_POOL_A13,12.54,12.66,12.51,12.62
2024-02-26,SYN_POOL_A13,12.57,12.67,12.54,12.64
2024-02-27,SYN_POOL_A13,12.59,12.68,12.58,12.66
2024-02-28,SYN_POOL_A13,12.62,12.69,12.61,12.67
2024-02-29,SYN_POOL_A13,12.65,12.71,12.65,12.69
2024-03-01,SYN_POOL_A13,12.68,12.72,12.67,12.71
2024-03-04,SYN_POOL_A13,12.7,12.73,12.69,12.73
2024-03-05,SYN_POOL_A13,12.73,12.76,12.71,12.75
2024-03-06,SYN_POOL_A13,12.76,12.79,12.73,12.77
2024-03-07,SYN_POOL_A13,12.79,12.81,12.75,12.79
2024-03-08,SYN_POOL_A13,12.81,12.84,12.77,12.81
2024-03-11,SYN_POOL_A13,12.84,12.88,12.78,12.82
2024-03-12,SYN_POOL_A13,12.87,12.91,12.79,12.84
2024-03-13,SYN_POOL_A13,12.9,12.95,12.8,12.86
2024-03-14,SYN_POOL_A13,12.92,12.98,12.81,12.88
2024-03-15,SYN_POOL_A13,12.95,13.02,12.82,12.9
2024-03-18,SYN_POOL_A13,12.98,13.05,12.83,12.92
2024-03-19,SYN_POOL_A13,13.01,13.09,12.84,12.94
2024-03-20,SYN_POOL_A13,13.03,13.12,12.86,12.96
2024-03-21,SYN_POOL_A13,13.06,13.16,12.88,12.98
2024-03-22,SYN_POOL_A13,13.09,13.19,12.9,12.99
2024-03-25,SYN_POOL_A13,13.12,13.21,12.93,13.01
2024-03-26,SYN_POOL_A13,12.9,13.12,12.82,13.03
2024-03-27,SYN_POOL_A13,12.92,13.0,12.57,12.64
2024-03-28,SYN_POOL_A13,12.54,12.73,12.48,12.66
2024-03-29,SYN_POOL_A13,12.57,12.74,12.52,12.68
2024-04-01,SYN_POOL_A13,12.6,12.75,12.55,12.7
2024-04-02,SYN_POOL_A13,12.62,12.77,12.58,12.72
2024-04-03,SYN_POOL_A13,12.65,12.78,12.62,12.73
2024-04-04,SYN_POOL_A13,12.68,12.79,12.65,12.75
2024-04-05,SYN_POOL_A13,12.71,12.8,12.69,12.77
2024-04-08,SYN_POOL_A13,12.73,12.81,12.72,12.79
2024-04-09,SYN_POOL_A13,12.76,12.82,12.76,12.81
2024-04-10,SYN_POOL_A13,12.79,12.83,12.79,12.83
2024-04-11,SYN_POOL_A13,12.82,12.85,12.81,12.85
2024-04-12,SYN_POOL_A13,12.84,12.87,12.83,12.87
2024-04-15,SYN_POOL_A13,12.87,12.9,12.85,12.88
2024-04-16,SYN_POOL_A13,12.9,12.93,12.87,12.9
2024-04-17,SYN_POOL_A13,12.93,12.96,12.88,12.92
2024-04-18,SYN_POOL_A13,12.95,12.99,12.89,12.94
2024-04-19,SYN_POOL_A13,12.98,13.03,12.91,12.96
2024-04-22,SYN_POOL_A13,13.01,13.06,12.92,12.98
2024-04-23,SYN_POOL_A13,13.04,13.1,12.93,13.0
2024-04-24,SYN_POOL_A13,13.07,13.13,12.94,13.02
2024-04-25,SYN_POOL_A13,13.09,13.17,12.95,13.04
2024-04-26,SYN_POOL_A13,13.12,13.2,12.96,13.05
2024-04-29,SYN_POOL_A13,13.15,13.24,12.97,13.07
2024-04-30,SYN_POOL_A13,13.18,13.28,12.99,13.09
2024-05-01,SYN_POOL_A13,13.21,13.31,13.02,13.11
2024-05-02,SYN_POOL_A13,13.23,13.33,13.04,13.13
2024-05-03,SYN_POOL_A13,13.01,13.24,12.93,13.15
2024-05-06,SYN_POOL_A13,13.04,13.12,12.68,12.75
2024-05-07,SYN_POOL_A13,12.65,12.85,12.59,12.77
2024-05-08,SYN_POOL_A13,12.68,12.86,12.63,12.79
2024-05-09,SYN_POOL_A13,12.71,12.87,12.66,12.81
2024-05-10,SYN_POOL_A13,12.74,12.88,12.69,12.83
2024-05-13,SYN_POOL_A13,12.76,12.89,12.73,12.85
2024-05-14,SYN_POOL_A13,12.79,12.91,12.76,12.87
2024-05-15,SYN_POOL_A13,12.82,12.92,12.8,12.89
2024-05-16,SYN_POOL_A13,12.85,12.93,12.83,12.91
2024-05-17,SYN_POOL_A13,12.87,12.94,12.87,12.92
2024-05-20,SYN_POOL_A13,12.9,12.96,12.9,12.95
2024-05-21,SYN_POOL_A13,12.93,12.99,12.92,12.98
2024-05-22,SYN_POOL_A13,12.98,13.03,12.96,13.02
2024-05-23,SYN_POOL_A13,13.03,13.07,13.0,13.06
2024-05-24,SYN_POOL_A13,13.07,13.12,13.04,13.1
2024-05-27,SYN_POOL_A13,13.12,13.16,13.08,13.13
2024-05-28,SYN_POOL_A13,13.16,13.21,13.12,13.17
2024-05-29,SYN_POOL_A13,13.21,13.25,13.15,13.21
2024-05-30,SYN_POOL_A13,13.26,13.31,13.18,13.24
2024-05-31,SYN_POOL_A13,13.3,13.36,13.21,13.28
2024-06-03,SYN_POOL_A13,13.35,13.42,13.24,13.32
2024-06-04,SYN_POOL_A13,13.4,13.47,13.27,13.36
2024-06-05,SYN_POOL_A13,13.44,13.53,13.3,13.39
2024-06-06,SYN_POOL_A13,13.49,13.58,13.33,13.43
2024-06-07,SYN_POOL_A13,13.54,13.64,13.36,13.47
2024-06-10,SYN_POOL_A13,13.58,13.69,13.41,13.51
2024-06-11,SYN_POOL_A13,13.63,13.74,13.45,13.55
2024-06-12,SYN_POOL_A13,13.42,13.68,13.34,13.58
2024-06-13,SYN_POOL_A13,13.47,13.55,13.12,13.19
2024-06-14,SYN_POOL_A13,13.09,13.31,13.02,13.23
2024-06-17,SYN_POOL_A13,13.13,13.34,13.07,13.27
2024-06-18,SYN_POOL_A13,13.18,13.37,13.13,13.3
2024-06-19,SYN_POOL_A13,13.23,13.4,13.18,13.34
2024-06-20,SYN_POOL_A13,13.27,13.43,13.23,13.38
2024-06-21,SYN_POOL_A13,13.32,13.46,13.29,13.42
2024-06-24,SYN_POOL_A13,13.36,13.49,13.34,13.45
2024-06-25,SYN_POOL_A13,13.41,13.52,13.4,13.49
2024-06-26,SYN_POOL_A13,13.46,13.55,13.45,13.53
2024-06-27,SYN_POOL_A13,13.5,13.58,13.5,13.57
2024-06-28,SYN_POOL_A13,13.55,13.61,13.54,13.6
2024-07-01,SYN_POOL_A13,13.6,13.65,13.58,13.64
2024-07-02,SYN_POOL_A13,13.65,13.69,13.62,13.68
2024-07-03,SYN_POOL_A13,13.69,13.74,13.66,13.72
2024-07-04,SYN_POOL_A13,13.74,13.78,13.7,13.76
2024-07-05,SYN_POOL_A13,13.79,13.83,13.74,13.79
2024-07-08,SYN_POOL_A13,13.83,13.88,13.78,13.83
2024-07-09,SYN_POOL_A13,13.88,13.93,13.81,13.87
2024-07-10,SYN_POOL_A13,13.93,13.99,13.84,13.91
2024-07-11,SYN_POOL_A13,13.98,14.05,13.87,13.95
2024-07-12,SYN_POOL_A13,14.03,14.1,13.9,13.98
2024-07-15,SYN_POOL_A13,14.07,14.16,13.93,14.02
2024-07-16,SYN_POOL_A13,14.12,14.21,13.96,14.06
2024-07-17,SYN_POOL_A13,14.17,14.27,13.99,14.1
2024-07-18,SYN_POOL_A13,14.22,14.33,14.03,14.14
2024-07-19,SYN_POOL_A13,14.27,14.38,14.08,14.18
2024-07-22,SYN_POOL_A13,14.04,14.32,13.95,14.22
2024-07-23,SYN_POOL_A13,14.09,14.35,14.01,14.25
2024-07-24,SYN_POOL_A13,14.14,14.22,13.77,13.84
2024-07-25,SYN_POOL_A13,13.74,13.96,13.68,13.88
2024-07-26,SYN_POOL_A13,13.79,13.99,13.73,13.92
2024-07-29,SYN_POOL_A13,13.83,14.02,13.79,13.96
2024-07-30,SYN_POOL_A13,13.88,14.05,13.84,14.0
2024-07-31,SYN_POOL_A13,13.93,14.08,13.9,14.03
2024-08-01,SYN_POOL_A13,13.98,14.11,13.95,14.07
2024-08-02,SYN_POOL_A13,14.02,14.14,14.01,14.11
2024-08-05,SYN_POOL_A13,14.07,14.17,14.06,14.15
2024-08-06,SYN_POOL_A13,14.12,14.2,14.12,14.19
2024-08-07,SYN_POOL_A13,14.17,14.23,14.16,14.22
2024-08-08,SYN_POOL_A13,14.22,14.27,14.2,14.26
2024-08-09,SYN_POOL_A13,14.26,14.31,14.24,14.3
2024-08-12,SYN_POOL_A13,14.31,14.36,14.28,14.34
2024-08-13,SYN_POOL_A13,14.36,14.41,14.32,14.38
2024-08-14,SYN_POOL_A13,14.41,14.45,14.36,14.42
2024-08-15,SYN_POOL_A13,14.46,14.5,14.4,14.46
2024-08-16,SYN_POOL_A13,14.51,14.56,14.43,14.5
2024-08-19,SYN_POOL_A13,14.56,14.62,14.46,14.53
2024-08-20,SYN_POOL_A13,14.6,14.67,14.49,14.57
2024-08-21,SYN_POOL_A13,14.65,14.73,14.52,14.61
2024-08-22,SYN_POOL_A13,14.7,14.79,14.55,14.65
2024-08-23,SYN_POOL_A13,14.75,14.85,14.58,14.69
2024-08-26,SYN_POOL_A13,14.8,14.91,14.61,14.73
2024-08-27,SYN_POOL_A13,14.85,14.96,14.66,14.77
2024-08-28,SYN_POOL_A13,14.9,15.02,14.7,14.81
2024-08-29,SYN_POOL_A13,14.95,15.06,14.75,14.85
2024-08-30,SYN_POOL_A13,14.71,14.99,14.63,14.89
2024-09-02,SYN_POOL_A13,14.76,14.85,14.38,14.46
2024-09-03,SYN_POOL_A13,14.35,14.57,14.28,14.49
2024-09-04,SYN_POOL_A13,14.39,14.61,14.33,14.53
2024-09-05,SYN_POOL_A13,14.44,14.64,14.39,14.57
2024-09-06,SYN_POOL_A13,14.49,14.67,14.45,14.61
2024-09-09,SYN_POOL_A13,14.54,14.7,14.5,14.65
2024-09-10,SYN_POOL_A13,14.59,14.73,14.56,14.69
2024-09-11,SYN_POOL_A13,14.64,14.76,14.62,14.73
2024-09-12,SYN_POOL_A13,14.69,14.79,14.67,14.77
2024-09-13,SYN_POOL_A13,14.73,14.82,14.73,14.81
2024-09-16,SYN_POOL_A13,14.78,14.85,14.78,14.84
2024-09-17,SYN_POOL_A13,14.83,14.89,14.82,14.88
2024-09-18,SYN_POOL_A13,14.88,14.93,14.86,14.92
2024-09-19,SYN_POOL_A13,14.93,14.98,14.9,14.96
2024-09-20,SYN_POOL_A13,14.98,15.03,14.94,15.0
2024-09-23,SYN_POOL_A13,15.03,15.08,14.98,15.04
2024-09-24,SYN_POOL_A13,15.08,15.13,15.02,15.08
2024-09-25,SYN_POOL_A13,15.13,15.18,15.06,15.12
2024-09-26,SYN_POOL_A13,15.18,15.24,15.09,15.16
2024-09-27,SYN_POOL_A13,15.23,15.3,15.12,15.2
2024-09-30,SYN_POOL_A13,15.28,15.36,15.15,15.24
2024-10-01,SYN_POOL_A13,15.33,15.42,15.18,15.28
2024-10-02,SYN_POOL_A13,15.38,15.48,15.21,15.32
2024-10-03,SYN_POOL_A13,15.43,15.54,15.24,15.36
2024-10-04,SYN_POOL_A13,15.48,15.6,15.28,15.4
2024-10-07,SYN_POOL_A13,15.53,15.66,15.33,15.44
2024-10-08,SYN_POOL_A13,15.58,15.7,15.38,15.48
2024-10-09,SYN_POOL_A13,15.34,15.62,15.24,15.52
2024-10-10,SYN_POOL_A13,15.39,15.48,14.99,15.07
2024-10-11,SYN_POOL_A13,14.95,15.19,14.88,15.11
2024-10-14,SYN_POOL_A13,15.0,15.22,14.94,15.15
2024-10-15,SYN_POOL_A13,15.05,15.26,14.99,15.19
2024-10-16,SYN_POOL_A13,15.1,15.29,15.05,15.23
2024-10-17,SYN_POOL_A13,15.15,15.32,15.11,15.27
2024-10-18,SYN_POOL_A13,15.2,15.35,15.17,15.31
2024-10-21,SYN_POOL_A13,15.25,15.38,15.23,15.35
2024-10-22,SYN_POOL_A13,15.3,15.41,15.29,15.38
2024-10-23,SYN_POOL_A13,15.35,15.44,15.34,15.42
2024-10-24,SYN_POOL_A13,15.4,15.47,15.4,15.46
2024-10-25,SYN_POOL_A13,15.45,15.5,15.44,15.5
2024-10-28,SYN_POOL_A13,15.5,15.55,15.48,15.54
2024-10-29,SYN_POOL_A13,15.55,15.6,15.52,15.58
2024-10-30,SYN_POOL_A13,15.6,15.65,15.56,15.62
2024-10-31,SYN_POOL_A13,15.65,15.7,15.6,15.66
2024-11-01,SYN_POOL_A13,15.7,15.75,15.65,15.7
2024-11-04,SYN_POOL_A13,15.75,15.81,15.68,15.74
2024-11-05,SYN_POOL_A13,15.81,15.87,15.71,15.78
2024-11-06,SYN_POOL_A13,15.86,15.93,15.74,15.83
2024-11-07,SYN_POOL_A13,15.91,15.99,15.77,15.87
2024-11-08,SYN_POOL_A13,15.96,16.05,15.8,15.91
2024-11-11,SYN_POOL_A13,16.01,16.11,15.83,15.95
2024-11-12,SYN_POOL_A13,16.06,16.17,15.87,15.99
2024-11-13,SYN_POOL_A13,16.11,16.23,15.9,16.03
2024-11-14,SYN_POOL_A13,16.17,16.29,15.95,16.07
2024-11-15,SYN_POOL_A13,16.22,16.34,16.0,16.11
2024-11-18,SYN_POOL_A13,15.96,16.26,15.86,16.15
2024-11-19,SYN_POOL_A13,16.01,16.11,15.59,15.68
2024-11-20,SYN_POOL_A13,15.56,15.81,15.48,15.72
2024-11-21,SYN_POOL_A13,15.61,15.84,15.54,15.76
2024-11-22,SYN_POOL_A13,15.66,15.87,15.6,15.8
2024-11-25,SYN_POOL_A13,15.71,15.91,15.66,15.84
2024-11-26,SYN_POOL_A13,15.76,15.94,15.72,15.88
2024-11-27,SYN_POOL_A13,15.81,15.97,15.78,15.92
2024-11-28,SYN_POOL_A13,15.86,16.0,15.84,15.96
2024-11-29,SYN_POOL_A13,15.91,16.03,15.9,16.0
2024-12-02,SYN_POOL_A13,15.96,16.06,15.96,16.04
2024-12-03,SYN_POOL_A13,16.02,16.09,16.01,16.08
2024-12-04,SYN_POOL_A13,16.07,16.13,16.06,16.12
2024-12-05,SYN_POOL_A13,16.12,16.17,16.1,16.16
2024-12-06,SYN_POOL_A13,16.17,16.22,16.14,16.21
2024-12-09,SYN_POOL_A13,16.22,16.27,16.18,16.25
2024-12-10,SYN_POOL_A13,16.27,16.32,16.23,16.29
2024-12-11,SYN_POOL_A13,16.33,16.37,16.27,16.33
2024-12-12,SYN_POOL_A13,16.38,16.43,16.3,16.37
2024-12-13,SYN_POOL_A13,16.43,16.49,16.33,16.41
2024-12-16,SYN_POOL_A13,16.48,16.55,16.37,16.45
2024-12-17,SYN_POOL_A13,16.53,16.62,16.4,16.49
2024-12-18,SYN_POOL_A13,16.59,16.68,16.43,16.53
2024-12-19,SYN_POOL_A13,16.64,16.74,16.46,16.57
2024-12-20,SYN_POOL_A13,16.69,16.8,16.49,16.62
2024-12-23,SYN_POOL_A13,16.74,16.87,16.52,16.66
2024-12-24,SYN_POOL_A13,16.8,16.93,16.57,16.7
2024-12-25,SYN_POOL_A13,16.85,16.98,16.62,16.74
2024-12-26,SYN_POOL_A13,16.58,16.9,16.48,16.78
2024-12-27,SYN_POOL_A13,16.63,16.93,16.54,16.82
2024-12-30,SYN_POOL_A13,16.69,16.79,16.25,16.33
2024-12-31,SYN_POOL_A13,16.21,16.46,16.14,16.37
2025-01-01,SYN_POOL_A13,16.27,16.49,16.2,16.41
2025-01-02,SYN_POOL_A13,16.32,16.53,16.26,16.46
2025-01-03,SYN_POOL_A13,16.37,16.56,16.32,16.5
2025-01-06,SYN_POOL_A13,16.42,16.59,16.38,16.54
2025-01-07,SYN_POOL_A13,16.47,16.62,16.44,16.58
2025-01-08,SYN_POOL_A13,16.53,16.65,16.51,16.62
2025-01-09,SYN_POOL_A13,16.58,16.68,16.57,16.66
2025-01-10,SYN_POOL_A13,16.63,16.72,16.63,16.7
2025-01-13,SYN_POOL_A13,16.68,16.75,16.67,16.74
2025-01-14,SYN_POOL_A13,16.74,16.79,16.72,16.79
2025-01-15,SYN_POOL_A13,16.79,16.84,16.76,16.83
2025-01-16,SYN_POOL_A13,16.84,16.89,16.8,16.87
2025-01-17,SYN_POOL_A13,16.89,16.94,16.85,16.91
2025-01-20,SYN_POOL_A13,16.95,17.0,16.89,16.95
2025-01-21,SYN_POOL_A13,17.0,17.05,16.93,16.99
2025-01-22,SYN_POOL_A13,17.05,17.12,16.96,17.03
2025-01-23,SYN_POOL_A13,17.11,17.18,16.99,17.08
2025-01-24,SYN_POOL_A13,17.16,17.24,17.02,17.12
2025-01-27,SYN_POOL_A13,17.21,17.31,17.05,17.16
2025-01-28,SYN_POOL_A13,17.27,17.37,17.09,17.2
2025-01-29,SYN_POOL_A13,17.32,17.44,17.12,17.24
2025-01-30,SYN_POOL_A13,17.38,17.5,17.15,17.29
2025-01-31,SYN_POOL_A13,17.43,17.56,17.2,17.33
2025-02-03,SYN_POOL_A13,17.48,17.62,17.25,17.37
2025-02-04,SYN_POOL_A13,17.2,17.54,17.09,17.41
2025-02-05,SYN_POOL_A13,17.26,17.57,17.16,17.45
2025-02-06,SYN_POOL_A13,17.31,17.42,16.86,16.95
2025-02-07,SYN_POOL_A13,16.82,17.08,16.74,16.99
2025-02-10,SYN_POOL_A13,16.87,17.11,16.8,17.03
2025-02-11,SYN_POOL_A13,16.92,17.14,16.86,17.07
2025-02-12,SYN_POOL_A13,16.98,17.18,16.93,17.11
2025-02-13,SYN_POOL_A13,17.03,17.21,16.99,17.15
2025-02-14,SYN_POOL_A13,17.08,17.24,17.05,17.2
2025-02-17,SYN_POOL_A13,17.14,17.27,17.12,17.24
2025-02-18,SYN_POOL_A13,17.19,17.31,17.18,17.28
2025-02-19,SYN_POOL_A13,17.24,17.34,17.24,17.32
2025-02-20,SYN_POOL_A13,17.3,17.37,17.29,17.36
2025-02-21,SYN_POOL_A13,17.35,17.41,17.33,17.41
2025-02-24,SYN_POOL_A13,17.41,17.46,17.38,17.45
2025-02-25,SYN_POOL_A13,17.46,17.51,17.42,17.49
2025-02-26,SYN_POOL_A13,17.51,17.57,17.47,17.53
2025-02-27,SYN_POOL_A13,17.57,17.62,17.51,17.57
2025-02-28,SYN_POOL_A13,17.62,17.68,17.55,17.62
2025-03-03,SYN_POOL_A13,17.68,17.74,17.58,17.66
2025-03-04,SYN_POOL_A13,17.73,17.81,17.61,17.7
2025-03-05,SYN_POOL_A13,17.79,17.87,17.65,17.74
2025-03-06,SYN_POOL_A13,17.84,17.94,17.68,17.79
2025-03-07,SYN_POOL_A13,17.9,18.0,17.71,17.83
2025-03-10,SYN_POOL_A13,17.95,18.07,17.74,17.87
2025-03-11,SYN_POOL_A13,18.01,18.13,17.77,17.91
2025-03-12,SYN_POOL_A13,18.06,18.2,17.82,17.96
2025-03-13,SYN_POOL_A13,18.12,18.26,17.87,18.0
2025-03-14,SYN_POOL_A13,18.17,18.3,17.93,18.04
2025-03-17,SYN_POOL_A13,17.88,18.21,17.77,18.09
2025-03-18,SYN_POOL_A13,17.94,18.05,17.46,17.56
2025-03-19,SYN_POOL_A13,17.42,17.7,17.34,17.6
2025-03-20,SYN_POOL_A13,17.48,17.73,17.4,17.64
2025-03-21,SYN_POOL_A13,17.53,17.76,17.47,17.68
2025-03-24,SYN_POOL_A13,17.59,17.8,17.53,17.73
2025-03-25,SYN_POOL_A13,17.64,17.83,17.6,17.77
2025-03-26,SYN_POOL_A13,17.69,17.86,17.66,17.81
2025-03-27,SYN_POOL_A13,17.75,17.89,17.72,17.85
2025-03-28,SYN_POOL_A13,17.8,17.93,17.79,17.9
2025-03-31,SYN_POOL_A13,17.86,17.96,17.85,17.94
2025-04-01,SYN_POOL_A13,17.91,17.99,17.91,17.98
2025-04-02,SYN_POOL_A13,17.97,18.03,17.95,18.03
2025-04-03,SYN_POOL_A13,18.02,18.08,18.0,18.07
2025-04-04,SYN_POOL_A13,18.08,18.13,18.04,18.11
2025-04-07,SYN_POOL_A13,18.13,18.19,18.09,18.15
2025-04-08,SYN_POOL_A13,18.19,18.24,18.13,18.2
2025-04-09,SYN_POOL_A13,18.24,18.3,18.17,18.24
2025-04-10,SYN_POOL_A13,18.3,18.36,18.2,18.28
2025-04-11,SYN_POOL_A13,18.35,18.43,18.24,18.33
2025-04-14,SYN_POOL_A13,18.41,18.5,18.27,18.37
2025-04-15,SYN_POOL_A13,18.47,18.56,18.3,18.41
2025-04-16,SYN_POOL_A13,18.52,18.63,18.33,18.46
2025-04-17,SYN_POOL_A13,18.58,18.7,18.37,18.5
2025-04-18,SYN_POOL_A13,18.63,18.76,18.4,18.54
2025-04-21,SYN_POOL_A13,18.69,18.83,18.44,18.59
2025-04-22,SYN_POOL_A13,18.75,18.9,18.5,18.63
2025-04-23,SYN_POOL_A13,18.8,18.94,18.55,18.67
2025-04-24,SYN_POOL_A13,18.5,18.84,18.39,18.72
2025-04-25,SYN_POOL_A13,18.56,18.67,18.07,18.17
2025-04-28,SYN_POOL_A13,18.03,18.32,17.94,18.21
2025-04-29,SYN_POOL_A13,18.08,18.35,18.0,18.26
2025-04-30,SYN_POOL_A13,18.14,18.38,18.07,18.3
2025-05-01,SYN_POOL_A13,18.19,18.41,18.13,18.34
2025-05-02,SYN_POOL_A13,18.25,18.45,18.2,18.38
2025-05-05,SYN_POOL_A13,18.3,18.48,18.27,18.43
2025-05-06,SYN_POOL_A13,18.36,18.51,18.33,18.47
2025-05-07,SYN_POOL_A13,18.42,18.55,18.4,18.51
2025-05-08,SYN_POOL_A13,18.47,18.58,18.46,18.56
2025-05-09,SYN_POOL_A13,18.53,18.61,18.52,18.6
2025-05-12,SYN_POOL_A13,18.58,18.65,18.57,18.64
2025-05-13,SYN_POOL_A13,18.64,18.7,18.61,18.69
2025-05-14,SYN_POOL_A13,18.7,18.75,18.66,18.73
2025-05-15,SYN_POOL_A13,18.75,18.81,18.71,18.78
2025-05-16,SYN_POOL_A13,18.81,18.86,18.75,18.82
2025-05-19,SYN_POOL_A13,18.86,18.92,18.8,18.86
2025-05-20,SYN_POOL_A13,18.92,18.99,18.83,18.91
2025-05-21,SYN_POOL_A13,18.98,19.05,18.86,18.95
2025-05-22,SYN_POOL_A13,19.04,19.12,18.89,18.99
2025-05-23,SYN_POOL_A13,19.09,19.19,18.93,19.04
2025-05-26,SYN_POOL_A13,19.15,19.26,18.96,19.08
2025-05-27,SYN_POOL_A13,19.21,19.33,18.99,19.13
2025-05-28,SYN_POOL_A13,19.26,19.39,19.03,19.17
2025-05-29,SYN_POOL_A13,19.32,19.46,19.06,19.21
2025-05-30,SYN_POOL_A13,19.38,19.53,19.12,19.26
2025-06-02,SYN_POOL_A13,19.44,19.58,19.17,19.3
2025-06-03,SYN_POOL_A13,19.12,19.48,19.01,19.35
2025-06-04,SYN_POOL_A13,19.18,19.3,18.68,18.78
2025-06-05,SYN_POOL_A13,18.63,18.93,18.54,18.82
2025-06-06,SYN_POOL_A13,18.69,18.97,18.6,18.87
2025-06-09,SYN_POOL_A13,18.74,19.0,18.67,18.91
2025-06-10,SYN_POOL_A13,18.8,19.03,18.74,18.96
2025-06-11,SYN_POOL_A13,18.86,19.07,18.8,19.0
2025-06-12,SYN_POOL_A13,18.91,19.1,18.87,19.04
2025-06-13,SYN_POOL_A13,18.97,19.13,18.94,19.09
2025-06-16,SYN_POOL_A13,19.03,19.17,19.01,19.13
2025-06-17,SYN_POOL_A13,19.08,19.2,19.07,19.18
2025-06-18,SYN_POOL_A13,19.14,19.23,19.14,19.22
2025-06-19,SYN_POOL_A13,19.2,19.27,19.19,19.26
2025-06-20,SYN_POOL_A13,19.26,19.32,19.23,19.31
2025-06-23,SYN_POOL_A13,19.31,19.37,19.28,19.35
2025-06-24,SYN_POOL_A13,19.37,19.43,19.33,19.4
2025-06-25,SYN_POOL_A13,19.43,19.48,19.37,19.44
2025-06-26,SYN_POOL_A13,19.49,19.54,19.42,19.49
2025-06-27,SYN_POOL_A13,19.54,19.61,19.45,19.53
2025-06-30,SYN_POOL_A13,19.6,19.68,19.48,19.57
2025-07-01,SYN_POOL_A13,19.66,19.75,19.52,19.62
2025-07-02,SYN_POOL_A13,19.72,19.82,19.55,19.66
2025-07-03,SYN_POOL_A13,19.78,19.89,19.58,19.71
2025-07-04,SYN_POOL_A13,19.83,19.95,19.62,19.75
2025-07-07,SYN_POOL_A13,19.89,20.03,19.65,19.8
2025-07-08,SYN_POOL_A13,19.95,20.1,19.68,19.84
2025-07-09,SYN_POOL_A13,20.01,20.17,19.74,19.89
2025-07-10,SYN_POOL_A13,20.07,20.22,19.8,19.93
2025-07-11,SYN_POOL_A13,19.74,20.12,19.62,19.98
2025-07-14,SYN_POOL_A13,19.8,20.15,19.69,20.02
2025-07-15,SYN_POOL_A13,19.86,19.98,19.34,19.44
2025-07-16,SYN_POOL_A13,19.29,19.59,19.2,19.48
2025-07-17,SYN_POOL_A13,19.35,19.62,19.27,19.53
2025-07-18,SYN_POOL_A13,19.41,19.65,19.34,19.57
2025-07-21,SYN_POOL_A13,19.47,19.69,19.41,19.61
2025-07-22,SYN_POOL_A13,19.52,19.72,19.48,19.66
2025-07-23,SYN_POOL_A13,19.58,19.75,19.55,19.7
2025-07-24,SYN_POOL_A13,19.64,19.79,19.62,19.75
2025-07-25,SYN_POOL_A13,19.7,19.82,19.68,19.79
2025-07-28,SYN_POOL_A13,19.75,19.85,19.75,19.84
2025-07-29,SYN_POOL_A13,19.81,19.89,19.8,19.88
2025-07-30,SYN_POOL_A13,19.87,19.93,19.85,19.93
2025-07-31,SYN_POOL_A13,19.93,19.99,19.9,19.97
2022-08-01,SYN_POOL_A14,10.03,10.05,10.02,10.03
2022-08-02,SYN_POOL_A14,10.01,10.05,9.99,10.04
2022-08-03,SYN_POOL_A14,10.01,10.05,10.0,10.04
2022-08-04,SYN_POOL_A14,10.02,10.03,9.95,9.96
2022-08-05,SYN_POOL_A14,9.94,9.97,9.93,9.96
2022-08-08,SYN_POOL_A14,9.94,9.97,9.93,9.96
2022-08-09,SYN_POOL_A14,9.95,9.97,9.94,9.96
2022-08-10,SYN_POOL_A14,9.95,9.97,9.94,9.96
2022-08-11,SYN_POOL_A14,9.95,9.97,9.95,9.97
2022-08-12,SYN_POOL_A14,9.96,9.97,9.95,9.97
2022-08-15,SYN_POOL_A14,9.96,9.97,9.96,9.97
2022-08-16,SYN_POOL_A14,9.96,9.97,9.96,9.97
2022-08-17,SYN_POOL_A14,9.97,9.97,9.97,9.97
2022-08-18,SYN_POOL_A14,9.97,9.97,9.97,9.97
2022-08-19,SYN_POOL_A14,9.97,9.98,9.97,9.98
2022-08-22,SYN_POOL_A14,9.98,9.98,9.97,9.98
2022-08-23,SYN_POOL_A14,9.98,9.98,9.97,9.98
2022-08-24,SYN_POOL_A14,9.98,9.99,9.97,9.98
2022-08-25,SYN_POOL_A14,9.99,9.99,9.97,9.98
2022-08-26,SYN_POOL_A14,9.99,10.0,9.97,9.98
2022-08-29,SYN_POOL_A14,9.99,10.0,9.97,9.99
2022-08-30,SYN_POOL_A14,10.0,10.01,9.97,9.99
2022-08-31,SYN_POOL_A14,10.0,10.01,9.97,9.99
2022-09-01,SYN_POOL_A14,10.0,10.02,9.97,9.99
2022-09-02,SYN_POOL_A14,10.01,10.02,9.97,9.99
2022-09-05,SYN_POOL_A14,10.01,10.02,9.97,9.99
2022-09-06,SYN_POOL_A14,10.01,10.03,9.97,9.99
2022-09-07,SYN_POOL_A14,10.01,10.03,9.98,10.0
2022-09-08,SYN_POOL_A14,10.02,10.04,9.98,10.0
2022-09-09,SYN_POOL_A14,9.97,10.02,9.96,10.0
2022-09-12,SYN_POOL_A14,9.98,10.02,9.96,10.0
2022-09-13,SYN_POOL_A14,9.98,10.0,9.91,9.92
2022-09-14,SYN_POOL_A14,9.9,9.94,9.89,9.92
2022-09-15,SYN_POOL_A14,9.91,9.94,9.9,9.93
2022-09-16,SYN_POOL_A14,9.91,9.94,9.9,9.93
2022-09-19,SYN_POOL_A14,9.91,9.94,9.91,9.93
2022-09-20,SYN_POOL_A14,9.92,9.94,9.91,9.93
2022-09-21,SYN_POOL_A14,9.92,9.94,9.92,9.93
2022-09-22,SYN_POOL_A14,9.92,9.94,9.92,9.93
2022-09-23,SYN_POOL_A14,9.93,9.94,9.92,9.93
2022-09-26,SYN_POOL_A14,9.93,9.94,9.93,9.94
2022-09-27,SYN_POOL_A14,9.93,9.94,9.93,9.94
2022-09-28,SYN_POOL_A14,9.94,9.94,9.93,9.94
2022-09-29,SYN_POOL_A14,9.94,9.94,9.94,9.94
2022-09-30,SYN_POOL_A14,9.94,9.95,9.94,9.94
2022-10-03,SYN_POOL_A14,9.95,9.95,9.94,9.94
2022-10-04,SYN_POOL_A14,9.95,9.95,9.94,9.95
2022-10-05,SYN_POOL_A14,9.95,9.96,9.94,9.95
2022-10-06,SYN_POOL_A14,9.96,9.96,9.94,9.95
2022-10-07,SYN_POOL_A14,9.96,9.97,9.94,9.95
2022-10-10,SYN_POOL_A14,9.96,9.97,9.94,9.95
2022-10-11,SYN_POOL_A14,9.97,9.98,9.94,9.95
2022-10-12,SYN_POOL_A14,9.97,9.98,9.94,9.95
2022-10-13,SYN_POOL_A14,9.97,9.99,9.94,9.96
2022-10-14,SYN_POOL_A14,9.97,9.99,9.94,9.96
2022-10-17,SYN_POOL_A14,9.98,10.0,9.94,9.96
2022-10-18,SYN_POOL_A14,9.98,10.0,9.94,9.96
2022-10-19,SYN_POOL_A14,9.98,10.0,9.95,9.96
2022-10-20,SYN_POOL_A14,9.94,9.98,9.92,9.96
2022-10-21,SYN_POOL_A14,9.94,9.96,9.87,9.89
2022-10-24,SYN_POOL_A14,9.87,9.9,9.86,9.89
2022-10-25,SYN_POOL_A14,9.87,9.9,9.86,9.89
2022-10-26,SYN_POOL_A14,9.87,9.9,9.86,9.89
2022-10-27,SYN_POOL_A14,9.88,9.9,9.87,9.89
2022-10-28,SYN_POOL_A14,9.88,9.9,9.87,9.89
2022-10-31,SYN_POOL_A14,9.88,9.9,9.88,9.9
2022-11-01,SYN_POOL_A14,9.89,9.9,9.88,9.9
2022-11-02,SYN_POOL_A14,9.89,9.9,9.89,9.9
2022-11-03,SYN_POOL_A14,9.89,9.9,9.89,9.9
2022-11-04,SYN_POOL_A14,9.9,9.9,9.9,9.9
2022-11-07,SYN_POOL_A14,9.9,9.9,9.9,9.9
2022-11-08,SYN_POOL_A14,9.9,9.91,9.9,9.9
2022-11-09,SYN_POOL_A14,9.91,9.91,9.9,9.91
2022-11-10,SYN_POOL_A14,9.91,9.91,9.9,9.91
2022-11-11,SYN_POOL_A14,9.91,9.92,9.9,9.91
2022-11-14,SYN_POOL_A14,9.92,9.92,9.9,9.91
2022-11-15,SYN_POOL_A14,9.92,9.93,9.9,9.91
2022-11-16,SYN_POOL_A14,9.92,9.93,9.9,9.91
2022-11-17,SYN_POOL_A14,9.93,9.94,9.9,9.92
2022-11-18,SYN_POOL_A14,9.93,9.94,9.9,9.92
2022-11-21,SYN_POOL_A14,9.93,9.95,9.9,9.92
2022-11-22,SYN_POOL_A14,9.93,9.95,9.9,9.92
2022-11-23,SYN_POOL_A14,9.94,9.95,9.9,9.92
2022-11-24,SYN_POOL_A14,9.94,9.96,9.9,9.92
2022-11-25,SYN_POOL_A14,9.94,9.96,9.91,9.92
2022-11-28,SYN_POOL_A14,9.95,9.97,9.91,9.93
2022-11-29,SYN_POOL_A14,9.9,9.94,9.89,9.93
2022-11-30,SYN_POOL_A14,9.91,9.92,9.84,9.85
2022-12-01,SYN_POOL_A14,9.83,9.87,9.82,9.85
2022-12-02,SYN_POOL_A14,9.83,9.87,9.82,9.85
2022-12-05,SYN_POOL_A14,9.84,9.87,9.83,9.85
2022-12-06,SYN_POOL_A14,9.84,9.87,9.83,9.86
2022-12-07,SYN_POOL_A14,9.84,9.87,9.84,9.86
2022-12-08,SYN_POOL_A14,9.85,9.87,9.84,9.86
2022-12-09,SYN_POOL_A14,9.85,9.87,9.85,9.86
2022-12-12,SYN_POOL_A14,9.85,9.87,9.85,9.86
2022-12-13,SYN_POOL_A14,9.86,9.87,9.86,9.86
2022-12-14,SYN_POOL_A14,9.86,9.87,9.86,9.87
2022-12-15,SYN_POOL_A14,9.86,9.87,9.86,9.87
2022-12-16,SYN_POOL_A14,9.87,9.87,9.86,9.87
2022-12-19,SYN_POOL_A14,9.87,9.87,9.86,9.87
2022-12-20,SYN_POOL_A14,9.87,9.88,9.87,9.87
2022-12-21,SYN_POOL_A14,9.88,9.88,9.87,9.87
2022-12-22,SYN_POOL_A14,9.88,9.89,9.87,9.87
2022-12-23,SYN_POOL_A14,9.88,9.89,9.87,9.88
2022-12-26,SYN_POOL_A14,9.89,9.89,9.87,9.88
2022-12-27,SYN_POOL_A14,9.89,9.9,9.87,9.88
2022-12-28,SYN_POOL_A14,9.89,9.9,9.87,9.88
2022-12-29,SYN_POOL_A14,9.89,9.91,9.87,9.88
2022-12-30,SYN_POOL_A14,9.9,9.91,9.87,9.88
2023-01-02,SYN_POOL_A14,9.9,9.92,9.87,9.88
2023-01-03,SYN_POOL_A14,9.9,9.92,9.87,9.89
2023-01-04,SYN_POOL_A14,9.91,9.93,9.87,9.89
2023-01-05,SYN_POOL_A14,9.91,9.93,9.87,9.89
2023-01-06,SYN_POOL_A14,9.87,9.91,9.85,9.89
2023-01-09,SYN_POOL_A14,9.87,9.89,9.8,9.81
2023-01-10,SYN_POOL_A14,9.79,9.83,9.78,9.82
2023-01-11,SYN_POOL_A14,9.8,9.83,9.79,9.82
2023-01-12,SYN_POOL_A14,9.8,9.83,9.79,9.82
2023-01-13,SYN_POOL_A14,9.8,9.83,9.8,9.82
2023-01-16,SYN_POOL_A14,9.81,9.83,9.8,9.82
2023-01-17,SYN_POOL_A14,9.81,9.83,9.8,9.82
2023-01-18,SYN_POOL_A14,9.81,9.83,9.81,9.82
2023-01-19,SYN_POOL_A14,9.82,9.83,9.81,9.83
2023-01-20,SYN_POOL_A14,9.82,9.83,9.82,9.83
2023-01-23,SYN_POOL_A14,9.82,9.83,9.82,9.83
2023-01-24,SYN_POOL_A14,9.83,9.83,9.82,9.83
2023-01-25,SYN_POOL_A14,9.83,9.83,9.83,9.83
2023-01-26,SYN_POOL_A14,9.83,9.84,9.83,9.83
2023-01-27,SYN_POOL_A14,9.84,9.84,9.83,9.83
2023-01-30,SYN_POOL_A14,9.84,9.84,9.83,9.84
2023-01-31,SYN_POOL_A14,9.84,9.85,9.83,9.84
2023-02-01,SYN_POOL_A14,9.85,9.85,9.83,9.84
2023-02-02,SYN_POOL_A14,9.85,9.86,9.83,9.84
2023-02-03,SYN_POOL_A14,9.85,9.86,9.83,9.84
2023-02-06,SYN_POOL_A14,9.85,9.87,9.83,9.84
2023-02-07,SYN_POOL_A14,9.86,9.87,9.83,9.85
2023-02-08,SYN_POOL_A14,9.86,9.88,9.83,9.85
2023-02-09,SYN_POOL_A14,9.86,9.88,9.83,9.85
2023-02-10,SYN_POOL_A14,9.87,9.89,9.83,9.85
2023-02-13,SYN_POOL_A14,9.87,9.89,9.83,9.85
2023-02-14,SYN_POOL_A14,9.87,9.89,9.84,9.85
2023-02-15,SYN_POOL_A14,9.83,9.87,9.81,9.85
2023-02-16,SYN_POOL_A14,9.83,9.87,9.82,9.86
2023-02-17,SYN_POOL_A14,9.84,9.85,9.77,9.78
2023-02-20,SYN_POOL_A14,9.76,9.79,9.75,9.78
2023-02-21,SYN_POOL_A14,9.76,9.79,9.75,9.78
2023-02-22,SYN_POOL_A14,9.77,9.79,9.76,9.78
2023-02-23,SYN_POOL_A14,9.77,9.79,9.76,9.79
2023-02-24,SYN_POOL_A14,9.77,9.79,9.77,9.79
2023-02-27,SYN_POOL_A14,9.78,9.79,9.77,9.79
2023-02-28,SYN_POOL_A14,9.78,9.79,9.78,9.79
2023-03-01,SYN_POOL_A14,9.78,9.79,9.78,9.79
2023-03-02,SYN_POOL_A14,9.79,9.79,9.79,9.79
2023-03-03,SYN_POOL_A14,9.79,9.79,9.79,9.79
2023-03-06,SYN_POOL_A14,9.79,9.8,9.79,9.8
2023-03-07,SYN_POOL_A14,9.8,9.8,9.79,9.8
2023-03-08,SYN_POOL_A14,9.8,9.8,9.79,9.8
2023-03-09,SYN_POOL_A14,9.8,9.81,9.79,9.8
2023-03-10,SYN_POOL_A14,9.81,9.81,9.79,9.8
2023-03-13,SYN_POOL_A14,9.81,9.82,9.79,9.8
2023-03-14,SYN_POOL_A14,9.81,9.82,9.79,9.8
2023-03-15,SYN_POOL_A14,9.81,9.83,9.79,9.81
2023-03-16,SYN_POOL_A14,9.82,9.83,9.79,9.81
2023-03-17,SYN_POOL_A14,9.82,9.83,9.79,9.81
2023-03-20,SYN_POOL_A14,9.82,9.84,9.79,9.81
2023-03-21,SYN_POOL_A14,9.83,9.84,9.79,9.81
2023-03-22,SYN_POOL_A14,9.83,9.85,9.79,9.81
2023-03-23,SYN_POOL_A14,9.83,9.85,9.8,9.82
2023-03-24,SYN_POOL_A14,9.84,9.86,9.8,9.82
2023-03-27,SYN_POOL_A14,9.84,9.86,9.8,9.82
2023-03-28,SYN_POOL_A14,9.8,9.84,9.78,9.82
2023-03-29,SYN_POOL_A14,9.8,9.81,9.73,9.74
2023-03-30,SYN_POOL_A14,9.72,9.76,9.71,9.74
2023-03-31,SYN_POOL_A14,9.73,9.76,9.72,9.75
2023-04-03,SYN_POOL_A14,9.73,9.76,9.72,9.75
2023-04-04,SYN_POOL_A14,9.73,9.76,9.73,9.75
2023-04-05,SYN_POOL_A14,9.74,9.76,9.73,9.75
2023-04-06,SYN_POOL_A14,9.74,9.76,9.74,9.75
2023-04-07,SYN_POOL_A14,9.74,9.76,9.74,9.75
2023-04-10,SYN_POOL_A14,9.75,9.76,9.74,9.75
2023-04-11,SYN_POOL_A14,9.75,9.76,9.75,9.76
2023-04-12,SYN_POOL_A14,9.75,9.76,9.75,9.76
2023-04-13,SYN_POOL_A14,9.76,9.76,9.75,9.76
2023-04-14,SYN_POOL_A14,9.76,9.76,9.76,9.76
2023-04-17,SYN_POOL_A14,9.76,9.77,9.76,9.76
2023-04-18,SYN_POOL_A14,9.77,9.77,9.76,9.76
2023-04-19,SYN_POOL_A14,9.77,9.77,9.76,9.77
2023-04-20,SYN_POOL_A14,9.77,9.78,9.76,9.77
2023-04-21,SYN_POOL_A14,9.77,9.78,9.76,9.77
2023-04-24,SYN_POOL_A14,9.78,9.79,9.76,9.77
2023-04-25,SYN_POOL_A14,9.78,9.79,9.76,9.77
2023-04-26,SYN_POOL_A14,9.78,9.8,9.76,9.77
2023-04-27,SYN_POOL_A14,9.79,9.8,9.76,9.77
2023-04-28,SYN_POOL_A14,9.79,9.81,9.76,9.78
2023-05-01,SYN_POOL_A14,9.79,9.81,9.76,9.78
2023-05-02,SYN_POOL_A14,9.8,9.82,9.76,9.78
2023-05-03,SYN_POOL_A14,9.8,9.82,9.76,9.78
2023-05-04,SYN_POOL_A14,9.8,9.82,9.77,9.78
2023-05-05,SYN_POOL_A14,9.76,9.8,9.74,9.78
2023-05-08,SYN_POOL_A14,9.76,9.78,9.69,9.71
2023-05-09,SYN_POOL_A14,9.69,9.72,9.68,9.71
2023-05-10,SYN_POOL_A14,9.69,9.72,9.68,9.71
2023-05-11,SYN_POOL_A14,9.69,9.72,9.68,9.71
2023-05-12,SYN_POOL_A14,9.7,9.72,9.69,9.71
2023-05-15,SYN_POOL_A14,9.7,9.72,9.69,9.71
2023-05-16,SYN_POOL_A14,9.7,9.72,9.7,9.72
2023-05-17,SYN_POOL_A14,9.71,9.72,9.7,9.72
2023-05-18,SYN_POOL_A14,9.71,9.72,9.71,9.72
2023-05-19,SYN_POOL_A14,9.71,9.72,9.71,9.72
2023-05-22,SYN_POOL_A14,9.72,9.72,9.72,9.72
2023-05-23,SYN_POOL_A14,9.72,9.72,9.72,9.72
2023-05-24,SYN_POOL_A14,9.72,9.73,9.72,9.72
2023-05-25,SYN_POOL_A14,9.73,9.73,9.72,9.73
2023-05-26,SYN_POOL_A14,9.73,9.73,9.72,9.73
2023-05-29,SYN_POOL_A14,9.73,9.74,9.72,9.73
2023-05-30,SYN_POOL_A14,9.73,9.74,9.72,9.73
2023-05-31,SYN_POOL_A14,9.74,9.75,9.72,9.73
2023-06-01,SYN_POOL_A14,9.74,9.75,9.72,9.73
2023-06-02,SYN_POOL_A14,9.74,9.76,9.72,9.73
2023-06-05,SYN_POOL_A14,9.75,9.76,9.72,9.74
2023-06-06,SYN_POOL_A14,9.75,9.76,9.72,9.74
2023-06-07,SYN_POOL_A14,9.75,9.77,9.72,9.74
2023-06-08,SYN_POOL_A14,9.76,9.77,9.72,9.74
2023-06-09,SYN_POOL_A14,9.76,9.78,9.72,9.74
2023-06-12,SYN_POOL_A14,9.76,9.78,9.73,9.74
2023-06-13,SYN_POOL_A14,9.77,9.78,9.73,9.75
2023-06-14,SYN_POOL_A14,9.72,9.76,9.71,9.75
2023-06-15,SYN_POOL_A14,9.73,9.74,9.66,9.67
2023-06-16,SYN_POOL_A14,9.65,9.69,9.64,9.67
2023-06-19,SYN_POOL_A14,9.65,9.69,9.64,9.67
2023-06-20,SYN_POOL_A14,9.66,9.69,9.65,9.67
2023-06-21,SYN_POOL_A14,9.66,9.69,9.65,9.68
2023-06-22,SYN_POOL_A14,9.66,9.69,9.66,9.68
2023-06-23,SYN_POOL_A14,9.67,9.69,9.66,9.68
2023-06-26,SYN_POOL_A14,9.67,9.69,9.67,9.68
2023-06-27,SYN_POOL_A14,9.67,9.69,9.67,9.68
2023-06-28,SYN_POOL_A14,9.68,9.69,9.68,9.68
2023-06-29,SYN_POOL_A14,9.68,9.69,9.68,9.69
2023-06-30,SYN_POOL_A14,9.68,9.69,9.68,9.69
2023-07-03,SYN_POOL_A14,9.69,9.69,9.68,9.69
2023-07-04,SYN_POOL_A14,9.69,9.69,9.68,9.69
2023-07-05,SYN_POOL_A14,9.69,9.7,9.69,9.69
2023-07-06,SYN_POOL_A14,9.7,9.7,9.69,9.69
2023-07-07,SYN_POOL_A14,9.7,9.7,9.69,9.69
2023-07-10,SYN_POOL_A14,9.7,9.71,9.69,9.7
2023-07-11,SYN_POOL_A14,9.7,9.71,9.69,9.7
2023-07-12,SYN_POOL_A14,9.71,9.72,9.69,9.7
2023-07-13,SYN_POOL_A14,9.71,9.72,9.69,9.7
2023-07-14,SYN_POOL_A14,9.71,9.73,9.69,9.7
2023-07-17,SYN_POOL_A14,9.72,9.73,9.69,9.7
2023-07-18,SYN_POOL_A14,9.72,9.74,9.69,9.7
2023-07-19,SYN_POOL_A14,9.72,9.74,9.69,9.71
2023-07-20,SYN_POOL_A14,9.73,9.75,9.69,9.71
2023-07-21,SYN_POOL_A14,9.73,9.75,9.69,9.71
2023-07-24,SYN_POOL_A14,9.69,9.73,9.67,9.71
2023-07-25,SYN_POOL_A14,9.69,9.73,9.68,9.71
2023-07-26,SYN_POOL_A14,9.69,9.71,9.62,9.64
2023-07-27,SYN_POOL_A14,9.62,9.65,9.61,9.64
2023-07-28,SYN_POOL_A14,9.62,9.65,9.61,9.64
2023-07-31,SYN_POOL_A14,9.62,9.65,9.62,9.64
2023-08-01,SYN_POOL_A14,9.63,9.65,9.62,9.64
2023-08-02,SYN_POOL_A14,9.63,9.65,9.62,9.64
2023-08-03,SYN_POOL_A14,9.63,9.65,9.63,9.64
2023-08-04,SYN_POOL_A14,9.64,9.65,9.63,9.65
2023-08-07,SYN_POOL_A14,9.64,9.65,9.64,9.65
2023-08-08,SYN_POOL_A14,9.64,9.65,9.64,9.65
2023-08-09,SYN_POOL_A14,9.65,9.65,9.64,9.65
2023-08-10,SYN_POOL_A14,9.65,9.65,9.65,9.65
2023-08-11,SYN_POOL_A14,9.65,9.66,9.65,9.65
2023-08-14,SYN_POOL_A14,9.66,9.66,9.65,9.65
2023-08-15,SYN_POOL_A14,9.66,9.66,9.65,9.66
2023-08-16,SYN_POOL_A14,9.66,9.67,9.65,9.66
2023-08-17,SYN_POOL_A14,9.66,9.67,9.65,9.66
2023-08-18,SYN_POOL_A14,9.67,9.68,9.65,9.66
2023-08-21,SYN_POOL_A14,9.67,9.68,9.65,9.66
2023-08-22,SYN_POOL_A14,9.67,9.69,9.65,9.66
2023-08-23,SYN_POOL_A14,9.68,9.69,9.65,9.66
2023-08-24,SYN_POOL_A14,9.68,9.69,9.65,9.67
2023-08-25,SYN_POOL_A14,9.68,9.7,9.65,9.67
2023-08-28,SYN_POOL_A14,9.69,9.7,9.65,9.67
2023-08-29,SYN_POOL_A14,9.69,9.71,9.65,9.67
2023-08-30,SYN_POOL_A14,9.69,9.71,9.66,9.67
2023-08-31,SYN_POOL_A14,9.65,9.69,9.63,9.67
2023-09-01,SYN_POOL_A14,9.65,9.69,9.64,9.68
2023-09-04,SYN_POOL_A14,9.66,9.67,9.59,9.6
2023-09-05,SYN_POOL_A14,9.58,9.61,9.57,9.6
2023-09-06,SYN_POOL_A14,9.58,9.61,9.57,9.6
2023-09-07,SYN_POOL_A14,9.59,9.61,9.58,9.6
2023-09-08,SYN_POOL_A14,9.59,9.61,9.58,9.61
2023-09-11,SYN_POOL_A14,9.59,9.61,9.59,9.61
2023-09-12,SYN_POOL_A14,9.6,9.61,9.59,9.61
2023-09-13,SYN_POOL_A14,9.6,9.61,9.6,9.61
2023-09-14,SYN_POOL_A14,9.6,9.61,9.6,9.61
2023-09-15,SYN_POOL_A14,9.61,9.61,9.61,9.61
2023-09-18,SYN_POOL_A14,9.61,9.61,9.61,9.61
2023-09-19,SYN_POOL_A14,9.61,9.62,9.61,9.62
2023-09-20,SYN_POOL_A14,9.62,9.62,9.61,9.62
2023-09-21,SYN_POOL_A14,9.62,9.62,9.61,9.62
2023-09-22,SYN_POOL_A14,9.62,9.63,9.61,9.62
2023-09-25,SYN_POOL_A14,9.62,9.63,9.61,9.62
2023-09-26,SYN_POOL_A14,9.63,9.64,9.61,9.62
2023-09-27,SYN_POOL_A14,9.63,9.64,9.61,9.62
2023-09-28,SYN_POOL_A14,9.63,9.64,9.61,9.63
2023-09-29,SYN_POOL_A14,9.64,9.65,9.61,9.63
2023-10-02,SYN_POOL_A14,9.64,9.65,9.61,9.63
2023-10-03,SYN_POOL_A14,9.64,9.66,9.61,9.63
2023-10-04,SYN_POOL_A14,9.65,9.66,9.61,9.63
2023-10-05,SYN_POOL_A14,9.65,9.67,9.61,9.63
2023-10-06,SYN_POOL_A14,9.65,9.67,9.62,9.63
2023-10-09,SYN_POOL_A14,9.66,9.67,9.62,9.64
2023-10-10,SYN_POOL_A14,9.66,9.68,9.62,9.64
2023-10-11,SYN_POOL_A14,9.62,9.65,9.6,9.64
2023-10-12,SYN_POOL_A14,9.62,9.63,9.55,9.56
2023-10-13,SYN_POOL_A14,9.55,9.58,9.53,9.56
2023-10-16,SYN_POOL_A14,9.55,9.58,9.54,9.57
2023-10-17,SYN_POOL_A14,9.55,9.58,9.54,9.57
2023-10-18,SYN_POOL_A14,9.55,9.58,9.55,9.57
2023-10-19,SYN_POOL_A14,9.56,9.58,9.55,9.57
2023-10-20,SYN_POOL_A14,9.56,9.58,9.56,9.57
2023-10-23,SYN_POOL_A14,9.56,9.58,9.56,9.57
2023-10-24,SYN_POOL_A14,9.57,9.58,9.56,9.57
2023-10-25,SYN_POOL_A14,9.57,9.58,9.57,9.58
2023-10-26,SYN_POOL_A14,9.57,9.58,9.57,9.58
2023-10-27,SYN_POOL_A14,9.58,9.58,9.57,9.58
2023-10-30,SYN_POOL_A14,9.58,9.58,9.58,9.58
2023-10-31,SYN_POOL_A14,9.58,9.58,9.58,9.58
2023-11-01,SYN_POOL_A14,9.58,9.59,9.58,9.58
2023-11-02,SYN_POOL_A14,9.59,9.59,9.58,9.58
2023-11-03,SYN_POOL_A14,9.59,9.6,9.58,9.59
2023-11-06,SYN_POOL_A14,9.59,9.6,9.58,9.59
2023-11-07,SYN_POOL_A14,9.6,9.61,9.58,9.59
2023-11-08,SYN_POOL_A14,9.6,9.61,9.58,9.59
2023-11-09,SYN_POOL_A14,9.6,9.62,9.58,9.59
2023-11-10,SYN_POOL_A14,9.61,9.62,9.58,9.59
2023-11-13,SYN_POOL_A14,9.61,9.62,9.58,9.6
2023-11-14,SYN_POOL_A14,9.61,9.63,9.58,9.6
2023-11-15,SYN_POOL_A14,9.62,9.63,9.58,9.6
2023-11-16,SYN_POOL_A14,9.62,9.64,9.58,9.6
2023-11-17,SYN_POOL_A14,9.62,9.64,9.58,9.6
2023-11-20,SYN_POOL_A14,9.58,9.62,9.56,9.6
2023-11-21,SYN_POOL_A14,9.58,9.6,9.51,9.53
2023-11-22,SYN_POOL_A14,9.51,9.54,9.5,9.53
2023-11-23,SYN_POOL_A14,9.51,9.54,9.5,9.53
2023-11-24,SYN_POOL_A14,9.51,9.54,9.51,9.53
2023-11-27,SYN_POOL_A14,9.52,9.54,9.51,9.53
2023-11-28,SYN_POOL_A14,9.52,9.54,9.51,9.53
2023-11-29,SYN_POOL_A14,9.52,9.54,9.52,9.54
2023-11-30,SYN_POOL_A14,9.53,9.54,9.52,9.54
2023-12-01,SYN_POOL_A14,9.53,9.54,9.53,9.54
2023-12-04,SYN_POOL_A14,9.53,9.54,9.53,9.54
2023-12-05,SYN_POOL_A14,9.54,9.54,9.54,9.54
2023-12-06,SYN_POOL_A14,9.54,9.54,9.54,9.54
2023-12-07,SYN_POOL_A14,9.54,9.55,9.54,9.54
2023-12-08,SYN_POOL_A14,9.55,9.55,9.54,9.55
2023-12-11,SYN_POOL_A14,9.55,9.55,9.54,9.55
2023-12-12,SYN_POOL_A14,9.55,9.56,9.54,9.55
2023-12-13,SYN_POOL_A14,9.55,9.56,9.54,9.55
2023-12-14,SYN_POOL_A14,9.56,9.57,9.54,9.55
2023-12-15,SYN_POOL_A14,9.56,9.57,9.54,9.55
2023-12-18,SYN_POOL_A14,9.56,9.57,9.54,9.55
2023-12-19,SYN_POOL_A14,9.57,9.58,9.54,9.56
2023-12-20,SYN_POOL_A14,9.57,9.58,9.54,9.56
2023-12-21,SYN_POOL_A14,9.57,9.59,9.54,9.56
2023-12-22,SYN_POOL_A14,9.58,9.59,9.54,9.56
2023-12-25,SYN_POOL_A14,9.58,9.6,9.54,9.56
2023-12-26,SYN_POOL_A14,9.58,9.6,9.55,9.56
2023-12-27,SYN_POOL_A14,9.58,9.6,9.55,9.56
2023-12-28,SYN_POOL_A14,9.54,9.58,9.53,9.57
2023-12-29,SYN_POOL_A14,9.55,9.56,9.48,9.49
2024-01-01,SYN_POOL_A14,9.47,9.51,9.46,9.49
2024-01-02,SYN_POOL_A14,9.48,9.51,9.46,9.49
2024-01-03,SYN_POOL_A14,9.48,9.51,9.47,9.5
2024-01-04,SYN_POOL_A14,9.48,9.51,9.47,9.5
2024-01-05,SYN_POOL_A14,9.48,9.51,9.48,9.5
2024-01-08,SYN_POOL_A14,9.49,9.51,9.48,9.5
2024-01-09,SYN_POOL_A14,9.49,9.51,9.49,9.5
2024-01-10,SYN_POOL_A14,9.49,9.51,9.49,9.5
2024-01-11,SYN_POOL_A14,9.5,9.51,9.5,9.5
2024-01-12,SYN_POOL_A14,9.5,9.51,9.5,9.51
2024-01-15,SYN_POOL_A14,9.5,9.51,9.5,9.51
2024-01-16,SYN_POOL_A14,9.51,9.51,9.5,9.51
2024-01-17,SYN_POOL_A14,9.51,9.51,9.5,9.51
2024-01-18,SYN_POOL_A14,9.51,9.52,9.51,9.51
2024-01-19,SYN_POOL_A14,9.51,9.52,9.51,9.51
2024-01-22,SYN_POOL_A14,9.52,9.52,9.51,9.51
2024-01-23,SYN_POOL_A14,9.52,9.53,9.51,9.52
2024-01-24,SYN_POOL_A14,9.52,9.53,9.51,9.52
2024-01-25,SYN_POOL_A14,9.53,9.54,9.51,9.52
2024-01-26,SYN_POOL_A14,9.53,9.54,9.51,9.52
2024-01-29,SYN_POOL_A14,9.53,9.55,9.51,9.52
2024-01-30,SYN_POOL_A14,9.54,9.55,9.51,9.52
2024-01-31,SYN_POOL_A14,9.54,9.55,9.51,9.52
2024-02-01,SYN_POOL_A14,9.54,9.56,9.51,9.52
2024-02-02,SYN_POOL_A14,9.55,9.56,9.51,9.53
2024-02-05,SYN_POOL_A14,9.55,9.57,9.51,9.53
2024-02-06,SYN_POOL_A14,9.51,9.55,9.49,9.53
2024-02-07,SYN_POOL_A14,9.51,9.55,9.49,9.53
2024-02-08,SYN_POOL_A14,9.51,9.53,9.44,9.46
2024-02-09,SYN_POOL_A14,9.44,9.47,9.43,9.46
2024-02-12,SYN_POOL_A14,9.44,9.47,9.43,9.46
2024-02-13,SYN_POOL_A14,9.44,9.47,9.44,9.46
2024-02-14,SYN_POOL_A14,9.45,9.47,9.44,9.46
2024-02-15,SYN_POOL_A14,9.45,9.47,9.45,9.46
2024-02-16,SYN_POOL_A14,9.45,9.47,9.45,9.46
2024-02-19,SYN_POOL_A14,9.46,9.47,9.45,9.47
2024-02-20,SYN_POOL_A14,9.46,9.47,9.46,9.47
2024-02-21,SYN_POOL_A14,9.46,9.47,9.46,9.47
2024-02-22,SYN_POOL_A14,9.47,9.47,9.46,9.47
2024-02-23,SYN_POOL_A14,9.47,9.47,9.47,9.47
2024-02-26,SYN_POOL_A14,9.47,9.48,9.47,9.47
2024-02-27,SYN_POOL_A14,9.47,9.48,9.47,9.47
2024-02-28,SYN_POOL_A14,9.48,9.48,9.47,9.48
2024-02-29,SYN_POOL_A14,9.48,9.49,9.47,9.48
2024-03-01,SYN_POOL_A14,9.48,9.49,9.47,9.48
2024-03-04,SYN_POOL_A14,9.49,9.5,9.47,9.48
2024-03-05,SYN_POOL_A14,9.49,9.5,9.47,9.48
2024-03-06,SYN_POOL_A14,9.49,9.5,9.47,9.48
2024-03-07,SYN_POOL_A14,9.5,9.51,9.47,9.48
2024-03-08,SYN_POOL_A14,9.5,9.51,9.47,9.49
2024-03-11,SYN_POOL_A14,9.5,9.52,9.47,9.49
2024-03-12,SYN_POOL_A14,9.51,9.52,9.47,9.49
2024-03-13,SYN_POOL_A14,9.51,9.53,9.47,9.49
2024-03-14,SYN_POOL_A14,9.51,9.53,9.47,9.49
2024-03-15,SYN_POOL_A14,9.47,9.51,9.45,9.49
2024-03-18,SYN_POOL_A14,9.47,9.51,9.46,9.49
2024-03-19,SYN_POOL_A14,9.47,9.49,9.41,9.42
2024-03-20,SYN_POOL_A14,9.4,9.43,9.39,9.42
2024-03-21,SYN_POOL_A14,9.41,9.43,9.4,9.42
2024-03-22,SYN_POOL_A14,9.41,9.43,9.4,9.42
2024-03-25,SYN_POOL_A14,9.41,9.43,9.4,9.43
2024-03-26,SYN_POOL_A14,9.41,9.43,9.41,9.43
2024-03-27,SYN_POOL_A14,9.42,9.43,9.41,9.43
2024-03-28,SYN_POOL_A14,9.42,9.43,9.42,9.43
2024-03-29,SYN_POOL_A14,9.42,9.43,9.42,9.43
2024-04-01,SYN_POOL_A14,9.43,9.43,9.43,9.43
2024-04-02,SYN_POOL_A14,9.43,9.43,9.43,9.43
2024-04-03,SYN_POOL_A14,9.43,9.44,9.43,9.44
2024-04-04,SYN_POOL_A14,9.44,9.44,9.43,9.44
2024-04-05,SYN_POOL_A14,9.44,9.44,9.43,9.44
2024-04-08,SYN_POOL_A14,9.44,9.45,9.43,9.44
2024-04-09,SYN_POOL_A14,9.44,9.45,9.43,9.44
2024-04-10,SYN_POOL_A14,9.45,9.45,9.43,9.44
2024-04-11,SYN_POOL_A14,9.45,9.46,9.43,9.44
2024-04-12,SYN_POOL_A14,9.45,9.46,9.43,9.45
2024-04-15,SYN_POOL_A14,9.46,9.47,9.43,9.45
2024-04-16,SYN_POOL_A14,9.46,9.47,9.43,9.45
2024-04-17,SYN_POOL_A14,9.46,9.48,9.43,9.45
2024-04-18,SYN_POOL_A14,9.47,9.48,9.43,9.45
2024-04-19,SYN_POOL_A14,9.47,9.48,9.43,9.45
2024-04-22,SYN_POOL_A14,9.47,9.49,9.44,9.45
2024-04-23,SYN_POOL_A14,9.47,9.49,9.44,9.45
2024-04-24,SYN_POOL_A14,9.48,9.49,9.44,9.46
2024-04-25,SYN_POOL_A14,9.43,9.47,9.42,9.46
2024-04-26,SYN_POOL_A14,9.44,9.45,9.37,9.38
2024-04-29,SYN_POOL_A14,9.37,9.4,9.35,9.39
2024-04-30,SYN_POOL_A14,9.37,9.4,9.36,9.39
2024-05-01,SYN_POOL_A14,9.37,9.4,9.36,9.39
2024-05-02,SYN_POOL_A14,9.37,9.4,9.37,9.39
2024-05-03,SYN_POOL_A14,9.38,9.4,9.37,9.39
2024-05-06,SYN_POOL_A14,9.38,9.4,9.38,9.39
2024-05-07,SYN_POOL_A14,9.38,9.4,9.38,9.39
2024-05-08,SYN_POOL_A14,9.39,9.4,9.38,9.39
2024-05-09,SYN_POOL_A14,9.39,9.4,9.39,9.4
2024-05-10,SYN_POOL_A14,9.39,9.4,9.39,9.4
2024-05-13,SYN_POOL_A14,9.4,9.4,9.39,9.4
2024-05-14,SYN_POOL_A14,9.4,9.4,9.4,9.4
2024-05-15,SYN_POOL_A14,9.4,9.4,9.4,9.4
2024-05-16,SYN_POOL_A14,9.4,9.41,9.4,9.4
2024-05-17,SYN_POOL_A14,9.41,9.41,9.4,9.4
2024-05-20,SYN_POOL_A14,9.41,9.42,9.4,9.41
2024-05-21,SYN_POOL_A14,9.41,9.42,9.4,9.41
2024-05-22,SYN_POOL_A14,9.42,9.43,9.4,9.41
2024-05-23,SYN_POOL_A14,9.42,9.43,9.4,9.41
2024-05-24,SYN_POOL_A14,9.42,9.43,9.4,9.41
2024-05-27,SYN_POOL_A14,9.43,9.44,9.4,9.41
2024-05-28,SYN_POOL_A14,9.43,9.44,9.4,9.41
2024-05-29,SYN_POOL_A14,9.43,9.45,9.4,9.42
2024-05-30,SYN_POOL_A14,9.43,9.45,9.4,9.42
2024-05-31,SYN_POOL_A14,9.44,9.46,9.4,9.42
2024-06-03,SYN_POOL_A14,9.44,9.46,9.4,9.42
2024-06-04,SYN_POOL_A14,9.4,9.44,9.38,9.42
2024-06-05,SYN_POOL_A14,9.4,9.42,9.33,9.35
2024-06-06,SYN_POOL_A14,9.33,9.36,9.32,9.35
2024-06-07,SYN_POOL_A14,9.33,9.36,9.32,9.35
2024-06-10,SYN_POOL_A14,9.34,9.36,9.33,9.35
2024-06-11,SYN_POOL_A14,9.34,9.36,9.33,9.35
2024-06-12,SYN_POOL_A14,9.34,9.36,9.33,9.35
2024-06-13,SYN_POOL_A14,9.34,9.36,9.34,9.36
2024-06-14,SYN_POOL_A14,9.35,9.36,9.34,9.36
2024-06-17,SYN_POOL_A14,9.35,9.36,9.35,9.36
2024-06-18,SYN_POOL_A14,9.35,9.36,9.35,9.36
2024-06-19,SYN_POOL_A14,9.36,9.36,9.36,9.36
2024-06-20,SYN_POOL_A14,9.36,9.36,9.36,9.36
2024-06-21,SYN_POOL_A14,9.36,9.37,9.36,9.36
2024-06-24,SYN_POOL_A14,9.36,9.37,9.36,9.37
2024-06-25,SYN_POOL_A14,9.37,9.37,9.36,9.37
2024-06-26,SYN_POOL_A14,9.37,9.38,9.36,9.37
2024-06-27,SYN_POOL_A14,9.37,9.38,9.36,9.37
2024-06-28,SYN_POOL_A14,9.38,9.38,9.36,9.37
2024-07-01,SYN_POOL_A14,9.38,9.39,9.36,9.37
2024-07-02,SYN_POOL_A14,9.38,9.39,9.36,9.37
2024-07-03,SYN_POOL_A14,9.39,9.4,9.36,9.38
2024-07-04,SYN_POOL_A14,9.39,9.4,9.36,9.38
2024-07-05,SYN_POOL_A14,9.39,9.41,9.36,9.38
2024-07-08,SYN_POOL_A14,9.39,9.41,9.36,9.38
2024-07-09,SYN_POOL_A14,9.4,9.41,9.36,9.38
2024-07-10,SYN_POOL_A14,9.4,9.42,9.36,9.38
2024-07-11,SYN_POOL_A14,9.4,9.42,9.37,9.38
2024-07-12,SYN_POOL_A14,9.36,9.4,9.35,9.38
2024-07-15,SYN_POOL_A14,9.36,9.38,9.3,9.31
2024-07-16,SYN_POOL_A14,9.29,9.33,9.28,9.31
2024-07-17,SYN_POOL_A14,9.3,9.33,9.29,9.31
2024-07-18,SYN_POOL_A14,9.3,9.33,9.29,9.32
2024-07-19,SYN_POOL_A14,9.3,9.33,9.29,9.32
2024-07-22,SYN_POOL_A14,9.3,9.33,9.3,9.32
2024-07-23,SYN_POOL_A14,9.31,9.33,9.3,9.32
2024-07-24,SYN_POOL_A14,9.31,9.33,9.31,9.32
2024-07-25,SYN_POOL_A14,9.31,9.33,9.31,9.32
2024-07-26,SYN_POOL_A14,9.32,9.33,9.32,9.32
2024-07-29,SYN_POOL_A14,9.32,9.33,9.32,9.33
2024-07-30,SYN_POOL_A14,9.32,9.33,9.32,9.33
2024-07-31,SYN_POOL_A14,9.33,9.33,9.32,9.33
2024-08-01,SYN_POOL_A14,9.33,9.33,9.32,9.33
2024-08-02,SYN_POOL_A14,9.33,9.33,9.33,9.33
2024-08-05,SYN_POOL_A14,9.33,9.34,9.33,9.33
2024-08-06,SYN_POOL_A14,9.34,9.34,9.33,9.33
2024-08-07,SYN_POOL_A14,9.34,9.35,9.33,9.33
2024-08-08,SYN_POOL_A14,9.34,9.35,9.33,9.34
2024-08-09,SYN_POOL_A14,9.35,9.36,9.33,9.34
2024-08-12,SYN_POOL_A14,9.35,9.36,9.33,9.34
2024-08-13,SYN_POOL_A14,9.35,9.36,9.33,9.34
2024-08-14,SYN_POOL_A14,9.35,9.37,9.33,9.34
2024-08-15,SYN_POOL_A14,9.36,9.37,9.33,9.34
2024-08-16,SYN_POOL_A14,9.36,9.38,9.33,9.34
2024-08-19,SYN_POOL_A14,9.36,9.38,9.33,9.35
2024-08-20,SYN_POOL_A14,9.37,9.38,9.33,9.35
2024-08-21,SYN_POOL_A14,9.32,9.36,9.31,9.35
2024-08-22,SYN_POOL_A14,9.33,9.37,9.31,9.35
2024-08-23,SYN_POOL_A14,9.33,9.34,9.26,9.28
2024-08-26,SYN_POOL_A14,9.26,9.29,9.25,9.28
2024-08-27,SYN_POOL_A14,9.26,9.29,9.25,9.28
2024-08-28,SYN_POOL_A14,9.27,9.29,9.26,9.28
2024-08-29,SYN_POOL_A14,9.27,9.29,9.26,9.28
2024-08-30,SYN_POOL_A14,9.27,9.29,9.27,9.28
2024-09-02,SYN_POOL_A14,9.27,9.29,9.27,9.28
2024-09-03,SYN_POOL_A14,9.28,9.29,9.27,9.29
2024-09-04,SYN_POOL_A14,9.28,9.29,9.28,9.29
2024-09-05,SYN_POOL_A14,9.28,9.29,9.28,9.29
2024-09-06,SYN_POOL_A14,9.29,9.29,9.28,9.29
2024-09-09,SYN_POOL_A14,9.29,9.29,9.29,9.29
2024-09-10,SYN_POOL_A14,9.29,9.29,9.29,9.29
2024-09-11,SYN_POOL_A14,9.29,9.3,9.29,9.29
2024-09-12,SYN_POOL_A14,9.3,9.3,9.29,9.3
2024-09-13,SYN_POOL_A14,9.3,9.31,9.29,9.3
2024-09-16,SYN_POOL_A14,9.3,9.31,9.29,9.3
2024-09-17,SYN_POOL_A14,9.31,9.31,9.29,9.3
2024-09-18,SYN_POOL_A14,9.31,9.32,9.29,9.3
2024-09-19,SYN_POOL_A14,9.31,9.32,9.29,9.3
2024-09-20,SYN_POOL_A14,9.32,9.33,9.29,9.3
2024-09-23,SYN_POOL_A14,9.32,9.33,9.29,9.31
2024-09-24,SYN_POOL_A14,9.32,9.34,9.29,9.31
2024-09-25,SYN_POOL_A14,9.32,9.34,9.29,9.31
2024-09-26,SYN_POOL_A14,9.33,9.34,9.29,9.31
2024-09-27,SYN_POOL_A14,9.33,9.35,9.29,9.31
2024-09-30,SYN_POOL_A14,9.33,9.35,9.3,9.31
2024-10-01,SYN_POOL_A14,9.29,9.33,9.28,9.31
2024-10-02,SYN_POOL_A14,9.29,9.31,9.23,9.24
2024-10-03,SYN_POOL_A14,9.22,9.25,9.21,9.24
2024-10-04,SYN_POOL_A14,9.23,9.25,9.22,9.24
2024-10-07,SYN_POOL_A14,9.23,9.25,9.22,9.24
2024-10-08,SYN_POOL_A14,9.23,9.25,9.22,9.25
2024-10-09,SYN_POOL_A14,9.23,9.25,9.23,9.25
2024-10-10,SYN_POOL_A14,9.24,9.25,9.23,9.25
2024-10-11,SYN_POOL_A14,9.24,9.25,9.24,9.25
2024-10-14,SYN_POOL_A14,9.24,9.25,9.24,9.25
2024-10-15,SYN_POOL_A14,9.25,9.25,9.25,9.25
2024-10-16,SYN_POOL_A14,9.25,9.25,9.25,9.25
2024-10-17,SYN_POOL_A14,9.25,9.26,9.25,9.26
2024-10-18,SYN_POOL_A14,9.26,9.26,9.25,9.26
2024-10-21,SYN_POOL_A14,9.26,9.26,9.25,9.26
2024-10-22,SYN_POOL_A14,9.26,9.27,9.25,9.26
2024-10-23,SYN_POOL_A14,9.26,9.27,9.25,9.26
2024-10-24,SYN_POOL_A14,9.27,9.27,9.25,9.26
2024-10-25,SYN_POOL_A14,9.27,9.28,9.25,9.26
2024-10-28,SYN_POOL_A14,9.27,9.28,9.25,9.26
2024-10-29,SYN_POOL_A14,9.28,9.29,9.25,9.27
2024-10-30,SYN_POOL_A14,9.28,9.29,9.25,9.27
2024-10-31,SYN_POOL_A14,9.28,9.29,9.25,9.27
2024-11-01,SYN_POOL_A14,9.28,9.3,9.25,9.27
2024-11-04,SYN_POOL_A14,9.29,9.3,9.25,9.27
2024-11-05,SYN_POOL_A14,9.29,9.31,9.25,9.27
2024-11-06,SYN_POOL_A14,9.29,9.31,9.26,9.27
2024-11-07,SYN_POOL_A14,9.3,9.31,9.26,9.28
2024-11-08,SYN_POOL_A14,9.25,9.29,9.24,9.28
2024-11-11,SYN_POOL_A14,9.26,9.27,9.19,9.2
2024-11-12,SYN_POOL_A14,9.19,9.22,9.18,9.21
2024-11-13,SYN_POOL_A14,9.19,9.22,9.18,9.21
2024-11-14,SYN_POOL_A14,9.19,9.22,9.18,9.21
2024-11-15,SYN_POOL_A14,9.2,9.22,9.19,9.21
2024-11-18,SYN_POOL_A14,9.2,9.22,9.19,9.21
2024-11-19,SYN_POOL_A14,9.2,9.22,9.2,9.21
2024-11-20,SYN_POOL_A14,9.2,9.22,9.2,9.21
2024-11-21,SYN_POOL_A14,9.21,9.22,9.2,9.21
2024-11-22,SYN_POOL_A14,9.21,9.22,9.21,9.22
2024-11-25,SYN_POOL_A14,9.21,9.22,9.21,9.22
2024-11-26,SYN_POOL_A14,9.22,9.22,9.21,9.22
2024-11-27,SYN_POOL_A14,9.22,9.22,9.22,9.22
2024-11-28,SYN_POOL_A14,9.22,9.22,9.22,9.22
2024-11-29,SYN_POOL_A14,9.22,9.23,9.22,9.22
2024-12-02,SYN_POOL_A14,9.23,9.23,9.22,9.22
2024-12-03,SYN_POOL_A14,9.23,9.24,9.22,9.23
2024-12-04,SYN_POOL_A14,9.23,9.24,9.22,9.23
2024-12-05,SYN_POOL_A14,9.24,9.25,9.22,9.23
2024-12-06,SYN_POOL_A14,9.24,9.25,9.22,9.23
2024-12-09,SYN_POOL_A14,9.24,9.25,9.22,9.23
2024-12-10,SYN_POOL_A14,9.24,9.26,9.22,9.23
2024-12-11,SYN_POOL_A14,9.25,9.26,9.22,9.23
2024-12-12,SYN_POOL_A14,9.25,9.27,9.22,9.24
2024-12-13,SYN_POOL_A14,9.25,9.27,9.22,9.24
2024-12-16,SYN_POOL_A14,9.26,9.27,9.22,9.24
2024-12-17,SYN_POOL_A14,9.26,9.28,9.22,9.24
2024-12-18,SYN_POOL_A14,9.22,9.26,9.2,9.24
2024-12-19,SYN_POOL_A14,9.22,9.24,9.16,9.17
2024-12-20,SYN_POOL_A14,9.15,9.18,9.14,9.17
2024-12-23,SYN_POOL_A14,9.15,9.18,9.14,9.17
2024-12-24,SYN_POOL_A14,9.16,9.18,9.15,9.17
2024-12-25,SYN_POOL_A14,9.16,9.18,9.15,9.17
2024-12-26,SYN_POOL_A14,9.16,9.18,9.16,9.17
2024-12-27,SYN_POOL_A14,9.16,9.18,9.16,9.18
2024-12-30,SYN_POOL_A14,9.17,9.18,9.16,9.18
2024-12-31,SYN_POOL_A14,9.17,9.18,9.17,9.18
2025-01-01,SYN_POOL_A14,9.17,9.18,9.17,9.18
2025-01-02,SYN_POOL_A14,9.18,9.18,9.18,9.18
2025-01-03,SYN_POOL_A14,9.18,9.18,9.18,9.18
2025-01-06,SYN_POOL_A14,9.18,9.19,9.18,9.18
2025-01-07,SYN_POOL_A14,9.18,9.19,9.18,9.19
2025-01-08,SYN_POOL_A14,9.19,9.19,9.18,9.19
2025-01-09,SYN_POOL_A14,9.19,9.2,9.18,9.19
2025-01-10,SYN_POOL_A14,9.19,9.2,9.18,9.19
2025-01-13,SYN_POOL_A14,9.2,9.2,9.18,9.19
2025-01-14,SYN_POOL_A14,9.2,9.21,9.18,9.19
2025-01-15,SYN_POOL_A14,9.2,9.21,9.18,9.19
2025-01-16,SYN_POOL_A14,9.2,9.22,9.18,9.19
2025-01-17,SYN_POOL_A14,9.21,9.22,9.18,9.2
2025-01-20,SYN_POOL_A14,9.21,9.22,9.18,9.2
2025-01-21,SYN_POOL_A14,9.21,9.23,9.18,9.2
2025-01-22,SYN_POOL_A14,9.22,9.23,9.18,9.2
2025-01-23,SYN_POOL_A14,9.22,9.24,9.18,9.2
2025-01-24,SYN_POOL_A14,9.22,9.24,9.19,9.2
2025-01-27,SYN_POOL_A14,9.18,9.22,9.17,9.2
2025-01-28,SYN_POOL_A14,9.18,9.22,9.17,9.21
2025-01-29,SYN_POOL_A14,9.19,9.2,9.12,9.13
2025-01-30,SYN_POOL_A14,9.12,9.15,9.11,9.13
2025-01-31,SYN_POOL_A14,9.12,9.15,9.11,9.14
2025-02-03,SYN_POOL_A14,9.12,9.15,9.11,9.14
2025-02-04,SYN_POOL_A14,9.13,9.15,9.12,9.14
2025-02-05,SYN_POOL_A14,9.13,9.15,9.12,9.14
2025-02-06,SYN_POOL_A14,9.13,9.15,9.13,9.14
2025-02-07,SYN_POOL_A14,9.13,9.15,9.13,9.14
2025-02-10,SYN_POOL_A14,9.14,9.15,9.14,9.14
2025-02-11,SYN_POOL_A14,9.14,9.15,9.14,9.15
2025-02-12,SYN_POOL_A14,9.14,9.15,9.14,9.15
2025-02-13,SYN_POOL_A14,9.15,9.15,9.14,9.15
2025-02-14,SYN_POOL_A14,9.15,9.15,9.14,9.15
2025-02-17,SYN_POOL_A14,9.15,9.15,9.15,9.15
2025-02-18,SYN_POOL_A14,9.15,9.16,9.15,9.15
2025-02-19,SYN_POOL_A14,9.16,9.16,9.15,9.15
2025-02-20,SYN_POOL_A14,9.16,9.17,9.15,9.15
2025-02-21,SYN_POOL_A14,9.16,9.17,9.15,9.16
2025-02-24,SYN_POOL_A14,9.17,9.18,9.15,9.16
2025-02-25,SYN_POOL_A14,9.17,9.18,9.15,9.16
2025-02-26,SYN_POOL_A14,9.17,9.18,9.15,9.16
2025-02-27,SYN_POOL_A14,9.17,9.19,9.15,9.16
2025-02-28,SYN_POOL_A14,9.18,9.19,9.15,9.16
2025-03-03,SYN_POOL_A14,9.18,9.2,9.15,9.16
2025-03-04,SYN_POOL_A14,9.18,9.2,9.15,9.16
2025-03-05,SYN_POOL_A14,9.19,9.2,9.15,9.17
2025-03-06,SYN_POOL_A14,9.14,9.18,9.13,9.17
2025-03-07,SYN_POOL_A14,9.15,9.18,9.13,9.17
2025-03-10,SYN_POOL_A14,9.15,9.16,9.09,9.1
2025-03-11,SYN_POOL_A14,9.08,9.11,9.07,9.1
2025-03-12,SYN_POOL_A14,9.08,9.11,9.07,9.1
2025-03-13,SYN_POOL_A14,9.09,9.11,9.08,9.1
2025-03-14,SYN_POOL_A14,9.09,9.11,9.08,9.1
2025-03-17,SYN_POOL_A14,9.09,9.11,9.09,9.1
2025-03-18,SYN_POOL_A14,9.09,9.11,9.09,9.1
2025-03-19,SYN_POOL_A14,9.1,9.11,9.09,9.11
2025-03-20,SYN_POOL_A14,9.1,9.11,9.1,9.11
2025-03-21,SYN_POOL_A14,9.1,9.11,9.1,9.11
2025-03-24,SYN_POOL_A14,9.11,9.11,9.1,9.11
2025-03-25,SYN_POOL_A14,9.11,9.11,9.11,9.11
2025-03-26,SYN_POOL_A14,9.11,9.11,9.11,9.11
2025-03-27,SYN_POOL_A14,9.11,9.12,9.11,9.11
2025-03-28,SYN_POOL_A14,9.12,9.12,9.11,9.12
2025-03-31,SYN_POOL_A14,9.12,9.13,9.11,9.12
2025-04-01,SYN_POOL_A14,9.12,9.13,9.11,9.12
2025-04-02,SYN_POOL_A14,9.13,9.13,9.11,9.12
2025-04-03,SYN_POOL_A14,9.13,9.14,9.11,9.12
2025-04-04,SYN_POOL_A14,9.13,9.14,9.11,9.12
2025-04-07,SYN_POOL_A14,9.13,9.15,9.11,9.12
2025-04-08,SYN_POOL_A14,9.14,9.15,9.11,9.12
2025-04-09,SYN_POOL_A14,9.14,9.15,9.11,9.13
2025-04-10,SYN_POOL_A14,9.14,9.16,9.11,9.13
2025-04-11,SYN_POOL_A14,9.15,9.16,9.11,9.13
2025-04-14,SYN_POOL_A14,9.15,9.17,9.11,9.13
2025-04-15,SYN_POOL_A14,9.15,9.17,9.12,9.13
2025-04-16,SYN_POOL_A14,9.11,9.15,9.1,9.13
2025-04-17,SYN_POOL_A14,9.11,9.13,9.05,9.06
2025-04-18,SYN_POOL_A14,9.04,9.07,9.03,9.06
2025-04-21,SYN_POOL_A14,9.05,9.07,9.04,9.06
2025-04-22,SYN_POOL_A14,9.05,9.07,9.04,9.06
2025-04-23,SYN_POOL_A14,9.05,9.07,9.05,9.07
2025-04-24,SYN_POOL_A14,9.06,9.07,9.05,9.07
2025-04-25,SYN_POOL_A14,9.06,9.07,9.05,9.07
2025-04-28,SYN_POOL_A14,9.06,9.07,9.06,9.07
2025-04-29,SYN_POOL_A14,9.06,9.07,9.06,9.07
2025-04-30,SYN_POOL_A14,9.07,9.07,9.07,9.07
2025-05-01,SYN_POOL_A14,9.07,9.07,9.07,9.07
2025-05-02,SYN_POOL_A14,9.07,9.08,9.07,9.08
2025-05-05,SYN_POOL_A14,9.07,9.08,9.07,9.08
2025-05-06,SYN_POOL_A14,9.08,9.08,9.07,9.08
2025-05-07,SYN_POOL_A14,9.08,9.08,9.07,9.08
2025-05-08,SYN_POOL_A14,9.08,9.09,9.07,9.08
2025-05-09,SYN_POOL_A14,9.09,9.09,9.07,9.08
2025-05-12,SYN_POOL_A14,9.09,9.1,9.07,9.08
2025-05-13,SYN_POOL_A14,9.09,9.1,9.07,9.08
2025-05-14,SYN_POOL_A14,9.09,9.11,9.07,9.09
2025-05-15,SYN_POOL_A14,9.1,9.11,9.07,9.09
2025-05-16,SYN_POOL_A14,9.1,9.11,9.07,9.09
2025-05-19,SYN_POOL_A14,9.1,9.12,9.07,9.09
2025-05-20,SYN_POOL_A14,9.11,9.12,9.07,9.09
2025-05-21,SYN_POOL_A14,9.11,9.13,9.07,9.09
2025-05-22,SYN_POOL_A14,9.11,9.13,9.08,9.09
2025-05-23,SYN_POOL_A14,9.11,9.13,9.08,9.09
2025-05-26,SYN_POOL_A14,9.07,9.11,9.06,9.1
2025-05-27,SYN_POOL_A14,9.08,9.09,9.01,9.02
2025-05-28,SYN_POOL_A14,9.01,9.04,9.0,9.03
2025-05-29,SYN_POOL_A14,9.01,9.04,9.0,9.03
2025-05-30,SYN_POOL_A14,9.01,9.04,9.0,9.03
2025-06-02,SYN_POOL_A14,9.02,9.04,9.01,9.03
2025-06-03,SYN_POOL_A14,9.02,9.04,9.01,9.03
2025-06-04,SYN_POOL_A14,9.02,9.04,9.02,9.03
2025-06-05,SYN_POOL_A14,9.02,9.04,9.02,9.03
2025-06-06,SYN_POOL_A14,9.03,9.04,9.02,9.04
2025-06-09,SYN_POOL_A14,9.03,9.04,9.03,9.04
2025-06-10,SYN_POOL_A14,9.03,9.04,9.03,9.04
2025-06-11,SYN_POOL_A14,9.04,9.04,9.03,9.04
2025-06-12,SYN_POOL_A14,9.04,9.04,9.04,9.04
2025-06-13,SYN_POOL_A14,9.04,9.04,9.04,9.04
2025-06-16,SYN_POOL_A14,9.04,9.05,9.04,9.04
2025-06-17,SYN_POOL_A14,9.05,9.05,9.04,9.04
2025-06-18,SYN_POOL_A14,9.05,9.06,9.04,9.05
2025-06-19,SYN_POOL_A14,9.05,9.06,9.04,9.05
2025-06-20,SYN_POOL_A14,9.06,9.06,9.04,9.05
2025-06-23,SYN_POOL_A14,9.06,9.07,9.04,9.05
2025-06-24,SYN_POOL_A14,9.06,9.07,9.04,9.05
2025-06-25,SYN_POOL_A14,9.06,9.08,9.04,9.05
2025-06-26,SYN_POOL_A14,9.07,9.08,9.04,9.05
2025-06-27,SYN_POOL_A14,9.07,9.08,9.04,9.05
2025-06-30,SYN_POOL_A14,9.07,9.09,9.04,9.06
2025-07-01,SYN_POOL_A14,9.08,9.09,9.04,9.06
2025-07-02,SYN_POOL_A14,9.08,9.09,9.04,9.06
2025-07-03,SYN_POOL_A14,9.04,9.08,9.02,9.06
2025-07-04,SYN_POOL_A14,9.04,9.05,8.98,8.99
2025-07-07,SYN_POOL_A14,8.97,9.0,8.96,8.99
2025-07-08,SYN_POOL_A14,8.97,9.0,8.96,8.99
2025-07-09,SYN_POOL_A14,8.98,9.0,8.97,8.99
2025-07-10,SYN_POOL_A14,8.98,9.0,8.97,8.99
2025-07-11,SYN_POOL_A14,8.98,9.0,8.98,8.99
2025-07-14,SYN_POOL_A14,8.98,9.0,8.98,9.0
2025-07-15,SYN_POOL_A14,8.99,9.0,8.98,9.0
2025-07-16,SYN_POOL_A14,8.99,9.0,8.99,9.0
2025-07-17,SYN_POOL_A14,8.99,9.0,8.99,9.0
2025-07-18,SYN_POOL_A14,9.0,9.0,9.0,9.0
2025-07-21,SYN_POOL_A14,9.0,9.0,9.0,9.0
2025-07-22,SYN_POOL_A14,9.0,9.0,9.0,9.0
2025-07-23,SYN_POOL_A14,9.0,9.01,9.0,9.01
2025-07-24,SYN_POOL_A14,9.01,9.01,9.0,9.01
2025-07-25,SYN_POOL_A14,9.01,9.01,9.0,9.01
2025-07-28,SYN_POOL_A14,9.01,9.02,9.0,9.01
2025-07-29,SYN_POOL_A14,9.02,9.02,9.0,9.01
2025-07-30,SYN_POOL_A14,9.02,9.03,9.0,9.01
2025-07-31,SYN_POOL_A14,9.02,9.03,9.0,9.01
2022-08-01,SYN_POOL_A15,9.9,9.94,9.87,9.9
2022-08-02,SYN_POOL_A15,9.86,9.97,9.83,9.94
2022-08-03,SYN_POOL_A15,9.9,10.0,9.88,9.97
2022-08-04,SYN_POOL_A15,9.94,10.03,9.92,10.01
2022-08-05,SYN_POOL_A15,9.98,10.06,9.97,10.04
2022-08-08,SYN_POOL_A15,10.02,10.09,10.02,10.08
2022-08-09,SYN_POOL_A15,10.06,10.12,10.06,10.11
2022-08-10,SYN_POOL_A15,10.1,10.15,10.1,10.15
2022-08-11,SYN_POOL_A15,10.14,10.19,10.13,10.18
2022-08-12,SYN_POOL_A15,10.19,10.23,10.17,10.22
2022-08-15,SYN_POOL_A15,10.23,10.27,10.21,10.26
2022-08-16,SYN_POOL_A15,10.27,10.31,10.24,10.29
2022-08-17,SYN_POOL_A15,10.31,10.35,10.28,10.33
2022-08-18,SYN_POOL_A15,10.35,10.39,10.32,10.36
2022-08-19,SYN_POOL_A15,10.4,10.43,10.35,10.4
2022-08-22,SYN_POOL_A15,10.44,10.48,10.39,10.43
2022-08-23,SYN_POOL_A15,10.48,10.53,10.42,10.47
2022-08-24,SYN_POOL_A15,10.52,10.57,10.45,10.51
2022-08-25,SYN_POOL_A15,10.56,10.62,10.48,10.54
2022-08-26,SYN_POOL_A15,10.61,10.67,10.51,10.58
2022-08-29,SYN_POOL_A15,10.65,10.72,10.54,10.61
2022-08-30,SYN_POOL_A15,10.69,10.77,10.58,10.65
2022-08-31,SYN_POOL_A15,10.74,10.81,10.62,10.69
2022-09-01,SYN_POOL_A15,10.6,10.79,10.54,10.72
2022-09-02,SYN_POOL_A15,10.64,10.82,10.59,10.76
2022-09-05,SYN_POOL_A15,10.68,10.74,10.45,10.5
2022-09-06,SYN_POOL_A15,10.43,10.58,10.39,10.53
2022-09-07,SYN_POOL_A15,10.47,10.62,10.44,10.57
2022-09-08,SYN_POOL_A15,10.51,10.65,10.48,10.61
2022-09-09,SYN_POOL_A15,10.56,10.68,10.53,10.64
2022-09-12,SYN_POOL_A15,10.6,10.71,10.58,10.68
2022-09-13,SYN_POOL_A15,10.64,10.74,10.62,10.71
2022-09-14,SYN_POOL_A15,10.68,10.77,10.67,10.75
2022-09-15,SYN_POOL_A15,10.73,10.8,10.72,10.79
2022-09-16,SYN_POOL_A15,10.77,10.83,10.77,10.82
2022-09-19,SYN_POOL_A15,10.81,10.86,10.81,10.86
2022-09-20,SYN_POOL_A15,10.85,10.9,10.84,10.9
2022-09-21,SYN_POOL_A15,10.9,10.94,10.88,10.93
2022-09-22,SYN_POOL_A15,10.94,10.98,10.92,10.97
2022-09-23,SYN_POOL_A15,10.98,11.02,10.96,11.0
2022-09-26,SYN_POOL_A15,11.03,11.07,10.99,11.04
2022-09-27,SYN_POOL_A15,11.07,11.11,11.03,11.08
2022-09-28,SYN_POOL_A15,11.11,11.15,11.07,11.11
2022-09-29,SYN_POOL_A15,11.15,11.2,11.1,11.15
2022-09-30,SYN_POOL_A15,11.2,11.25,11.13,11.19
2022-10-03,SYN_POOL_A15,11.24,11.29,11.16,11.22
2022-10-04,SYN_POOL_A15,11.29,11.34,11.19,11.26
2022-10-05,SYN_POOL_A15,11.33,11.39,11.23,11.3
2022-10-06,SYN_POOL_A15,11.37,11.44,11.26,11.33
2022-10-07,SYN_POOL_A15,11.42,11.49,11.3,11.37
2022-10-10,SYN_POOL_A15,11.46,11.54,11.34,11.41
2022-10-11,SYN_POOL_A15,11.31,11.52,11.25,11.45
2022-10-12,SYN_POOL_A15,11.36,11.55,11.3,11.48
2022-10-13,SYN_POOL_A15,11.4,11.46,11.15,11.2
2022-10-14,SYN_POOL_A15,11.13,11.29,11.08,11.24
2022-10-17,SYN_POOL_A15,11.17,11.32,11.13,11.28
2022-10-18,SYN_POOL_A15,11.21,11.36,11.18,11.31
2022-10-19,SYN_POOL_A15,11.26,11.39,11.23,11.35
2022-10-20,SYN_POOL_A15,11.3,11.42,11.28,11.39
2022-10-21,SYN_POOL_A15,11.34,11.45,11.33,11.42
2022-10-24,SYN_POOL_A15,11.39,11.48,11.37,11.46
2022-10-25,SYN_POOL_A15,11.43,11.51,11.42,11.5
2022-10-26,SYN_POOL_A15,11.47,11.54,11.47,11.53
2022-10-27,SYN_POOL_A15,11.52,11.57,11.51,11.57
2022-10-28,SYN_POOL_A15,11.56,11.61,11.55,11.61
2022-10-31,SYN_POOL_A15,11.61,11.65,11.59,11.64
2022-11-01,SYN_POOL_A15,11.65,11.69,11.63,11.68
2022-11-02,SYN_POOL_A15,11.69,11.74,11.67,11.72
2022-11-03,SYN_POOL_A15,11.74,11.78,11.71,11.76
2022-11-04,SYN_POOL_A15,11.78,11.82,11.74,11.79
2022-11-07,SYN_POOL_A15,11.83,11.87,11.78,11.83
2022-11-08,SYN_POOL_A15,11.87,11.91,11.82,11.87
2022-11-09,SYN_POOL_A15,11.92,11.96,11.85,11.9
2022-11-10,SYN_POOL_A15,11.96,12.02,11.88,11.94
2022-11-11,SYN_POOL_A15,12.01,12.07,11.91,11.98
2022-11-14,SYN_POOL_A15,12.05,12.12,11.94,12.02
2022-11-15,SYN_POOL_A15,12.1,12.17,11.97,12.05
2022-11-16,SYN_POOL_A15,12.14,12.22,12.01,12.09
2022-11-17,SYN_POOL_A15,12.19,12.27,12.05,12.13
2022-11-18,SYN_POOL_A15,12.23,12.31,12.1,12.17
2022-11-21,SYN_POOL_A15,12.07,12.28,12.01,12.21
2022-11-22,SYN_POOL_A15,12.12,12.18,11.85,11.91
2022-11-23,SYN_POOL_A15,11.83,12.0,11.78,11.94
2022-11-24,SYN_POOL_A15,11.87,12.03,11.82,11.98
2022-11-25,SYN_POOL_A15,11.91,12.06,11.87,12.02
2022-11-28,SYN_POOL_A15,11.96,12.1,11.92,12.05
2022-11-29,SYN_POOL_A15,12.0,12.13,11.98,12.09
2022-11-30,SYN_POOL_A15,12.05,12.16,12.03,12.13
2022-12-01,SYN_POOL_A15,12.09,12.19,12.08,12.17
2022-12-02,SYN_POOL_A15,12.14,12.22,12.13,12.2
2022-12-05,SYN_POOL_A15,12.18,12.25,12.18,12.24
2022-12-06,SYN_POOL_A15,12.23,12.29,12.22,12.28
2022-12-07,SYN_POOL_A15,12.27,12.32,12.26,12.32
2022-12-08,SYN_POOL_A15,12.32,12.36,12.3,12.36
2022-12-09,SYN_POOL_A15,12.36,12.41,12.34,12.39
2022-12-12,SYN_POOL_A15,12.41,12.45,12.38,12.43
2022-12-13,SYN_POOL_A15,12.45,12.49,12.42,12.47
2022-12-14,SYN_POOL_A15,12.5,12.54,12.46,12.51
2022-12-15,SYN_POOL_A15,12.54,12.58,12.5,12.54
2022-12-16,SYN_POOL_A15,12.59,12.63,12.53,12.58
2022-12-19,SYN_POOL_A15,12.63,12.68,12.56,12.62
2022-12-20,SYN_POOL_A15,12.68,12.74,12.59,12.66
2022-12-21,SYN_POOL_A15,12.72,12.79,12.63,12.7
2022-12-22,SYN_POOL_A15,12.77,12.84,12.66,12.74
2022-12-23,SYN_POOL_A15,12.82,12.89,12.69,12.77
2022-12-26,SYN_POOL_A15,12.86,12.95,12.72,12.81
2022-12-27,SYN_POOL_A15,12.91,13.0,12.77,12.85
2022-12-28,SYN_POOL_A15,12.96,13.04,12.81,12.89
2022-12-29,SYN_POOL_A15,12.79,13.01,12.72,12.93
2022-12-30,SYN_POOL_A15,12.83,12.9,12.55,12.61
2023-01-02,SYN_POOL_A15,12.52,12.71,12.47,12.65
2023-01-03,SYN_POOL_A15,12.57,12.74,12.52,12.68
2023-01-04,SYN_POOL_A15,12.61,12.77,12.57,12.72
2023-01-05,SYN_POOL_A15,12.66,12.81,12.62,12.76
2023-01-06,SYN_POOL_A15,12.7,12.84,12.67,12.8
2023-01-09,SYN_POOL_A15,12.75,12.87,12.72,12.84
2023-01-10,SYN_POOL_A15,12.79,12.9,12.78,12.87
2023-01-11,SYN_POOL_A15,12.84,12.93,12.83,12.91
2023-01-12,SYN_POOL_A15,12.89,12.96,12.88,12.95
2023-01-13,SYN_POOL_A15,12.93,13.0,12.93,12.99
2023-01-16,SYN_POOL_A15,12.98,13.03,12.97,13.03
2023-01-17,SYN_POOL_A15,13.02,13.07,13.01,13.07
2023-01-18,SYN_POOL_A15,13.07,13.12,13.05,13.1
2023-01-19,SYN_POOL_A15,13.12,13.16,13.09,13.14
2023-01-20,SYN_POOL_A15,13.16,13.21,13.13,13.18
2023-01-23,SYN_POOL_A15,13.21,13.25,13.17,13.22
2023-01-24,SYN_POOL_A15,13.26,13.3,13.21,13.26
2023-01-25,SYN_POOL_A15,13.3,13.35,13.24,13.3
2023-01-26,SYN_POOL_A15,13.35,13.4,13.28,13.34
2023-01-27,SYN_POOL_A15,13.4,13.46,13.31,13.38
2023-01-30,SYN_POOL_A15,13.44,13.51,13.34,13.41
2023-01-31,SYN_POOL_A15,13.49,13.56,13.37,13.45
2023-02-01,SYN_POOL_A15,13.54,13.62,13.4,13.49
2023-02-02,SYN_POOL_A15,13.59,13.67,13.44,13.53
2023-02-03,SYN_POOL_A15,13.63,13.73,13.48,13.57
2023-02-06,SYN_POOL_A15,13.68,13.77,13.53,13.61
2023-02-07,SYN_POOL_A15,13.5,13.73,13.43,13.65
2023-02-08,SYN_POOL_A15,13.55,13.62,13.24,13.31
2023-02-09,SYN_POOL_A15,13.22,13.42,13.16,13.35
2023-02-10,SYN_POOL_A15,13.26,13.45,13.21,13.39
2023-02-13,SYN_POOL_A15,13.31,13.48,13.26,13.43
2023-02-14,SYN_POOL_A15,13.36,13.51,13.32,13.47
2023-02-15,SYN_POOL_A15,13.4,13.55,13.37,13.5
2023-02-16,SYN_POOL_A15,13.45,13.58,13.42,13.54
2023-02-17,SYN_POOL_A15,13.5,13.61,13.48,13.58
2023-02-20,SYN_POOL_A15,13.54,13.64,13.53,13.62
2023-02-21,SYN_POOL_A15,13.59,13.68,13.58,13.66
2023-02-22,SYN_POOL_A15,13.64,13.71,13.64,13.7
2023-02-23,SYN_POOL_A15,13.69,13.74,13.68,13.74
2023-02-24,SYN_POOL_A15,13.73,13.78,13.72,13.78
2023-02-27,SYN_POOL_A15,13.78,13.83,13.76,13.82
2023-02-28,SYN_POOL_A15,13.83,13.87,13.8,13.86
2023-03-01,SYN_POOL_A15,13.87,13.92,13.84,13.9
2023-03-02,SYN_POOL_A15,13.92,13.97,13.88,13.93
2023-03-03,SYN_POOL_A15,13.97,14.01,13.92,13.97
2023-03-06,SYN_POOL_A15,14.02,14.06,13.96,14.01
2023-03-07,SYN_POOL_A15,14.07,14.12,13.99,14.05
2023-03-08,SYN_POOL_A15,14.11,14.17,14.02,14.09
2023-03-09,SYN_POOL_A15,14.16,14.23,14.05,14.13
2023-03-10,SYN_POOL_A15,14.21,14.29,14.09,14.17
2023-03-13,SYN_POOL_A15,14.26,14.34,14.12,14.21
2023-03-14,SYN_POOL_A15,14.31,14.4,14.15,14.25
2023-03-15,SYN_POOL_A15,14.36,14.45,14.2,14.29
2023-03-16,SYN_POOL_A15,14.4,14.5,14.24,14.33
2023-03-17,SYN_POOL_A15,14.21,14.46,14.13,14.37
2023-03-20,SYN_POOL_A15,14.26,14.49,14.19,14.41
2023-03-21,SYN_POOL_A15,14.31,14.38,13.99,14.05
2023-03-22,SYN_POOL_A15,13.96,14.16,13.9,14.09
2023-03-23,SYN_POOL_A15,14.01,14.19,13.96,14.13
2023-03-24,SYN_POOL_A15,14.06,14.22,14.01,14.17
2023-03-27,SYN_POOL_A15,14.1,14.26,14.07,14.21
2023-03-28,SYN_POOL_A15,14.15,14.29,14.12,14.25
2023-03-29,SYN_POOL_A15,14.2,14.32,14.18,14.29
2023-03-30,SYN_POOL_A15,14.25,14.35,14.23,14.33
2023-03-31,SYN_POOL_A15,14.3,14.39,14.29,14.37
2023-04-03,SYN_POOL_A15,14.34,14.42,14.34,14.41
2023-04-04,SYN_POOL_A15,14.39,14.45,14.39,14.45
2023-04-05,SYN_POOL_A15,14.44,14.49,14.43,14.49
2023-04-06,SYN_POOL_A15,14.49,14.54,14.47,14.53
2023-04-07,SYN_POOL_A15,14.54,14.59,14.51,14.57
2023-04-10,SYN_POOL_A15,14.59,14.63,14.55,14.61
2023-04-11,SYN_POOL_A15,14.63,14.68,14.59,14.65
2023-04-12,SYN_POOL_A15,14.68,14.73,14.63,14.69
2023-04-13,SYN_POOL_A15,14.73,14.78,14.67,14.73
2023-04-14,SYN_POOL_A15,14.78,14.84,14.7,14.77
2023-04-17,SYN_POOL_A15,14.83,14.89,14.74,14.81
2023-04-18,SYN_POOL_A15,14.88,14.95,14.77,14.85
2023-04-19,SYN_POOL_A15,14.93,15.01,14.8,14.89
2023-04-20,SYN_POOL_A15,14.98,15.06,14.84,14.93
2023-04-21,SYN_POOL_A15,15.03,15.12,14.87,14.97
2023-04-24,SYN_POOL_A15,15.08,15.18,14.91,15.01
2023-04-25,SYN_POOL_A15,15.13,15.23,14.96,15.05
2023-04-26,SYN_POOL_A15,15.18,15.27,15.01,15.09
2023-04-27,SYN_POOL_A15,14.97,15.22,14.9,15.13
2023-04-28,SYN_POOL_A15,15.02,15.1,14.69,14.75
2023-05-01,SYN_POOL_A15,14.66,14.87,14.6,14.79
2023-05-02,SYN_POOL_A15,14.71,14.9,14.65,14.84
2023-05-03,SYN_POOL_A15,14.75,14.93,14.71,14.88
2023-05-04,SYN_POOL_A15,14.8,14.97,14.76,14.92
2023-05-05,SYN_POOL_A15,14.85,15.0,14.82,14.96
2023-05-08,SYN_POOL_A15,14.9,15.03,14.88,15.0
2023-05-09,SYN_POOL_A15,14.95,15.06,14.93,15.04
2023-05-10,SYN_POOL_A15,15.0,15.1,14.99,15.08
2023-05-11,SYN_POOL_A15,15.05,15.13,15.05,15.12
2023-05-12,SYN_POOL_A15,15.1,15.16,15.09,15.16
2023-05-15,SYN_POOL_A15,15.15,15.2,15.14,15.2
2023-05-16,SYN_POOL_A15,15.2,15.25,15.18,15.24
2023-05-17,SYN_POOL_A15,15.25,15.3,15.22,15.28
2023-05-18,SYN_POOL_A15,15.3,15.35,15.26,15.32
2023-05-19,SYN_POOL_A15,15.35,15.39,15.3,15.36
2023-05-22,SYN_POOL_A15,15.4,15.44,15.35,15.4
2023-05-23,SYN_POOL_A15,15.45,15.49,15.38,15.44
2023-05-24,SYN_POOL_A15,15.5,15.55,15.42,15.48
2023-05-25,SYN_POOL_A15,15.55,15.61,15.45,15.52
2023-05-26,SYN_POOL_A15,15.6,15.67,15.48,15.57
2023-05-29,SYN_POOL_A15,15.65,15.73,15.52,15.61
2023-05-30,SYN_POOL_A15,15.7,15.79,15.55,15.65
2023-05-31,SYN_POOL_A15,15.75,15.85,15.58,15.69
2023-06-01,SYN_POOL_A15,15.8,15.9,15.62,15.73
2023-06-02,SYN_POOL_A15,15.85,15.96,15.67,15.77
2023-06-05,SYN_POOL_A15,15.9,16.0,15.72,15.81
2023-06-06,SYN_POOL_A15,15.69,15.95,15.6,15.85
2023-06-07,SYN_POOL_A15,15.74,15.82,15.38,15.46
2023-06-08,SYN_POOL_A15,15.35,15.57,15.29,15.5
2023-06-09,SYN_POOL_A15,15.4,15.61,15.34,15.54
2023-06-12,SYN_POOL_A15,15.45,15.64,15.4,15.58
2023-06-13,SYN_POOL_A15,15.5,15.67,15.46,15.62
2023-06-14,SYN_POOL_A15,15.55,15.71,15.52,15.66
2023-06-15,SYN_POOL_A15,15.6,15.74,15.57,15.7
2023-06-16,SYN_POOL_A15,15.65,15.77,15.63,15.74
2023-06-19,SYN_POOL_A15,15.7,15.81,15.69,15.78
2023-06-20,SYN_POOL_A15,15.75,15.84,15.75,15.83
2023-06-21,SYN_POOL_A15,15.8,15.87,15.8,15.87
2023-06-22,SYN_POOL_A15,15.85,15.91,15.84,15.91
2023-06-23,SYN_POOL_A15,15.91,15.96,15.89,15.95
2023-06-26,SYN_POOL_A15,15.96,16.01,15.93,15.99
2023-06-27,SYN_POOL_A15,16.01,16.06,15.97,16.03
2023-06-28,SYN_POOL_A15,16.06,16.11,16.02,16.07
2023-06-29,SYN_POOL_A15,16.11,16.16,16.06,16.12
2023-06-30,SYN_POOL_A15,16.16,16.21,16.1,16.16
2023-07-03,SYN_POOL_A15,16.21,16.27,16.13,16.2
2023-07-04,SYN_POOL_A15,16.26,16.33,16.16,16.24
2023-07-05,SYN_POOL_A15,16.31,16.39,16.2,16.28
2023-07-06,SYN_POOL_A15,16.37,16.45,16.23,16.32
2023-07-07,SYN_POOL_A15,16.42,16.51,16.27,16.37
2023-07-10,SYN_POOL_A15,16.47,16.57,16.3,16.41
2023-07-11,SYN_POOL_A15,16.52,16.63,16.34,16.45
2023-07-12,SYN_POOL_A15,16.57,16.69,16.39,16.49
2023-07-13,SYN_POOL_A15,16.63,16.73,16.44,16.53
2023-07-14,SYN_POOL_A15,16.4,16.68,16.31,16.58
2023-07-17,SYN_POOL_A15,16.45,16.54,16.08,16.16
2023-07-18,SYN_POOL_A15,16.05,16.28,15.98,16.2
2023-07-19,SYN_POOL_A15,16.1,16.32,16.04,16.24
2023-07-20,SYN_POOL_A15,16.15,16.35,16.1,16.28
2023-07-21,SYN_POOL_A15,16.2,16.38,16.15,16.33
2023-07-24,SYN_POOL_A15,16.25,16.42,16.21,16.37
2023-07-25,SYN_POOL_A15,16.3,16.45,16.27,16.41
2023-07-26,SYN_POOL_A15,16.35,16.48,16.33,16.45
2023-07-27,SYN_POOL_A15,16.41,16.52,16.39,16.49
2023-07-28,SYN_POOL_A15,16.46,16.55,16.45,16.53
2023-07-31,SYN_POOL_A15,16.51,16.59,16.51,16.58
2023-08-01,SYN_POOL_A15,16.56,16.62,16.55,16.62
2023-08-02,SYN_POOL_A15,16.61,16.67,16.59,16.66
2023-08-03,SYN_POOL_A15,16.66,16.72,16.64,16.7
2023-08-04,SYN_POOL_A15,16.72,16.77,16.68,16.74
2023-08-07,SYN_POOL_A15,16.77,16.82,16.73,16.79
2023-08-08,SYN_POOL_A15,16.82,16.87,16.77,16.83
2023-08-09,SYN_POOL_A15,16.87,16.92,16.81,16.87
2023-08-10,SYN_POOL_A15,16.93,16.98,16.85,16.91
2023-08-11,SYN_POOL_A15,16.98,17.04,16.88,16.96
2023-08-14,SYN_POOL_A15,17.03,17.11,16.91,17.0
2023-08-15,SYN_POOL_A15,17.08,17.17,16.95,17.04
2023-08-16,SYN_POOL_A15,17.14,17.23,16.98,17.08
2023-08-17,SYN_POOL_A15,17.19,17.29,17.01,17.13
2023-08-18,SYN_POOL_A15,17.24,17.35,17.05,17.17
2023-08-21,SYN_POOL_A15,17.3,17.41,17.1,17.21
2023-08-22,SYN_POOL_A15,17.35,17.46,17.15,17.25
2023-08-23,SYN_POOL_A15,17.11,17.4,17.02,17.3
2023-08-24,SYN_POOL_A15,17.17,17.44,17.08,17.34
2023-08-25,SYN_POOL_A15,17.22,17.31,16.83,16.9
2023-08-28,SYN_POOL_A15,16.79,17.02,16.73,16.95
2023-08-29,SYN_POOL_A15,16.85,17.06,16.79,16.99
2023-08-30,SYN_POOL_A15,16.9,17.09,16.85,17.03
2023-08-31,SYN_POOL_A15,16.95,17.13,16.91,17.07
2023-09-01,SYN_POOL_A15,17.0,17.16,16.97,17.11
2023-09-04,SYN_POOL_A15,17.06,17.19,17.03,17.16
2023-09-05,SYN_POOL_A15,17.11,17.23,17.09,17.2
2023-09-06,SYN_POOL_A15,17.16,17.26,17.15,17.24
2023-09-07,SYN_POOL_A15,17.21,17.3,17.21,17.29
2023-09-08,SYN_POOL_A15,17.27,17.33,17.26,17.33
2023-09-11,SYN_POOL_A15,17.32,17.38,17.3,17.37
2023-09-12,SYN_POOL_A15,17.37,17.43,17.35,17.41
2023-09-13,SYN_POOL_A15,17.43,17.48,17.39,17.46
2023-09-14,SYN_POOL_A15,17.48,17.53,17.44,17.5
2023-09-15,SYN_POOL_A15,17.53,17.58,17.48,17.54
2023-09-18,SYN_POOL_A15,17.59,17.64,17.52,17.59
2023-09-19,SYN_POOL_A15,17.64,17.7,17.56,17.63
2023-09-20,SYN_POOL_A15,17.69,17.76,17.59,17.67
2023-09-21,SYN_POOL_A15,17.75,17.82,17.63,17.71
2023-09-22,SYN_POOL_A15,17.8,17.89,17.66,17.76
2023-09-25,SYN_POOL_A15,17.86,17.95,17.7,17.8
2023-09-26,SYN_POOL_A15,17.91,18.01,17.73,17.84
2023-09-27,SYN_POOL_A15,17.96,18.08,17.76,17.89
2023-09-28,SYN_POOL_A15,18.02,18.14,17.81,17.93
2023-09-29,SYN_POOL_A15,18.07,18.19,17.86,17.97
2023-10-02,SYN_POOL_A15,17.82,18.13,17.73,18.02
2023-10-03,SYN_POOL_A15,17.88,18.17,17.79,18.06
2023-10-04,SYN_POOL_A15,17.93,18.03,17.52,17.61
2023-10-05,SYN_POOL_A15,17.49,17.73,17.42,17.65
2023-10-06,SYN_POOL_A15,17.54,17.77,17.48,17.69
2023-10-09,SYN_POOL_A15,17.6,17.8,17.54,17.73
2023-10-10,SYN_POOL_A15,17.65,17.84,17.6,17.78
2023-10-11,SYN_POOL_A15,17.7,17.87,17.67,17.82
2023-10-12,SYN_POOL_A15,17.76,17.9,17.73,17.86
2023-10-13,SYN_POOL_A15,17.81,17.92,17.79,17.88
2023-10-16,SYN_POOL_A15,17.84,17.92,17.83,17.9
2023-10-17,SYN_POOL_A15,17.87,17.93,17.87,17.92
2023-10-18,SYN_POOL_A15,17.9,17.94,17.89,17.93
2023-10-19,SYN_POOL_A15,17.92,17.95,17.91,17.95
2023-10-20,SYN_POOL_A15,17.95,17.98,17.92,17.96
2023-10-23,SYN_POOL_A15,17.97,18.0,17.94,17.98
2023-10-24,SYN_POOL_A15,18.0,18.03,17.95,18.0
2023-10-25,SYN_POOL_A15,18.03,18.07,17.96,18.01
2023-10-26,SYN_POOL_A15,18.05,18.1,17.97,18.03
2023-10-27,SYN_POOL_A15,18.08,18.14,17.97,18.04
2023-10-30,SYN_POOL_A15,18.11,18.17,17.98,18.06
2023-10-31,SYN_POOL_A15,18.13,18.21,17.99,18.07
2023-11-01,SYN_POOL_A15,18.16,18.24,17.99,18.09
2023-11-02,SYN_POOL_A15,18.19,18.28,18.0,18.11
2023-11-03,SYN_POOL_A15,18.21,18.32,18.01,18.12
2023-11-06,SYN_POOL_A15,18.24,18.35,18.01,18.14
2023-11-07,SYN_POOL_A15,18.27,18.39,18.03,18.15
2023-11-08,SYN_POOL_A15,18.29,18.42,18.06,18.17
2023-11-09,SYN_POOL_A15,18.32,18.44,18.08,18.18
2023-11-10,SYN_POOL_A15,18.04,18.31,17.95,18.2
2023-11-13,SYN_POOL_A15,18.07,18.16,17.63,17.71
2023-11-14,SYN_POOL_A15,17.59,17.81,17.52,17.73
2023-11-15,SYN_POOL_A15,17.62,17.82,17.55,17.74
2023-11-16,SYN_POOL_A15,17.65,17.83,17.59,17.76
2023-11-17,SYN_POOL_A15,17.67,17.84,17.62,17.77
2023-11-20,SYN_POOL_A15,17.7,17.84,17.66,17.79
2023-11-21,SYN_POOL_A15,17.72,17.85,17.69,17.81
2023-11-22,SYN_POOL_A15,17.75,17.86,17.73,17.82
2023-11-23,SYN_POOL_A15,17.78,17.86,17.76,17.84
2023-11-24,SYN_POOL_A15,17.8,17.87,17.8,17.85
2023-11-27,SYN_POOL_A15,17.83,17.88,17.83,17.87
2023-11-28,SYN_POOL_A15,17.86,17.89,17.84,17.88
2023-11-29,SYN_POOL_A15,17.88,17.91,17.86,17.9
2023-11-30,SYN_POOL_A15,17.91,17.94,17.88,17.92
2023-12-01,SYN_POOL_A15,17.94,17.96,17.89,17.93
2023-12-04,SYN_POOL_A15,17.96,18.0,17.9,17.95
2023-12-05,SYN_POOL_A15,17.99,18.03,17.9,17.96
2023-12-06,SYN_POOL_A15,18.01,18.07,17.91,17.98
2023-12-07,SYN_POOL_A15,18.04,18.11,17.92,17.99
2023-12-08,SYN_POOL_A15,18.07,18.14,17.92,18.01
2023-12-11,SYN_POOL_A15,18.09,18.18,17.93,18.03
2023-12-12,SYN_POOL_A15,18.12,18.21,17.94,18.04
2023-12-13,SYN_POOL_A15,18.15,18.25,17.94,18.06
2023-12-14,SYN_POOL_A15,18.17,18.28,17.95,18.07
2023-12-15,SYN_POOL_A15,18.2,18.32,17.97,18.09
2023-12-18,SYN_POOL_A15,18.23,18.35,17.99,18.1
2023-12-19,SYN_POOL_A15,18.25,18.37,18.01,18.12
2023-12-20,SYN_POOL_A15,17.97,18.24,17.88,18.13
2023-12-21,SYN_POOL_A15,18.0,18.1,17.56,17.65
2023-12-22,SYN_POOL_A15,17.53,17.75,17.45,17.67
2023-12-25,SYN_POOL_A15,17.56,17.76,17.49,17.68
2023-12-26,SYN_POOL_A15,17.58,17.77,17.52,17.7
2023-12-27,SYN_POOL_A15,17.61,17.77,17.56,17.71
2023-12-28,SYN_POOL_A15,17.63,17.78,17.59,17.73
2023-12-29,SYN_POOL_A15,17.66,17.79,17.63,17.74
2024-01-01,SYN_POOL_A15,17.69,17.79,17.66,17.76
2024-01-02,SYN_POOL_A15,17.71,17.8,17.7,17.77
2024-01-03,SYN_POOL_A15,17.74,17.81,17.73,17.79
2024-01-04,SYN_POOL_A15,17.76,17.82,17.76,17.81
2024-01-05,SYN_POOL_A15,17.79,17.82,17.78,17.82
2024-01-08,SYN_POOL_A15,17.82,17.85,17.8,17.84
2024-01-09,SYN_POOL_A15,17.84,17.87,17.81,17.85
2024-01-10,SYN_POOL_A15,17.87,17.9,17.83,17.87
2024-01-11,SYN_POOL_A15,17.9,17.93,17.84,17.88
2024-01-12,SYN_POOL_A15,17.92,17.97,17.84,17.9
2024-01-15,SYN_POOL_A15,17.95,18.0,17.85,17.92
2024-01-16,SYN_POOL_A15,17.97,18.04,17.86,17.93
2024-01-17,SYN_POOL_A15,18.0,18.07,17.86,17.95
2024-01-18,SYN_POOL_A15,18.03,18.11,17.87,17.96
2024-01-19,SYN_POOL_A15,18.05,18.14,17.88,17.98
2024-01-22,SYN_POOL_A15,18.08,18.18,17.88,17.99
2024-01-23,SYN_POOL_A15,18.11,18.21,17.89,18.01
2024-01-24,SYN_POOL_A15,18.13,18.25,17.9,18.02
2024-01-25,SYN_POOL_A15,18.16,18.29,17.92,18.04
2024-01-26,SYN_POOL_A15,18.19,18.31,17.95,18.06
2024-01-29,SYN_POOL_A15,17.91,18.18,17.81,18.07
2024-01-30,SYN_POOL_A15,17.94,18.04,17.5,17.59
2024-01-31,SYN_POOL_A15,17.47,17.69,17.39,17.6
2024-02-01,SYN_POOL_A15,17.49,17.7,17.42,17.62
2024-02-02,SYN_POOL_A15,17.52,17.71,17.46,17.63
2024-02-05,SYN_POOL_A15,17.54,17.71,17.49,17.65
2024-02-06,SYN_POOL_A15,17.57,17.72,17.53,17.66
2024-02-07,SYN_POOL_A15,17.6,17.73,17.56,17.68
2024-02-08,SYN_POOL_A15,17.62,17.73,17.6,17.7
2024-02-09,SYN_POOL_A15,17.65,17.74,17.63,17.71
2024-02-12,SYN_POOL_A15,17.67,17.75,17.67,17.73
2024-02-13,SYN_POOL_A15,17.7,17.75,17.7,17.74
2024-02-14,SYN_POOL_A15,17.73,17.76,17.72,17.76
2024-02-15,SYN_POOL_A15,17.75,17.78,17.73,17.77
2024-02-16,SYN_POOL_A15,17.78,17.8,17.75,17.79
2024-02-19,SYN_POOL_A15,17.8,17.83,17.77,17.8
2024-02-20,SYN_POOL_A15,17.83,17.86,17.78,17.82
2024-02-21,SYN_POOL_A15,17.86,17.9,17.78,17.84
2024-02-22,SYN_POOL_A15,17.88,17.93,17.79,17.85
2024-02-23,SYN_POOL_A15,17.91,17.97,17.8,17.87
2024-02-26,SYN_POOL_A15,17.94,18.0,17.8,17.88
2024-02-27,SYN_POOL_A15,17.96,18.04,17.81,17.9
2024-02-28,SYN_POOL_A15,17.99,18.07,17.81,17.91
2024-02-29,SYN_POOL_A15,18.01,18.11,17.82,17.93
2024-03-01,SYN_POOL_A15,18.04,18.15,17.83,17.94
2024-03-04,SYN_POOL_A15,18.07,18.18,17.83,17.96
2024-03-05,SYN_POOL_A15,18.09,18.22,17.86,17.98
2024-03-06,SYN_POOL_A15,18.12,18.24,17.88,17.99
2024-03-07,SYN_POOL_A15,17.84,18.12,17.74,18.01
2024-03-08,SYN_POOL_A15,17.87,18.12,17.78,18.02
2024-03-11,SYN_POOL_A15,17.9,17.99,17.46,17.54
2024-03-12,SYN_POOL_A15,17.43,17.64,17.36,17.56
2024-03-13,SYN_POOL_A15,17.45,17.64,17.39,17.57
2024-03-14,SYN_POOL_A15,17.48,17.65,17.43,17.59
2024-03-15,SYN_POOL_A15,17.5,17.66,17.46,17.6
2024-03-18,SYN_POOL_A15,17.53,17.67,17.49,17.62
2024-03-19,SYN_POOL_A15,17.56,17.67,17.53,17.63
2024-03-20,SYN_POOL_A15,17.58,17.68,17.56,17.65
2024-03-21,SYN_POOL_A15,17.61,17.69,17.6,17.66
2024-03-22,SYN_POOL_A15,17.63,17.69,17.63,17.68
2024-03-25,SYN_POOL_A15,17.66,17.7,17.65,17.7
2024-03-26,SYN_POOL_A15,17.69,17.72,17.67,17.71
2024-03-27,SYN_POOL_A15,17.71,17.74,17.69,17.73
2024-03-28,SYN_POOL_A15,17.74,17.76,17.7,17.74
2024-03-29,SYN_POOL_A15,17.76,17.8,17.71,17.76
2024-04-01,SYN_POOL_A15,17.79,17.83,17.72,17.77
2024-04-02,SYN_POOL_A15,17.82,17.87,17.73,17.79
2024-04-03,SYN_POOL_A15,17.84,17.9,17.73,17.8
2024-04-04,SYN_POOL_A15,17.87,17.94,17.74,17.82
2024-04-05,SYN_POOL_A15,17.9,17.97,17.75,17.83
2024-04-08,SYN_POOL_A15,17.92,18.01,17.75,17.85
2024-04-09,SYN_POOL_A15,17.95,18.04,17.76,17.87
2024-04-10,SYN_POOL_A15,17.97,18.08,17.77,17.88
2024-04-11,SYN_POOL_A15,18.0,18.11,17.77,17.9
2024-04-12,SYN_POOL_A15,18.03,18.15,17.79,17.91
2024-04-15,SYN_POOL_A15,18.05,18.17,17.82,17.93
2024-04-16,SYN_POOL_A15,17.78,18.06,17.68,17.94
2024-04-17,SYN_POOL_A15,17.8,18.06,17.71,17.96
2024-04-18,SYN_POOL_A15,17.83,17.92,17.4,17.48
2024-04-19,SYN_POOL_A15,17.36,17.58,17.29,17.49
2024-04-22,SYN_POOL_A15,17.39,17.58,17.33,17.51
2024-04-23,SYN_POOL_A15,17.41,17.59,17.36,17.52
2024-04-24,SYN_POOL_A15,17.44,17.6,17.39,17.54
2024-04-25,SYN_POOL_A15,17.47,17.6,17.43,17.55
2024-04-26,SYN_POOL_A15,17.49,17.61,17.46,17.57
2024-04-29,SYN_POOL_A15,17.52,17.62,17.5,17.59
2024-04-30,SYN_POOL_A15,17.54,17.62,17.53,17.6
2024-05-01,SYN_POOL_A15,17.57,17.63,17.57,17.62
2024-05-02,SYN_POOL_A15,17.6,17.64,17.59,17.63
2024-05-03,SYN_POOL_A15,17.62,17.65,17.61,17.65
2024-05-06,SYN_POOL_A15,17.65,17.67,17.62,17.66
2024-05-07,SYN_POOL_A15,17.67,17.7,17.64,17.68
2024-05-08,SYN_POOL_A15,17.7,17.73,17.65,17.69
2024-05-09,SYN_POOL_A15,17.73,17.76,17.66,17.71
2024-05-10,SYN_POOL_A15,17.75,17.8,17.67,17.72
2024-05-13,SYN_POOL_A15,17.78,17.83,17.67,17.74
2024-05-14,SYN_POOL_A15,17.8,17.87,17.68,17.76
2024-05-15,SYN_POOL_A15,17.83,17.9,17.69,17.77
2024-05-16,SYN_POOL_A15,17.86,17.94,17.69,17.79
2024-05-17,SYN_POOL_A15,17.88,17.97,17.7,17.8
2024-05-20,SYN_POOL_A15,17.91,18.01,17.7,17.82
2024-05-21,SYN_POOL_A15,17.93,18.04,17.71,17.83
2024-05-22,SYN_POOL_A15,17.96,18.08,17.73,17.85
2024-05-23,SYN_POOL_A15,17.99,18.11,17.75,17.86
2024-05-24,SYN_POOL_A15,18.01,18.13,17.78,17.88
2024-05-27,SYN_POOL_A15,17.74,18.0,17.64,17.89
2024-05-28,SYN_POOL_A15,17.76,17.86,17.33,17.41
2024-05-29,SYN_POOL_A15,17.3,17.52,17.23,17.43
2024-05-30,SYN_POOL_A15,17.32,17.52,17.26,17.45
2024-05-31,SYN_POOL_A15,17.35,17.53,17.29,17.46
2024-06-03,SYN_POOL_A15,17.38,17.54,17.33,17.48
2024-06-04,SYN_POOL_A15,17.4,17.54,17.36,17.49
2024-06-05,SYN_POOL_A15,17.43,17.55,17.4,17.51
2024-06-06,SYN_POOL_A15,17.45,17.56,17.43,17.52
2024-06-07,SYN_POOL_A15,17.48,17.56,17.47,17.54
2024-06-10,SYN_POOL_A15,17.5,17.57,17.5,17.55
2024-06-11,SYN_POOL_A15,17.53,17.58,17.53,17.57
2024-06-12,SYN_POOL_A15,17.56,17.59,17.54,17.58
2024-06-13,SYN_POOL_A15,17.58,17.61,17.56,17.6
2024-06-14,SYN_POOL_A15,17.61,17.63,17.58,17.62
2024-06-17,SYN_POOL_A15,17.63,17.66,17.59,17.63
2024-06-18,SYN_POOL_A15,17.66,17.7,17.6,17.65
2024-06-19,SYN_POOL_A15,17.69,17.73,17.6,17.66
2024-06-20,SYN_POOL_A15,17.71,17.76,17.61,17.68
2024-06-21,SYN_POOL_A15,17.74,17.8,17.62,17.69
2024-06-24,SYN_POOL_A15,17.76,17.83,17.62,17.71
2024-06-25,SYN_POOL_A15,17.79,17.87,17.63,17.72
2024-06-26,SYN_POOL_A15,17.81,17.9,17.64,17.74
2024-06-27,SYN_POOL_A15,17.84,17.94,17.64,17.75
2024-06-28,SYN_POOL_A15,17.87,17.97,17.65,17.77
2024-07-01,SYN_POOL_A15,17.89,18.01,17.66,17.78
2024-07-02,SYN_POOL_A15,17.92,18.04,17.69,17.8
2024-07-03,SYN_POOL_A15,17.94,18.06,17.71,17.81
2024-07-04,SYN_POOL_A15,17.67,17.94,17.58,17.83
2024-07-05,SYN_POOL_A15,17.7,17.79,17.27,17.35
2024-07-08,SYN_POOL_A15,17.23,17.45,17.16,17.37
2024-07-09,SYN_POOL_A15,17.26,17.46,17.19,17.38
2024-07-10,SYN_POOL_A15,17.29,17.47,17.23,17.4
2024-07-11,SYN_POOL_A15,17.31,17.48,17.26,17.41
2024-07-12,SYN_POOL_A15,17.34,17.48,17.3,17.43
2024-07-15,SYN_POOL_A15,17.36,17.49,17.33,17.44
2024-07-16,SYN_POOL_A15,17.39,17.5,17.36,17.46
2024-07-17,SYN_POOL_A15,17.41,17.5,17.4,17.48
2024-07-18,SYN_POOL_A15,17.44,17.51,17.43,17.49
2024-07-19,SYN_POOL_A15,17.46,17.52,17.46,17.51
2024-07-22,SYN_POOL_A15,17.49,17.52,17.48,17.52
2024-07-23,SYN_POOL_A15,17.52,17.54,17.5,17.54
2024-07-24,SYN_POOL_A15,17.54,17.57,17.51,17.55
2024-07-25,SYN_POOL_A15,17.57,17.59,17.53,17.57
2024-07-26,SYN_POOL_A15,17.59,17.63,17.54,17.58
2024-07-29,SYN_POOL_A15,17.62,17.66,17.54,17.6
2024-07-30,SYN_POOL_A15,17.65,17.7,17.55,17.61
2024-07-31,SYN_POOL_A15,17.67,17.73,17.56,17.63
2024-08-01,SYN_POOL_A15,17.7,17.77,17.56,17.64
2024-08-02,SYN_POOL_A15,17.72,17.8,17.57,17.66
2024-08-05,SYN_POOL_A15,17.75,17.84,17.58,17.67
2024-08-06,SYN_POOL_A15,17.77,17.87,17.58,17.69
2024-08-07,SYN_POOL_A15,17.8,17.91,17.59,17.7
2024-08-08,SYN_POOL_A15,17.83,17.94,17.6,17.72
2024-08-09,SYN_POOL_A15,17.85,17.98,17.62,17.74
2024-08-12,SYN_POOL_A15,17.88,18.0,17.65,17.75
2024-08-13,SYN_POOL_A15,17.61,17.87,17.51,17.77
2024-08-14,SYN_POOL_A15,17.63,17.73,17.2,17.29
2024-08-15,SYN_POOL_A15,17.17,17.39,17.09,17.31
2024-08-16,SYN_POOL_A15,17.2,17.4,17.13,17.32
2024-08-19,SYN_POOL_A15,17.22,17.41,17.16,17.34
2024-08-20,SYN_POOL_A15,17.25,17.41,17.2,17.35
2024-08-21,SYN_POOL_A15,17.27,17.42,17.23,17.37
2024-08-22,SYN_POOL_A15,17.3,17.43,17.26,17.38
2024-08-23,SYN_POOL_A15,17.32,17.43,17.3,17.4
2024-08-26,SYN_POOL_A15,17.35,17.44,17.33,17.41
2024-08-27,SYN_POOL_A15,17.37,17.45,17.37,17.43
2024-08-28,SYN_POOL_A15,17.4,17.45,17.4,17.44
2024-08-29,SYN_POOL_A15,17.43,17.46,17.42,17.46
2024-08-30,SYN_POOL_A15,17.45,17.48,17.43,17.47
2024-09-02,SYN_POOL_A15,17.48,17.5,17.45,17.49
2024-09-03,SYN_POOL_A15,17.5,17.53,17.47,17.5
2024-09-04,SYN_POOL_A15,17.53,17.56,17.48,17.52
2024-09-05,SYN_POOL_A15,17.55,17.59,17.48,17.53
2024-09-06,SYN_POOL_A15,17.58,17.63,17.47,17.53
2024-09-09,SYN_POOL_A15,17.59,17.64,17.45,17.52
2024-09-10,SYN_POOL_A15,17.59,17.66,17.44,17.52
2024-09-11,SYN_POOL_A15,17.59,17.67,17.42,17.51
2024-09-12,SYN_POOL_A15,17.6,17.68,17.41,17.51
2024-09-13,SYN_POOL_A15,17.6,17.7,17.39,17.5
2024-09-16,SYN_POOL_A15,17.61,17.71,17.38,17.49
2024-09-17,SYN_POOL_A15,17.61,17.72,17.36,17.49
2024-09-18,SYN_POOL_A15,17.61,17.73,17.37,17.48
2024-09-19,SYN_POOL_A15,17.62,17.74,17.37,17.47
2024-09-20,SYN_POOL_A15,17.33,17.58,17.23,17.47
2024-09-23,SYN_POOL_A15,17.33,17.56,17.25,17.46
2024-09-24,SYN_POOL_A15,17.34,17.43,16.89,16.97
2024-09-25,SYN_POOL_A15,16.86,17.05,16.79,16.97
2024-09-26,SYN_POOL_A15,16.87,17.03,16.81,16.96
2024-09-27,SYN_POOL_A15,16.87,17.02,16.82,16.95
2024-09-30,SYN_POOL_A15,16.87,17.0,16.83,16.95
2024-10-01,SYN_POOL_A15,16.88,16.99,16.84,16.94
2024-10-02,SYN_POOL_A15,16.88,16.97,16.86,16.93
2024-10-03,SYN_POOL_A15,16.89,16.96,16.87,16.93
2024-10-04,SYN_POOL_A15,16.89,16.94,16.88,16.92
2024-10-07,SYN_POOL_A15,16.89,16.93,16.89,16.92
2024-10-08,SYN_POOL_A15,16.9,16.91,16.89,16.91
2024-10-09,SYN_POOL_A15,16.9,16.91,16.88,16.9
2024-10-10,SYN_POOL_A15,16.9,16.92,16.87,16.9
2024-10-11,SYN_POOL_A15,16.91,16.93,16.86,16.89
2024-10-14,SYN_POOL_A15,16.91,16.94,16.84,16.88
2024-10-15,SYN_POOL_A15,16.91,16.95,16.83,16.88
2024-10-16,SYN_POOL_A15,16.92,16.96,16.81,16.87
2024-10-17,SYN_POOL_A15,16.92,16.98,16.8,16.86
2024-10-18,SYN_POOL_A15,16.92,16.99,16.78,16.86
2024-10-21,SYN_POOL_A15,16.93,17.0,16.77,16.85
2024-10-22,SYN_POOL_A15,16.93,17.01,16.75,16.84
2024-10-23,SYN_POOL_A15,16.93,17.02,16.74,16.83
2024-10-24,SYN_POOL_A15,16.94,17.03,16.72,16.83
2024-10-25,SYN_POOL_A15,16.94,17.04,16.71,16.82
2024-10-28,SYN_POOL_A15,16.94,17.06,16.7,16.81
2024-10-29,SYN_POOL_A15,16.94,17.06,16.7,16.81
2024-10-30,SYN_POOL_A15,16.67,16.91,16.57,16.8
2024-10-31,SYN_POOL_A15,16.67,16.89,16.58,16.79
2024-11-01,SYN_POOL_A15,16.67,16.76,16.25,16.32
2024-11-04,SYN_POOL_A15,16.21,16.39,16.15,16.31
2024-11-05,SYN_POOL_A15,16.22,16.38,16.16,16.31
2024-11-06,SYN_POOL_A15,16.22,16.36,16.17,16.3
2024-11-07,SYN_POOL_A15,16.22,16.35,16.18,16.29
2024-11-08,SYN_POOL_A15,16.23,16.33,16.19,16.29
2024-11-11,SYN_POOL_A15,16.23,16.32,16.2,16.28
2024-11-12,SYN_POOL_A15,16.23,16.3,16.21,16.27
2024-11-13,SYN_POOL_A15,16.23,16.29,16.22,16.27
2024-11-14,SYN_POOL_A15,16.24,16.27,16.23,16.26
2024-11-15,SYN_POOL_A15,16.24,16.26,16.23,16.25
2024-11-18,SYN_POOL_A15,16.24,16.25,16.23,16.25
2024-11-19,SYN_POOL_A15,16.24,16.25,16.22,16.24
2024-11-20,SYN_POOL_A15,16.25,16.26,16.2,16.23
2024-11-21,SYN_POOL_A15,16.25,16.28,16.19,16.22
2024-11-22,SYN_POOL_A15,16.25,16.29,16.17,16.22
2024-11-25,SYN_POOL_A15,16.25,16.3,16.16,16.21
2024-11-26,SYN_POOL_A15,16.26,16.31,16.14,16.2
2024-11-27,SYN_POOL_A15,16.26,16.32,16.12,16.19
2024-11-28,SYN_POOL_A15,16.26,16.33,16.11,16.19
2024-11-29,SYN_POOL_A15,16.26,16.34,16.09,16.18
2024-12-02,SYN_POOL_A15,16.26,16.35,16.08,16.17
2024-12-03,SYN_POOL_A15,16.27,16.36,16.06,16.16
2024-12-04,SYN_POOL_A15,16.27,16.37,16.05,16.16
2024-12-05,SYN_POOL_A15,16.27,16.38,16.04,16.15
2024-12-06,SYN_POOL_A15,16.27,16.38,16.04,16.14
2024-12-09,SYN_POOL_A15,16.27,16.38,16.04,16.13
2024-12-10,SYN_POOL_A15,16.0,16.22,15.92,16.12
2024-12-11,SYN_POOL_A15,16.01,16.09,15.6,15.67
2024-12-12,SYN_POOL_A15,15.57,15.74,15.5,15.66
2024-12-13,SYN_POOL_A15,15.57,15.73,15.51,15.66
2024-12-16,SYN_POOL_A15,15.57,15.71,15.52,15.65
2024-12-17,SYN_POOL_A15,15.57,15.7,15.53,15.64
2024-12-18,SYN_POOL_A15,15.57,15.68,15.54,15.63
2024-12-19,SYN_POOL_A15,15.58,15.66,15.55,15.63
2024-12-20,SYN_POOL_A15,15.58,15.65,15.56,15.62
2024-12-23,SYN_POOL_A15,15.58,15.63,15.57,15.61
2024-12-24,SYN_POOL_A15,15.58,15.62,15.58,15.6
2024-12-25,SYN_POOL_A15,15.58,15.6,15.58,15.6
2024-12-26,SYN_POOL_A15,15.58,15.59,15.57,15.59
2024-12-27,SYN_POOL_A15,15.58,15.59,15.56,15.58
2024-12-30,SYN_POOL_A15,15.59,15.6,15.55,15.57
2024-12-31,SYN_POOL_A15,15.59,15.61,15.53,15.56
2025-01-01,SYN_POOL_A15,15.59,15.62,15.51,15.56
2025-01-02,SYN_POOL_A15,15.59,15.63,15.5,15.55
2025-01-03,SYN_POOL_A15,15.59,15.64,15.48,15.54
2025-01-06,SYN_POOL_A15,15.59,15.65,15.47,15.53
2025-01-07,SYN_POOL_A15,15.59,15.66,15.45,15.52
2025-01-08,SYN_POOL_A15,15.59,15.66,15.44,15.52
2025-01-09,SYN_POOL_A15,15.6,15.67,15.42,15.51
2025-01-10,SYN_POOL_A15,15.6,15.68,15.4,15.5
2025-01-13,SYN_POOL_A15,15.6,15.69,15.39,15.49
2025-01-14,SYN_POOL_A15,15.6,15.7,15.38,15.48
2025-01-15,SYN_POOL_A15,15.6,15.71,15.38,15.47
2025-01-16,SYN_POOL_A15,15.6,15.7,15.37,15.46
2025-01-17,SYN_POOL_A15,15.34,15.55,15.26,15.46
2025-01-20,SYN_POOL_A15,15.34,15.43,14.95,15.02
2025-01-21,SYN_POOL_A15,14.92,15.09,14.85,15.01
2025-01-22,SYN_POOL_A15,14.92,15.07,14.86,15.01
2025-01-23,SYN_POOL_A15,14.92,15.06,14.87,15.0
2025-01-24,SYN_POOL_A15,14.92,15.04,14.88,14.99
2025-01-27,SYN_POOL_A15,14.92,15.03,14.89,14.98
2025-01-28,SYN_POOL_A15,14.92,15.01,14.89,14.97
2025-01-29,SYN_POOL_A15,14.92,15.0,14.9,14.96
2025-01-30,SYN_POOL_A15,14.92,14.98,14.91,14.96
2025-01-31,SYN_POOL_A15,14.92,14.96,14.92,14.95
2025-02-03,SYN_POOL_A15,14.93,14.95,14.92,14.94
2025-02-04,SYN_POOL_A15,14.93,14.93,14.92,14.93
2025-02-05,SYN_POOL_A15,14.93,14.93,14.91,14.92
2025-02-06,SYN_POOL_A15,14.93,14.94,14.89,14.91
2025-02-07,SYN_POOL_A15,14.93,14.95,14.87,14.91
2025-02-10,SYN_POOL_A15,14.93,14.96,14.86,14.9
2025-02-11,SYN_POOL_A15,14.93,14.96,14.84,14.89
2025-02-12,SYN_POOL_A15,14.93,14.97,14.83,14.88
2025-02-13,SYN_POOL_A15,14.93,14.98,14.81,14.87
2025-02-14,SYN_POOL_A15,14.93,14.99,14.79,14.86
2025-02-17,SYN_POOL_A15,14.93,14.99,14.78,14.85
2025-02-18,SYN_POOL_A15,14.93,15.0,14.76,14.84
2025-02-19,SYN_POOL_A15,14.93,15.01,14.74,14.83
2025-02-20,SYN_POOL_A15,14.93,15.02,14.73,14.83
2025-02-21,SYN_POOL_A15,14.93,15.02,14.71,14.82
2025-02-24,SYN_POOL_A15,14.93,15.03,14.71,14.81
2025-02-25,SYN_POOL_A15,14.93,15.03,14.71,14.8
2025-02-26,SYN_POOL_A15,14.68,14.88,14.6,14.79
2025-02-27,SYN_POOL_A15,14.68,14.76,14.3,14.37
2025-02-28,SYN_POOL_A15,14.27,14.44,14.21,14.36
2025-03-03,SYN_POOL_A15,14.27,14.42,14.21,14.35
2025-03-04,SYN_POOL_A15,14.27,14.41,14.22,14.35
2025-03-05,SYN_POOL_A15,14.27,14.39,14.23,14.34
2025-03-06,SYN_POOL_A15,14.27,14.37,14.24,14.33
2025-03-07,SYN_POOL_A15,14.27,14.36,14.24,14.32
2025-03-10,SYN_POOL_A15,14.27,14.34,14.25,14.31
2025-03-11,SYN_POOL_A15,14.27,14.33,14.26,14.3
2025-03-12,SYN_POOL_A15,14.27,14.31,14.26,14.29
2025-03-13,SYN_POOL_A15,14.27,14.29,14.27,14.28
2025-03-14,SYN_POOL_A15,14.27,14.28,14.26,14.27
2025-03-17,SYN_POOL_A15,14.27,14.27,14.25,14.26
2025-03-18,SYN_POOL_A15,14.27,14.28,14.23,14.26
2025-03-19,SYN_POOL_A15,14.27,14.29,14.22,14.25
2025-03-20,SYN_POOL_A15,14.27,14.29,14.2,14.24
2025-03-21,SYN_POOL_A15,14.26,14.3,14.19,14.23
2025-03-24,SYN_POOL_A15,14.26,14.3,14.17,14.22
2025-03-25,SYN_POOL_A15,14.26,14.31,14.15,14.21
2025-03-26,SYN_POOL_A15,14.26,14.32,14.14,14.2
2025-03-27,SYN_POOL_A15,14.26,14.32,14.12,14.19
2025-03-28,SYN_POOL_A15,14.26,14.33,14.1,14.18
2025-03-31,SYN_POOL_A15,14.26,14.33,14.09,14.17
2025-04-01,SYN_POOL_A15,14.26,14.34,14.07,14.16
2025-04-02,SYN_POOL_A15,14.26,14.35,14.05,14.15
2025-04-03,SYN_POOL_A15,14.25,14.35,14.05,14.14
2025-04-04,SYN_POOL_A15,14.25,14.35,14.05,14.13
2025-04-07,SYN_POOL_A15,14.01,14.21,13.94,14.12
2025-04-08,SYN_POOL_A15,14.01,14.19,13.94,14.11
2025-04-09,SYN_POOL_A15,14.01,14.09,13.65,13.71
2025-04-10,SYN_POOL_A15,13.62,13.77,13.57,13.7
2025-04-11,SYN_POOL_A15,13.62,13.75,13.57,13.69
2025-04-14,SYN_POOL_A15,13.62,13.74,13.58,13.68
2025-04-15,SYN_POOL_A15,13.62,13.72,13.59,13.68
2025-04-16,SYN_POOL_A15,13.62,13.7,13.59,13.67
2025-04-17,SYN_POOL_A15,13.62,13.69,13.6,13.66
2025-04-18,SYN_POOL_A15,13.62,13.67,13.6,13.65
2025-04-21,SYN_POOL_A15,13.61,13.65,13.61,13.64
2025-04-22,SYN_POOL_A15,13.61,13.64,13.61,13.63
2025-04-23,SYN_POOL_A15,13.61,13.62,13.61,13.62
2025-04-24,SYN_POOL_A15,13.61,13.61,13.6,13.61
2025-04-25,SYN_POOL_A15,13.61,13.62,13.58,13.6
2025-04-28,SYN_POOL_A15,13.61,13.62,13.56,13.59
2025-04-29,SYN_POOL_A15,13.6,13.63,13.55,13.58
2025-04-30,SYN_POOL_A15,13.6,13.63,13.53,13.57
2025-05-01,SYN_POOL_A15,13.6,13.64,13.51,13.56
2025-05-02,SYN_POOL_A15,13.6,13.64,13.5,13.55
2025-05-05,SYN_POOL_A15,13.6,13.65,13.48,13.54
2025-05-06,SYN_POOL_A15,13.59,13.65,13.46,13.53
2025-05-07,SYN_POOL_A15,13.59,13.66,13.45,13.52
2025-05-08,SYN_POOL_A15,13.59,13.66,13.43,13.51
2025-05-09,SYN_POOL_A15,13.59,13.67,13.41,13.5
2025-05-12,SYN_POOL_A15,13.59,13.67,13.39,13.49
2025-05-13,SYN_POOL_A15,13.58,13.67,13.39,13.48
2025-05-14,SYN_POOL_A15,13.58,13.67,13.38,13.47
2025-05-15,SYN_POOL_A15,13.58,13.66,13.38,13.46
2025-05-16,SYN_POOL_A15,13.35,13.52,13.28,13.44
2025-05-19,SYN_POOL_A15,13.35,13.42,13.0,13.06
2025-05-20,SYN_POOL_A15,12.98,13.12,12.92,13.05
2025-05-21,SYN_POOL_A15,12.97,13.1,12.93,13.04
2025-05-22,SYN_POOL_A15,12.97,13.08,12.93,13.03
2025-05-23,SYN_POOL_A15,12.97,13.07,12.94,13.02
2025-05-26,SYN_POOL_A15,12.97,13.05,12.94,13.01
2025-05-27,SYN_POOL_A15,12.97,13.03,12.94,13.0
2025-05-28,SYN_POOL_A15,12.96,13.02,12.95,12.99
2025-05-29,SYN_POOL_A15,12.96,13.0,12.95,12.98
2025-05-30,SYN_POOL_A15,12.96,12.98,12.96,12.97
2025-06-02,SYN_POOL_A15,12.96,12.97,12.95,12.96
2025-06-03,SYN_POOL_A15,12.95,12.95,12.94,12.95
2025-06-04,SYN_POOL_A15,12.95,12.96,12.92,12.94
2025-06-05,SYN_POOL_A15,12.95,12.96,12.91,12.93
2025-06-06,SYN_POOL_A15,12.94,12.96,12.89,12.92
2025-06-09,SYN_POOL_A15,12.94,12.97,12.87,12.91
2025-06-10,SYN_POOL_A15,12.94,12.97,12.86,12.9
2025-06-11,SYN_POOL_A15,12.94,12.98,12.84,12.89
2025-06-12,SYN_POOL_A15,12.93,12.98,12.82,12.88
2025-06-13,SYN_POOL_A15,12.93,12.98,12.8,12.87
2025-06-16,SYN_POOL_A15,12.93,12.99,12.79,12.85
2025-06-17,SYN_POOL_A15,12.92,12.99,12.77,12.84
2025-06-18,SYN_POOL_A15,12.92,12.99,12.75,12.83
2025-06-19,SYN_POOL_A15,12.92,12.99,12.74,12.82
2025-06-20,SYN_POOL_A15,12.91,13.0,12.72,12.81
2025-06-23,SYN_POOL_A15,12.91,13.0,12.72,12.8
2025-06-24,SYN_POOL_A15,12.91,12.99,12.71,12.79
2025-06-25,SYN_POOL_A15,12.69,12.85,12.62,12.78
2025-06-26,SYN_POOL_A15,12.68,12.75,12.35,12.41
2025-06-27,SYN_POOL_A15,12.33,12.46,12.28,12.4
2025-06-30,SYN_POOL_A15,12.33,12.45,12.28,12.39
2025-07-01,SYN_POOL_A15,12.32,12.43,12.28,12.38
2025-07-02,SYN_POOL_A15,12.32,12.41,12.29,12.37
2025-07-03,SYN_POOL_A15,12.32,12.4,12.29,12.36
2025-07-04,SYN_POOL_A15,12.31,12.38,12.29,12.35
2025-07-07,SYN_POOL_A15,12.31,12.36,12.29,12.34
2025-07-08,SYN_POOL_A15,12.31,12.35,12.3,12.33
2025-07-09,SYN_POOL_A15,12.3,12.33,12.3,12.32
2025-07-10,SYN_POOL_A15,12.3,12.31,12.3,12.31
2025-07-11,SYN_POOL_A15,12.3,12.3,12.29,12.29
2025-07-14,SYN_POOL_A15,12.29,12.3,12.27,12.28
2025-07-15,SYN_POOL_A15,12.29,12.3,12.25,12.27
2025-07-16,SYN_POOL_A15,12.28,12.3,12.23,12.26
2025-07-17,SYN_POOL_A15,12.28,12.3,12.22,12.25
2025-07-18,SYN_POOL_A15,12.28,12.31,12.2,12.24
2025-07-21,SYN_POOL_A15,12.27,12.31,12.18,12.23
2025-07-22,SYN_POOL_A15,12.27,12.31,12.16,12.22
2025-07-23,SYN_POOL_A15,12.26,12.31,12.15,12.2
2025-07-24,SYN_POOL_A15,12.26,12.31,12.13,12.19
2025-07-25,SYN_POOL_A15,12.26,12.32,12.11,12.18
2025-07-28,SYN_POOL_A15,12.25,12.32,12.09,12.17
2025-07-29,SYN_POOL_A15,12.25,12.32,12.08,12.16
2025-07-30,SYN_POOL_A15,12.24,12.32,12.06,12.15
2025-07-31,SYN_POOL_A15,12.24,12.32,12.06,12.13
2022-08-01,SYN_POOL_A16,19.88,19.9,19.88,19.88
2022-08-02,SYN_POOL_A16,19.86,19.95,19.84,19.95
2022-08-03,SYN_POOL_A16,19.94,20.04,19.91,20.02
2022-08-04,SYN_POOL_A16,20.03,20.12,19.98,20.09
2022-08-05,SYN_POOL_A16,20.12,20.21,20.05,20.16
2022-08-08,SYN_POOL_A16,20.21,20.29,20.13,20.23
2022-08-09,SYN_POOL_A16,20.3,20.38,20.2,20.3
2022-08-10,SYN_POOL_A16,20.39,20.48,20.25,20.37
2022-08-11,SYN_POOL_A16,20.48,20.59,20.31,20.44
2022-08-12,SYN_POOL_A16,20.57,20.69,20.36,20.51
2022-08-15,SYN_POOL_A16,20.66,20.8,20.42,20.58
2022-08-16,SYN_POOL_A16,20.75,20.91,20.47,20.65
2022-08-17,SYN_POOL_A16,20.84,21.01,20.52,20.72
2022-08-18,SYN_POOL_A16,20.93,21.12,20.58,20.79
2022-08-19,SYN_POOL_A16,21.02,21.23,20.64,20.86
2022-08-22,SYN_POOL_A16,21.11,21.34,20.72,20.93
2022-08-23,SYN_POOL_A16,21.2,21.42,20.81,21.01
2022-08-24,SYN_POOL_A16,20.74,21.28,20.56,21.08
2022-08-25,SYN_POOL_A16,20.83,21.01,20.08,20.24
2022-08-26,SYN_POOL_A16,20.02,20.47,19.88,20.31
2022-08-29,SYN_POOL_A16,20.11,20.53,19.98,20.38
2022-08-30,SYN_POOL_A16,20.19,20.58,20.09,20.45
2022-08-31,SYN_POOL_A16,20.28,20.63,20.19,20.52
2022-09-01,SYN_POOL_A16,20.37,20.69,20.29,20.59
2022-09-02,SYN_POOL_A16,20.46,20.74,20.4,20.66
2022-09-05,SYN_POOL_A16,20.55,20.8,20.5,20.73
2022-09-06,SYN_POOL_A16,20.64,20.85,20.61,20.8
2022-09-07,SYN_POOL_A16,20.73,20.91,20.71,20.87
2022-09-08,SYN_POOL_A16,20.82,20.96,20.82,20.94
2022-09-09,SYN_POOL_A16,20.91,21.02,20.89,21.01
2022-09-12,SYN_POOL_A16,21.0,21.1,20.97,21.08
2022-09-13,SYN_POOL_A16,21.09,21.18,21.04,21.15
2022-09-14,SYN_POOL_A16,21.18,21.27,21.11,21.23
2022-09-15,SYN_POOL_A16,21.27,21.36,21.19,21.3
2022-09-16,SYN_POOL_A16,21.36,21.45,21.26,21.37
2022-09-19,SYN_POOL_A16,21.46,21.55,21.32,21.44
2022-09-20,SYN_POOL_A16,21.55,21.66,21.38,21.51
2022-09-21,SYN_POOL_A16,21.64,21.77,21.43,21.58
2022-09-22,SYN_POOL_A16,21.73,21.88,21.49,21.66
2022-09-23,SYN_POOL_A16,21.83,21.99,21.54,21.73
2022-09-26,SYN_POOL_A16,21.92,22.1,21.6,21.8
2022-09-27,SYN_POOL_A16,22.01,22.21,21.65,21.87
2022-09-28,SYN_POOL_A16,22.11,22.33,21.71,21.95
2022-09-29,SYN_POOL_A16,22.2,22.44,21.79,22.02
2022-09-30,SYN_POOL_A16,22.29,22.53,21.88,22.09
2022-10-03,SYN_POOL_A16,21.81,22.38,21.62,22.16
2022-10-04,SYN_POOL_A16,21.9,22.44,21.73,22.24
2022-10-05,SYN_POOL_A16,21.99,22.17,21.2,21.35
2022-10-06,SYN_POOL_A16,21.14,21.58,21.0,21.42
2022-10-07,SYN_POOL_A16,21.23,21.64,21.11,21.5
2022-10-10,SYN_POOL_A16,21.32,21.69,21.22,21.57
2022-10-11,SYN_POOL_A16,21.41,21.75,21.32,21.64
2022-10-12,SYN_POOL_A16,21.5,21.8,21.43,21.71
2022-10-13,SYN_POOL_A16,21.59,21.86,21.54,21.78
2022-10-14,SYN_POOL_A16,21.68,21.91,21.65,21.86
2022-10-17,SYN_POOL_A16,21.78,21.97,21.76,21.93
2022-10-18,SYN_POOL_A16,21.87,22.03,21.87,22.0
2022-10-19,SYN_POOL_A16,21.96,22.08,21.95,22.07
2022-10-20,SYN_POOL_A16,22.06,22.15,22.02,22.15
2022-10-21,SYN_POOL_A16,22.15,22.25,22.1,22.22
2022-10-24,SYN_POOL_A16,22.24,22.34,22.18,22.29
2022-10-25,SYN_POOL_A16,22.34,22.43,22.25,22.36
2022-10-26,SYN_POOL_A16,22.43,22.52,22.33,22.44
2022-10-27,SYN_POOL_A16,22.53,22.62,22.39,22.51
2022-10-28,SYN_POOL_A16,22.62,22.74,22.45,22.59
2022-10-31,SYN_POOL_A16,22.72,22.85,22.5,22.66
2022-11-01,SYN_POOL_A16,22.81,22.96,22.56,22.73
2022-11-02,SYN_POOL_A16,22.91,23.08,22.61,22.81
2022-11-03,SYN_POOL_A16,23.0,23.19,22.67,22.88
2022-11-04,SYN_POOL_A16,23.1,23.31,22.72,22.95
2022-11-07,SYN_POOL_A16,23.19,23.42,22.78,23.03
2022-11-08,SYN_POOL_A16,23.29,23.54,22.86,23.1
2022-11-09,SYN_POOL_A16,23.39,23.64,22.95,23.18
2022-11-10,SYN_POOL_A16,22.87,23.48,22.67,23.25
2022-11-11,SYN_POOL_A16,22.97,23.54,22.78,23.33
2022-11-14,SYN_POOL_A16,23.06,23.26,22.23,22.39
2022-11-15,SYN_POOL_A16,22.16,22.64,22.02,22.47
2022-11-16,SYN_POOL_A16,22.26,22.69,22.13,22.54
2022-11-17,SYN_POOL_A16,22.35,22.75,22.24,22.62
2022-11-18,SYN_POOL_A16,22.44,22.81,22.35,22.69
2022-11-21,SYN_POOL_A16,22.54,22.86,22.46,22.76
2022-11-22,SYN_POOL_A16,22.63,22.92,22.57,22.84
2022-11-23,SYN_POOL_A16,22.73,22.98,22.69,22.91
2022-11-24,SYN_POOL_A16,22.82,23.03,22.8,22.98
2022-11-25,SYN_POOL_A16,22.92,23.09,22.91,23.06
2022-11-28,SYN_POOL_A16,23.01,23.15,23.0,23.13
2022-11-29,SYN_POOL_A16,23.11,23.21,23.08,23.21
2022-11-30,SYN_POOL_A16,23.21,23.31,23.16,23.28
2022-12-01,SYN_POOL_A16,23.3,23.4,23.24,23.36
2022-12-02,SYN_POOL_A16,23.4,23.49,23.31,23.43
2022-12-05,SYN_POOL_A16,23.5,23.59,23.39,23.51
2022-12-06,SYN_POOL_A16,23.59,23.69,23.46,23.58
2022-12-07,SYN_POOL_A16,23.69,23.81,23.51,23.66
2022-12-08,SYN_POOL_A16,23.79,23.92,23.57,23.73
2022-12-09,SYN_POOL_A16,23.89,24.04,23.63,23.81
2022-12-12,SYN_POOL_A16,23.98,24.16,23.68,23.88
2022-12-13,SYN_POOL_A16,24.08,24.28,23.74,23.96
2022-12-14,SYN_POOL_A16,24.18,24.39,23.8,24.03
2022-12-15,SYN_POOL_A16,24.28,24.51,23.85,24.11
2022-12-16,SYN_POOL_A16,24.38,24.63,23.93,24.19
2022-12-19,SYN_POOL_A16,24.48,24.74,24.02,24.26
2022-12-20,SYN_POOL_A16,24.58,24.83,24.12,24.34
2022-12-21,SYN_POOL_A16,24.04,24.64,23.84,24.41
2022-12-22,SYN_POOL_A16,24.13,24.34,23.26,23.44
2022-12-23,SYN_POOL_A16,23.19,23.69,23.04,23.51
2022-12-26,SYN_POOL_A16,23.29,23.75,23.15,23.59
2022-12-27,SYN_POOL_A16,23.38,23.81,23.26,23.66
2022-12-28,SYN_POOL_A16,23.48,23.87,23.38,23.74
2022-12-29,SYN_POOL_A16,23.58,23.92,23.49,23.81
2022-12-30,SYN_POOL_A16,23.67,23.98,23.61,23.89
2023-01-02,SYN_POOL_A16,23.77,24.04,23.72,23.96
2023-01-03,SYN_POOL_A16,23.87,24.09,23.84,24.04
2023-01-04,SYN_POOL_A16,23.97,24.15,23.96,24.12
2023-01-05,SYN_POOL_A16,24.06,24.21,24.06,24.19
2023-01-06,SYN_POOL_A16,24.16,24.27,24.14,24.27
2023-01-09,SYN_POOL_A16,24.26,24.37,24.22,24.34
2023-01-10,SYN_POOL_A16,24.36,24.46,24.3,24.42
2023-01-11,SYN_POOL_A16,24.46,24.56,24.38,24.5
2023-01-12,SYN_POOL_A16,24.56,24.65,24.46,24.57
2023-01-13,SYN_POOL_A16,24.66,24.76,24.53,24.65
2023-01-16,SYN_POOL_A16,24.76,24.88,24.58,24.73
2023-01-17,SYN_POOL_A16,24.86,25.0,24.64,24.8
2023-01-18,SYN_POOL_A16,24.96,25.12,24.7,24.88
2023-01-19,SYN_POOL_A16,25.06,25.24,24.75,24.96
2023-01-20,SYN_POOL_A16,25.16,25.36,24.81,25.04
2023-01-23,SYN_POOL_A16,25.26,25.48,24.87,25.11
2023-01-24,SYN_POOL_A16,25.37,25.6,24.93,25.19
2023-01-25,SYN_POOL_A16,25.47,25.73,25.0,25.27
2023-01-26,SYN_POOL_A16,25.57,25.85,25.09,25.35
2023-01-27,SYN_POOL_A16,25.67,25.93,25.19,25.42
2023-01-30,SYN_POOL_A16,25.1,25.74,24.89,25.5
2023-01-31,SYN_POOL_A16,25.2,25.42,24.29,24.48
2023-02-01,SYN_POOL_A16,24.22,24.75,24.05,24.56
2023-02-02,SYN_POOL_A16,24.32,24.81,24.17,24.63
2023-02-03,SYN_POOL_A16,24.41,24.87,24.29,24.71
2023-02-06,SYN_POOL_A16,24.51,24.92,24.4,24.79
2023-02-07,SYN_POOL_A16,24.61,24.98,24.52,24.86
2023-02-08,SYN_POOL_A16,24.71,25.04,24.64,24.94
2023-02-09,SYN_POOL_A16,24.81,25.1,24.76,25.02
2023-02-10,SYN_POOL_A16,24.91,25.16,24.88,25.1
2023-02-13,SYN_POOL_A16,25.01,25.21,25.0,25.17
2023-02-14,SYN_POOL_A16,25.11,25.27,25.11,25.25
2023-02-15,SYN_POOL_A16,25.22,25.33,25.19,25.33
2023-02-16,SYN_POOL_A16,25.32,25.42,25.27,25.41
2023-02-17,SYN_POOL_A16,25.42,25.52,25.35,25.48
2023-02-20,SYN_POOL_A16,25.52,25.62,25.44,25.56
2023-02-21,SYN_POOL_A16,25.62,25.72,25.52,25.64
2023-02-22,SYN_POOL_A16,25.72,25.82,25.59,25.72
2023-02-23,SYN_POOL_A16,25.83,25.95,25.65,25.8
2023-02-24,SYN_POOL_A16,25.93,26.07,25.71,25.88
2023-02-27,SYN_POOL_A16,26.03,26.19,25.77,25.95
2023-02-28,SYN_POOL_A16,26.14,26.32,25.82,26.03
2023-03-01,SYN_POOL_A16,26.24,26.44,25.88,26.11
2023-03-02,SYN_POOL_A16,26.35,26.57,25.94,26.19
2023-03-03,SYN_POOL_A16,26.45,26.69,26.0,26.27
2023-03-06,SYN_POOL_A16,26.55,26.82,26.06,26.35
2023-03-07,SYN_POOL_A16,26.66,26.95,26.16,26.43
2023-03-08,SYN_POOL_A16,26.76,27.04,26.22,26.47
2023-03-09,SYN_POOL_A16,26.13,26.69,25.9,26.44
2023-03-10,SYN_POOL_A16,26.12,26.35,25.07,25.27
2023-03-13,SYN_POOL_A16,24.99,25.45,24.82,25.24
2023-03-14,SYN_POOL_A16,24.99,25.4,24.84,25.22
2023-03-15,SYN_POOL_A16,24.99,25.35,24.85,25.19
2023-03-16,SYN_POOL_A16,24.99,25.31,24.87,25.16
2023-03-17,SYN_POOL_A16,24.98,25.26,24.89,25.14
2023-03-20,SYN_POOL_A16,24.98,25.21,24.9,25.11
2023-03-21,SYN_POOL_A16,24.98,25.17,24.92,25.08
2023-03-22,SYN_POOL_A16,24.97,25.12,24.93,25.05
2023-03-23,SYN_POOL_A16,24.97,25.07,24.95,25.02
2023-03-24,SYN_POOL_A16,24.96,25.02,24.96,25.0
2023-03-27,SYN_POOL_A16,24.96,24.97,24.94,24.97
2023-03-28,SYN_POOL_A16,24.95,24.97,24.9,24.94
2023-03-29,SYN_POOL_A16,24.95,24.98,24.85,24.91
2023-03-30,SYN_POOL_A16,24.94,24.99,24.8,24.88
2023-03-31,SYN_POOL_A16,24.93,25.01,24.75,24.85
2023-04-03,SYN_POOL_A16,24.93,25.02,24.7,24.82
2023-04-04,SYN_POOL_A16,24.92,25.03,24.66,24.79
2023-04-05,SYN_POOL_A16,24.92,25.05,24.61,24.76
2023-04-06,SYN_POOL_A16,24.91,25.06,24.56,24.73
2023-04-07,SYN_POOL_A16,24.9,25.07,24.51,24.7
2023-04-10,SYN_POOL_A16,24.89,25.08,24.46,24.67
2023-04-11,SYN_POOL_A16,24.89,25.09,24.41,24.64
2023-04-12,SYN_POOL_A16,24.88,25.1,24.36,24.61
2023-04-13,SYN_POOL_A16,24.87,25.12,24.31,24.58
2023-04-14,SYN_POOL_A16,24.86,25.13,24.29,24.55
2023-04-17,SYN_POOL_A16,24.85,25.11,24.28,24.51
2023-04-18,SYN_POOL_A16,24.2,24.72,23.98,24.48
2023-04-19,SYN_POOL_A16,24.19,24.67,24.0,24.45
2023-04-20,SYN_POOL_A16,24.18,24.38,23.2,23.37
2023-04-21,SYN_POOL_A16,23.13,23.51,22.98,23.34
2023-04-24,SYN_POOL_A16,23.12,23.46,22.99,23.31
2023-04-25,SYN_POOL_A16,23.11,23.41,23.0,23.28
2023-04-26,SYN_POOL_A16,23.11,23.37,23.01,23.25
2023-04-27,SYN_POOL_A16,23.1,23.32,23.02,23.22
2023-04-28,SYN_POOL_A16,23.09,23.27,23.03,23.19
2023-05-01,SYN_POOL_A16,23.08,23.22,23.04,23.16
2023-05-02,SYN_POOL_A16,23.07,23.17,23.05,23.13
2023-05-03,SYN_POOL_A16,23.06,23.12,23.06,23.09
2023-05-04,SYN_POOL_A16,23.05,23.07,23.04,23.06
2023-05-05,SYN_POOL_A16,23.04,23.05,23.0,23.03
2023-05-08,SYN_POOL_A16,23.03,23.06,22.95,23.0
2023-05-09,SYN_POOL_A16,23.02,23.07,22.9,22.97
2023-05-10,SYN_POOL_A16,23.01,23.07,22.85,22.93
2023-05-11,SYN_POOL_A16,23.0,23.08,22.8,22.9
2023-05-12,SYN_POOL_A16,22.99,23.09,22.75,22.87
2023-05-15,SYN_POOL_A16,22.98,23.09,22.7,22.84
2023-05-16,SYN_POOL_A16,22.97,23.1,22.65,22.8
2023-05-17,SYN_POOL_A16,22.95,23.11,22.59,22.77
2023-05-18,SYN_POOL_A16,22.94,23.11,22.54,22.74
2023-05-19,SYN_POOL_A16,22.93,23.12,22.49,22.7
2023-05-22,SYN_POOL_A16,22.92,23.12,22.44,22.67
2023-05-23,SYN_POOL_A16,22.9,23.13,22.39,22.63
2023-05-24,SYN_POOL_A16,22.89,23.13,22.36,22.6
2023-05-25,SYN_POOL_A16,22.88,23.12,22.35,22.56
2023-05-26,SYN_POOL_A16,22.27,22.75,22.07,22.53
2023-05-29,SYN_POOL_A16,22.25,22.7,22.07,22.49
2023-05-30,SYN_POOL_A16,22.24,22.43,21.34,21.49
2023-05-31,SYN_POOL_A16,21.27,21.62,21.13,21.46
2023-06-01,SYN_POOL_A16,21.26,21.57,21.14,21.43
2023-06-02,SYN_POOL_A16,21.24,21.52,21.14,21.39
2023-06-05,SYN_POOL_A16,21.23,21.47,21.14,21.36
2023-06-06,SYN_POOL_A16,21.22,21.42,21.15,21.33
2023-06-07,SYN_POOL_A16,21.21,21.37,21.15,21.29
2023-06-08,SYN_POOL_A16,21.19,21.32,21.15,21.26
2023-06-09,SYN_POOL_A16,21.18,21.27,21.16,21.23
2023-06-12,SYN_POOL_A16,21.16,21.22,21.16,21.19
2023-06-13,SYN_POOL_A16,21.15,21.17,21.14,21.16
2023-06-14,SYN_POOL_A16,21.14,21.14,21.1,21.12
2023-06-15,SYN_POOL_A16,21.12,21.14,21.04,21.09
2023-06-16,SYN_POOL_A16,21.11,21.14,20.99,21.05
2023-06-19,SYN_POOL_A16,21.09,21.14,20.94,21.02
2023-06-20,SYN_POOL_A16,21.07,21.14,20.89,20.98
2023-06-21,SYN_POOL_A16,21.06,21.15,20.84,20.95
2023-06-22,SYN_POOL_A16,21.04,21.15,20.79,20.91
2023-06-23,SYN_POOL_A16,21.03,21.14,20.73,20.87
2023-06-26,SYN_POOL_A16,21.01,21.14,20.68,20.84
2023-06-27,SYN_POOL_A16,20.99,21.14,20.63,20.8
2023-06-28,SYN_POOL_A16,20.97,21.14,20.58,20.76
2023-06-29,SYN_POOL_A16,20.96,21.14,20.52,20.73
2023-06-30,SYN_POOL_A16,20.94,21.14,20.47,20.69
2023-07-03,SYN_POOL_A16,20.92,21.14,20.43,20.65
2023-07-04,SYN_POOL_A16,20.9,21.13,20.41,20.62
2023-07-05,SYN_POOL_A16,20.88,21.09,20.39,20.58
2023-07-06,SYN_POOL_A16,20.32,20.73,20.15,20.54
2023-07-07,SYN_POOL_A16,20.3,20.48,19.47,19.62
2023-07-10,SYN_POOL_A16,19.41,19.74,19.28,19.58
2023-07-11,SYN_POOL_A16,19.39,19.68,19.28,19.55
2023-07-12,SYN_POOL_A16,19.38,19.63,19.28,19.51
2023-07-13,SYN_POOL_A16,19.36,19.58,19.28,19.48
2023-07-14,SYN_POOL_A16,19.34,19.53,19.27,19.44
2023-07-17,SYN_POOL_A16,19.32,19.48,19.27,19.4
2023-07-18,SYN_POOL_A16,19.31,19.43,19.27,19.37
2023-07-19,SYN_POOL_A16,19.29,19.37,19.26,19.33
2023-07-20,SYN_POOL_A16,19.27,19.32,19.26,19.29
2023-07-21,SYN_POOL_A16,19.25,19.27,19.24,19.25
2023-07-24,SYN_POOL_A16,19.23,19.23,19.2,19.22
2023-07-25,SYN_POOL_A16,19.21,19.23,19.14,19.18
2023-07-26,SYN_POOL_A16,19.19,19.22,19.09,19.14
2023-07-27,SYN_POOL_A16,19.17,19.22,19.04,19.1
2023-07-28,SYN_POOL_A16,19.15,19.21,18.98,19.06
2023-07-31,SYN_POOL_A16,19.13,19.21,18.93,19.03
2023-08-01,SYN_POOL_A16,19.11,19.2,18.88,18.99
2023-08-02,SYN_POOL_A16,19.09,19.19,18.82,18.95
2023-08-03,SYN_POOL_A16,19.07,19.19,18.77,18.91
2023-08-04,SYN_POOL_A16,19.04,19.18,18.72,18.87
2023-08-07,SYN_POOL_A16,19.02,19.17,18.66,18.83
2023-08-08,SYN_POOL_A16,19.0,19.16,18.61,18.79
2023-08-09,SYN_POOL_A16,18.98,19.16,18.55,18.75
2023-08-10,SYN_POOL_A16,18.95,19.15,18.51,18.71
2023-08-11,SYN_POOL_A16,18.93,19.14,18.48,18.67
2023-08-14,SYN_POOL_A16,18.91,19.1,18.46,18.63
2023-08-15,SYN_POOL_A16,18.39,18.76,18.24,18.59
2023-08-16,SYN_POOL_A16,18.37,18.53,17.61,17.75
2023-08-17,SYN_POOL_A16,17.56,17.85,17.43,17.71
2023-08-18,SYN_POOL_A16,17.53,17.8,17.43,17.67
2023-08-21,SYN_POOL_A16,17.51,17.88,17.42,17.77
2023-08-22,SYN_POOL_A16,17.62,17.97,17.54,17.87
2023-08-23,SYN_POOL_A16,17.74,18.06,17.68,17.97
2023-08-24,SYN_POOL_A16,17.86,18.15,17.81,18.08
2023-08-25,SYN_POOL_A16,17.98,18.24,17.94,18.18
2023-08-28,SYN_POOL_A16,18.1,18.33,18.08,18.29
2023-08-29,SYN_POOL_A16,18.23,18.42,18.21,18.39
2023-08-30,SYN_POOL_A16,18.35,18.51,18.34,18.5
2023-08-31,SYN_POOL_A16,18.47,18.6,18.45,18.6
2023-09-01,SYN_POOL_A16,18.59,18.72,18.56,18.71
2023-09-04,SYN_POOL_A16,18.72,18.84,18.67,18.81
2023-09-05,SYN_POOL_A16,18.84,18.96,18.78,18.92
2023-09-06,SYN_POOL_A16,18.96,19.08,18.89,19.03
2023-09-07,SYN_POOL_A16,19.09,19.2,18.99,19.13
2023-09-08,SYN_POOL_A16,19.21,19.33,19.1,19.24
2023-09-11,SYN_POOL_A16,19.34,19.45,19.21,19.35
2023-09-12,SYN_POOL_A16,19.46,19.58,19.31,19.45
2023-09-13,SYN_POOL_A16,19.59,19.72,19.4,19.56
2023-09-14,SYN_POOL_A16,19.72,19.87,19.5,19.67
2023-09-15,SYN_POOL_A16,19.84,20.01,19.59,19.78
2023-09-18,SYN_POOL_A16,19.97,20.15,19.68,19.88
2023-09-19,SYN_POOL_A16,20.1,20.3,19.77,19.99
2023-09-20,SYN_POOL_A16,20.23,20.44,19.9,20.1
2023-09-21,SYN_POOL_A16,20.35,20.57,20.02,20.21
2023-09-22,SYN_POOL_A16,19.95,20.51,19.78,20.32
2023-09-25,SYN_POOL_A16,20.08,20.25,19.4,19.55
2023-09-26,SYN_POOL_A16,19.33,19.81,19.2,19.65
2023-09-27,SYN_POOL_A16,19.46,19.91,19.34,19.76
2023-09-28,SYN_POOL_A16,19.58,20.0,19.47,19.87
2023-09-29,SYN_POOL_A16,19.71,20.09,19.61,19.98
2023-10-02,SYN_POOL_A16,19.83,20.18,19.75,20.08
2023-10-03,SYN_POOL_A16,19.96,20.27,19.89,20.19
2023-10-04,SYN_POOL_A16,20.08,20.37,20.03,20.3
2023-10-05,SYN_POOL_A16,20.21,20.46,20.18,20.41
2023-10-06,SYN_POOL_A16,20.33,20.55,20.32,20.51
2023-10-09,SYN_POOL_A16,20.46,20.64,20.46,20.62
2023-10-10,SYN_POOL_A16,20.59,20.74,20.57,20.73
2023-10-11,SYN_POOL_A16,20.72,20.85,20.68,20.84
2023-10-12,SYN_POOL_A16,20.84,20.98,20.8,20.95
2023-10-13,SYN_POOL_A16,20.97,21.1,20.91,21.06
2023-10-16,SYN_POOL_A16,21.1,21.23,21.02,21.17
2023-10-17,SYN_POOL_A16,21.23,21.35,21.13,21.28
2023-10-18,SYN_POOL_A16,21.36,21.48,21.25,21.39
2023-10-19,SYN_POOL_A16,21.49,21.61,21.36,21.5
2023-10-20,SYN_POOL_A16,21.62,21.75,21.46,21.61
2023-10-23,SYN_POOL_A16,21.75,21.9,21.55,21.72
2023-10-24,SYN_POOL_A16,21.89,22.05,21.64,21.83
2023-10-25,SYN_POOL_A16,22.02,22.2,21.74,21.94
2023-10-26,SYN_POOL_A16,22.15,22.35,21.83,22.05
2023-10-27,SYN_POOL_A16,22.29,22.5,21.92,22.16
2023-10-30,SYN_POOL_A16,22.42,22.66,22.05,22.28
2023-10-31,SYN_POOL_A16,22.55,22.79,22.18,22.39
2023-11-01,SYN_POOL_A16,22.1,22.72,21.9,22.5
2023-11-02,SYN_POOL_A16,22.23,22.82,22.05,22.61
2023-11-03,SYN_POOL_A16,22.36,22.55,21.59,21.75
2023-11-06,SYN_POOL_A16,21.53,22.02,21.39,21.86
2023-11-07,SYN_POOL_A16,21.66,22.12,21.53,21.97
2023-11-08,SYN_POOL_A16,21.79,22.21,21.68,22.08
2023-11-09,SYN_POOL_A16,21.92,22.3,21.83,22.19
2023-11-10,SYN_POOL_A16,22.05,22.4,21.97,22.3
2023-11-13,SYN_POOL_A16,22.18,22.49,22.12,22.41
2023-11-14,SYN_POOL_A16,22.31,22.59,22.27,22.52
2023-11-15,SYN_POOL_A16,22.44,22.68,22.42,22.63
2023-11-16,SYN_POOL_A16,22.57,22.77,22.57,22.75
2023-11-17,SYN_POOL_A16,22.7,22.87,22.69,22.86
2023-11-20,SYN_POOL_A16,22.84,22.98,22.81,22.97
2023-11-21,SYN_POOL_A16,22.97,23.11,22.92,23.08
2023-11-22,SYN_POOL_A16,23.11,23.24,23.04,23.2
2023-11-23,SYN_POOL_A16,23.24,23.37,23.15,23.31
2023-11-24,SYN_POOL_A16,23.37,23.5,23.27,23.42
2023-11-27,SYN_POOL_A16,23.51,23.63,23.39,23.53
2023-11-28,SYN_POOL_A16,23.65,23.77,23.5,23.65
2023-11-29,SYN_POOL_A16,23.78,23.92,23.6,23.76
2023-11-30,SYN_POOL_A16,23.92,24.08,23.69,23.88
2023-12-01,SYN_POOL_A16,24.06,24.23,23.79,23.99
2023-12-04,SYN_POOL_A16,24.19,24.39,23.88,24.11
2023-12-05,SYN_POOL_A16,24.33,24.55,23.98,24.22
2023-12-06,SYN_POOL_A16,24.47,24.71,24.07,24.34
2023-12-07,SYN_POOL_A16,24.61,24.87,24.19,24.45
2023-12-08,SYN_POOL_A16,24.75,25.02,24.33,24.57
2023-12-11,SYN_POOL_A16,24.89,25.14,24.46,24.68
2023-12-12,SYN_POOL_A16,24.38,25.03,24.18,24.8
2023-12-13,SYN_POOL_A16,24.52,24.72,23.67,23.84
2023-12-14,SYN_POOL_A16,23.59,24.14,23.44,23.96
2023-12-15,SYN_POOL_A16,23.73,24.23,23.59,24.07
2023-12-18,SYN_POOL_A16,23.86,24.33,23.74,24.18
2023-12-19,SYN_POOL_A16,24.0,24.43,23.9,24.3
2023-12-20,SYN_POOL_A16,24.13,24.52,24.05,24.41
2023-12-21,SYN_POOL_A16,24.27,24.62,24.2,24.52
2023-12-22,SYN_POOL_A16,24.41,24.71,24.36,24.64
2023-12-25,SYN_POOL_A16,24.54,24.81,24.52,24.75
2023-12-26,SYN_POOL_A16,24.68,24.9,24.67,24.87
2023-12-27,SYN_POOL_A16,24.82,25.0,24.81,24.98
2023-12-28,SYN_POOL_A16,24.96,25.1,24.93,25.1
2023-12-29,SYN_POOL_A16,25.1,25.24,25.05,25.22
2024-01-01,SYN_POOL_A16,25.24,25.38,25.17,25.33
2024-01-02,SYN_POOL_A16,25.38,25.51,25.28,25.45
2024-01-03,SYN_POOL_A16,25.52,25.65,25.4,25.56
2024-01-04,SYN_POOL_A16,25.66,25.79,25.52,25.68
2024-01-05,SYN_POOL_A16,25.8,25.92,25.64,25.8
2024-01-08,SYN_POOL_A16,25.94,26.08,25.74,25.92
2024-01-09,SYN_POOL_A16,26.08,26.25,25.84,26.03
2024-01-10,SYN_POOL_A16,26.22,26.41,25.93,26.15
2024-01-11,SYN_POOL_A16,26.37,26.58,26.03,26.27
2024-01-12,SYN_POOL_A16,26.51,26.74,26.13,26.39
2024-01-15,SYN_POOL_A16,26.65,26.91,26.22,26.5
2024-01-16,SYN_POOL_A16,26.8,27.07,26.34,26.62
2024-01-17,SYN_POOL_A16,26.94,27.24,26.48,26.74
2024-01-18,SYN_POOL_A16,27.09,27.36,26.62,26.86
2024-01-19,SYN_POOL_A16,26.53,27.23,26.3,26.98
2024-01-22,SYN_POOL_A16,26.67,26.9,25.74,25.93
2024-01-23,SYN_POOL_A16,25.66,26.25,25.49,26.05
2024-01-24,SYN_POOL_A16,25.8,26.35,25.64,26.17
2024-01-25,SYN_POOL_A16,25.94,26.45,25.8,26.28
2024-01-26,SYN_POOL_A16,26.08,26.55,25.96,26.4
2024-01-29,SYN_POOL_A16,26.22,26.64,26.12,26.52
2024-01-30,SYN_POOL_A16,26.36,26.74,26.29,26.64
2024-01-31,SYN_POOL_A16,26.5,26.76,26.45,26.67
2024-02-01,SYN_POOL_A16,26.56,26.69,26.53,26.63
2024-02-02,SYN_POOL_A16,26.55,26.63,26.53,26.59
2024-02-05,SYN_POOL_A16,26.53,26.57,26.52,26.55
2024-02-06,SYN_POOL_A16,26.51,26.51,26.48,26.5
2024-02-07,SYN_POOL_A16,26.49,26.51,26.41,26.46
2024-02-08,SYN_POOL_A16,26.48,26.52,26.35,26.42
2024-02-09,SYN_POOL_A16,26.46,26.52,26.28,26.37
2024-02-12,SYN_POOL_A16,26.44,26.52,26.22,26.33
2024-02-13,SYN_POOL_A16,26.42,26.52,26.15,26.28
2024-02-14,SYN_POOL_A16,26.4,26.52,26.09,26.24
2024-02-15,SYN_POOL_A16,26.38,26.52,26.02,26.19
2024-02-16,SYN_POOL_A16,26.36,26.52,25.96,26.15
2024-02-19,SYN_POOL_A16,26.34,26.52,25.89,26.1
2024-02-20,SYN_POOL_A16,26.31,26.52,25.83,26.06
2024-02-21,SYN_POOL_A16,26.29,26.52,25.76,26.01
2024-02-22,SYN_POOL_A16,26.27,26.52,25.69,25.96
2024-02-23,SYN_POOL_A16,26.25,26.51,25.64,25.92
2024-02-26,SYN_POOL_A16,26.22,26.51,25.61,25.87
2024-02-27,SYN_POOL_A16,26.2,26.47,25.59,25.82
2024-02-28,SYN_POOL_A16,25.5,26.02,25.28,25.78
2024-02-29,SYN_POOL_A16,25.47,25.7,24.43,24.62
2024-03-01,SYN_POOL_A16,24.35,24.77,24.19,24.58
2024-03-04,SYN_POOL_A16,24.33,24.71,24.19,24.53
2024-03-05,SYN_POOL_A16,24.31,24.65,24.18,24.49
2024-03-06,SYN_POOL_A16,24.29,24.58,24.18,24.44
2024-03-07,SYN_POOL_A16,24.27,24.52,24.18,24.4
2024-03-08,SYN_POOL_A16,24.25,24.45,24.18,24.35
2024-03-11,SYN_POOL_A16,24.23,24.39,24.17,24.31
2024-03-12,SYN_POOL_A16,24.2,24.32,24.17,24.26
2024-03-13,SYN_POOL_A16,24.18,24.26,24.16,24.21
2024-03-14,SYN_POOL_A16,24.16,24.19,24.15,24.17
2024-03-15,SYN_POOL_A16,24.13,24.14,24.1,24.12
2024-03-18,SYN_POOL_A16,24.11,24.12,24.03,24.07
2024-03-19,SYN_POOL_A16,24.08,24.12,23.97,24.03
2024-03-20,SYN_POOL_A16,24.06,24.11,23.9,23.98
2024-03-21,SYN_POOL_A16,24.03,24.1,23.84,23.93
2024-03-22,SYN_POOL_A16,24.01,24.1,23.77,23.88
2024-03-25,SYN_POOL_A16,23.98,24.09,23.7,23.83
2024-03-26,SYN_POOL_A16,23.96,24.08,23.64,23.79
2024-03-27,SYN_POOL_A16,23.93,24.07,23.57,23.74
2024-03-28,SYN_POOL_A16,23.9,24.07,23.5,23.69
2024-03-29,SYN_POOL_A16,23.87,24.06,23.43,23.64
2024-04-01,SYN_POOL_A16,23.85,24.05,23.37,23.59
2024-04-02,SYN_POOL_A16,23.82,24.04,23.3,23.54
2024-04-03,SYN_POOL_A16,23.79,24.03,23.23,23.49
2024-04-04,SYN_POOL_A16,23.76,24.02,23.2,23.44
2024-04-05,SYN_POOL_A16,23.73,23.98,23.17,23.39
2024-04-08,SYN_POOL_A16,23.09,23.56,22.89,23.34
2024-04-09,SYN_POOL_A16,23.06,23.49,22.88,23.28
2024-04-10,SYN_POOL_A16,23.03,23.21,22.08,22.23
2024-04-11,SYN_POOL_A16,22.01,22.35,21.87,22.19
2024-04-12,SYN_POOL_A16,21.98,22.28,21.86,22.14
2024-04-15,SYN_POOL_A16,21.96,22.22,21.85,22.09
2024-04-16,SYN_POOL_A16,21.93,22.15,21.84,22.04
2024-04-17,SYN_POOL_A16,21.9,22.08,21.83,21.99
2024-04-18,SYN_POOL_A16,21.87,22.02,21.82,21.94
2024-04-19,SYN_POOL_A16,21.84,21.95,21.81,21.89
2024-04-22,SYN_POOL_A16,21.81,21.88,21.8,21.84
2024-04-23,SYN_POOL_A16,21.78,21.82,21.78,21.79
2024-04-24,SYN_POOL_A16,21.76,21.76,21.73,21.74
2024-04-25,SYN_POOL_A16,21.72,21.73,21.66,21.69
2024-04-26,SYN_POOL_A16,21.69,21.72,21.59,21.64
2024-04-29,SYN_POOL_A16,21.66,21.71,21.52,21.59
2024-04-30,SYN_POOL_A16,21.63,21.69,21.45,21.54
2024-05-01,SYN_POOL_A16,21.6,21.68,21.39,21.48
2024-05-02,SYN_POOL_A16,21.57,21.66,21.32,21.43
2024-05-03,SYN_POOL_A16,21.54,21.65,21.25,21.38
2024-05-06,SYN_POOL_A16,21.5,21.63,21.18,21.33
2024-05-07,SYN_POOL_A16,21.47,21.61,21.11,21.27
2024-05-08,SYN_POOL_A16,21.44,21.6,21.04,21.22
2024-05-09,SYN_POOL_A16,21.4,21.58,20.97,21.17
2024-05-10,SYN_POOL_A16,21.37,21.56,20.9,21.11
2024-05-13,SYN_POOL_A16,21.34,21.54,20.83,21.06
2024-05-14,SYN_POOL_A16,21.3,21.53,20.79,21.01
2024-05-15,SYN_POOL_A16,21.27,21.49,20.75,20.95
2024-05-16,SYN_POOL_A16,20.68,21.1,20.5,20.9
2024-05-17,SYN_POOL_A16,20.64,21.03,20.48,20.84
2024-05-20,SYN_POOL_A16,20.61,20.78,19.75,19.89
2024-05-21,SYN_POOL_A16,19.69,19.99,19.56,19.84
2024-05-22,SYN_POOL_A16,19.65,19.92,19.54,19.79
2024-05-23,SYN_POOL_A16,19.62,19.85,19.53,19.74
2024-05-24,SYN_POOL_A16,19.59,19.79,19.51,19.68
2024-05-27,SYN_POOL_A16,19.55,19.72,19.49,19.63
2024-05-28,SYN_POOL_A16,19.52,19.65,19.47,19.58
2024-05-29,SYN_POOL_A16,19.49,19.58,19.45,19.52
2024-05-30,SYN_POOL_A16,19.45,19.51,19.43,19.47
2024-05-31,SYN_POOL_A16,19.42,19.44,19.41,19.42
2024-06-03,SYN_POOL_A16,19.38,19.39,19.35,19.36
2024-06-04,SYN_POOL_A16,19.34,19.35,19.28,19.31
2024-06-05,SYN_POOL_A16,19.31,19.33,19.21,19.25
2024-06-06,SYN_POOL_A16,19.27,19.31,19.14,19.2
2024-06-07,SYN_POOL_A16,19.23,19.28,19.07,19.14
2024-06-10,SYN_POOL_A16,19.2,19.26,19.0,19.09
2024-06-11,SYN_POOL_A16,19.16,19.24,18.93,19.03
2024-06-12,SYN_POOL_A16,19.12,19.22,18.86,18.98
2024-06-13,SYN_POOL_A16,19.08,19.19,18.79,18.92
2024-06-14,SYN_POOL_A16,19.04,19.17,18.72,18.86
2024-06-17,SYN_POOL_A16,19.0,19.14,18.65,18.81
2024-06-18,SYN_POOL_A16,18.96,19.12,18.58,18.75
2024-06-19,SYN_POOL_A16,18.92,19.09,18.51,18.69
2024-06-20,SYN_POOL_A16,18.88,19.07,18.43,18.63
2024-06-21,SYN_POOL_A16,18.84,19.04,18.38,18.58
2024-06-24,SYN_POOL_A16,18.8,19.0,18.34,18.52
2024-06-25,SYN_POOL_A16,18.76,18.95,18.29,18.46
2024-06-26,SYN_POOL_A16,18.23,18.57,18.08,18.4
2024-06-27,SYN_POOL_A16,18.19,18.34,17.42,17.55
2024-06-28,SYN_POOL_A16,17.37,17.63,17.25,17.5
2024-07-01,SYN_POOL_A16,17.33,17.56,17.23,17.44
2024-07-02,SYN_POOL_A16,17.29,17.49,17.2,17.39
2024-07-03,SYN_POOL_A16,17.25,17.42,17.18,17.33
2024-07-04,SYN_POOL_A16,17.21,17.35,17.15,17.27
2024-07-05,SYN_POOL_A16,17.17,17.28,17.13,17.22
2024-07-08,SYN_POOL_A16,17.13,17.21,17.1,17.16
2024-07-09,SYN_POOL_A16,17.09,17.14,17.07,17.1
2024-07-10,SYN_POOL_A16,17.05,17.07,17.04,17.04
2024-07-11,SYN_POOL_A16,17.01,17.02,16.98,16.99
2024-07-12,SYN_POOL_A16,16.97,16.97,16.92,16.94
2024-07-15,SYN_POOL_A16,16.93,17.05,16.9,17.04
2024-07-16,SYN_POOL_A16,17.05,17.17,17.0,17.14
2024-07-17,SYN_POOL_A16,17.17,17.29,17.11,17.24
2024-07-18,SYN_POOL_A16,17.29,17.4,17.22,17.35
2024-07-19,SYN_POOL_A16,17.41,17.52,17.32,17.45
2024-07-22,SYN_POOL_A16,17.53,17.64,17.43,17.56
2024-07-23,SYN_POOL_A16,17.65,17.76,17.53,17.66
2024-07-24,SYN_POOL_A16,17.77,17.89,17.63,17.77
2024-07-25,SYN_POOL_A16,17.9,18.02,17.72,17.87
2024-07-26,SYN_POOL_A16,18.02,18.16,17.81,17.98
2024-07-29,SYN_POOL_A16,18.14,18.3,17.9,18.08
2024-07-30,SYN_POOL_A16,18.26,18.44,17.99,18.19
2024-07-31,SYN_POOL_A16,18.39,18.58,18.1,18.29
2024-08-01,SYN_POOL_A16,18.51,18.71,18.22,18.4
2024-08-02,SYN_POOL_A16,18.64,18.83,18.34,18.5
2024-08-05,SYN_POOL_A16,18.27,18.79,18.12,18.61
2024-08-06,SYN_POOL_A16,18.39,18.55,17.78,17.91
2024-08-07,SYN_POOL_A16,17.72,18.16,17.6,18.02
2024-08-08,SYN_POOL_A16,17.84,18.25,17.73,18.12
2024-08-09,SYN_POOL_A16,17.96,18.34,17.87,18.22
2024-08-12,SYN_POOL_A16,18.08,18.43,18.0,18.33
2024-08-13,SYN_POOL_A16,18.2,18.52,18.13,18.43
2024-08-14,SYN_POOL_A16,18.32,18.61,18.27,18.54
2024-08-15,SYN_POOL_A16,18.44,18.7,18.41,18.64
2024-08-16,SYN_POOL_A16,18.57,18.79,18.54,18.75
2024-08-19,SYN_POOL_A16,18.69,18.88,18.68,18.85
2024-08-20,SYN_POOL_A16,18.81,18.98,18.81,18.96
2024-08-21,SYN_POOL_A16,18.93,19.07,18.92,19.07
2024-08-22,SYN_POOL_A16,19.06,19.19,19.02,19.17
2024-08-23,SYN_POOL_A16,19.18,19.31,19.13,19.28
2024-08-26,SYN_POOL_A16,19.31,19.43,19.24,19.39
2024-08-27,SYN_POOL_A16,19.43,19.55,19.35,19.49
2024-08-28,SYN_POOL_A16,19.56,19.68,19.46,19.6
2024-08-29,SYN_POOL_A16,19.68,19.8,19.57,19.71
2024-08-30,SYN_POOL_A16,19.81,19.92,19.68,19.81
2024-09-02,SYN_POOL_A16,19.94,20.06,19.78,19.92
2024-09-03,SYN_POOL_A16,20.06,20.2,19.87,20.03
2024-09-04,SYN_POOL_A16,20.19,20.35,19.96,20.14
2024-09-05,SYN_POOL_A16,20.32,20.49,20.05,20.25
2024-09-06,SYN_POOL_A16,20.45,20.64,20.15,20.36
2024-09-09,SYN_POOL_A16,20.58,20.79,20.24,20.47
2024-09-10,SYN_POOL_A16,20.71,20.93,20.37,20.58
2024-09-11,SYN_POOL_A16,20.84,21.05,20.49,20.69
2024-09-12,SYN_POOL_A16,20.42,20.99,20.25,20.8
2024-09-13,SYN_POOL_A16,20.55,20.73,19.85,20.01
2024-09-16,SYN_POOL_A16,19.79,20.27,19.65,20.11
2024-09-17,SYN_POOL_A16,19.91,20.37,19.79,20.22
2024-09-18,SYN_POOL_A16,20.04,20.46,19.93,20.33
2024-09-19,SYN_POOL_A16,20.16,20.55,20.07,20.43
2024-09-20,SYN_POOL_A16,20.29,20.64,20.21,20.54
2024-09-23,SYN_POOL_A16,20.41,20.74,20.35,20.65
2024-09-24,SYN_POOL_A16,20.54,20.83,20.5,20.76
2024-09-25,SYN_POOL_A16,20.67,20.92,20.64,20.87
2024-09-26,SYN_POOL_A16,20.8,21.01,20.78,20.98
2024-09-27,SYN_POOL_A16,20.92,21.11,20.92,21.09
2024-09-30,SYN_POOL_A16,21.05,21.2,21.04,21.2
2024-10-01,SYN_POOL_A16,21.18,21.32,21.15,21.3
2024-10-02,SYN_POOL_A16,21.31,21.44,21.26,21.41
2024-10-03,SYN_POOL_A16,21.44,21.57,21.37,21.52
2024-10-04,SYN_POOL_A16,21.57,21.7,21.49,21.63
2024-10-07,SYN_POOL_A16,21.7,21.83,21.6,21.75
2024-10-08,SYN_POOL_A16,21.83,21.95,21.71,21.86
2024-10-09,SYN_POOL_A16,21.97,22.08,21.83,21.97
2024-10-10,SYN_POOL_A16,22.1,22.23,21.92,22.08
2024-10-11,SYN_POOL_A16,22.23,22.38,22.02,22.19
2024-10-14,SYN_POOL_A16,22.36,22.53,22.11,22.3
2024-10-15,SYN_POOL_A16,22.5,22.69,22.2,22.41
2024-10-16,SYN_POOL_A16,22.63,22.84,22.3,22.53
2024-10-17,SYN_POOL_A16,22.77,22.99,22.39,22.64
2024-10-18,SYN_POOL_A16,22.9,23.15,22.52,22.75
2024-10-21,SYN_POOL_A16,23.04,23.28,22.65,22.86
2024-10-22,SYN_POOL_A16,22.57,23.2,22.37,22.98
2024-10-23,SYN_POOL_A16,22.7,23.3,22.52,23.09
2024-10-24,SYN_POOL_A16,22.83,23.02,22.05,22.21
2024-10-25,SYN_POOL_A16,21.98,22.48,21.84,22.32
2024-10-28,SYN_POOL_A16,22.11,22.58,21.99,22.43
2024-10-29,SYN_POOL_A16,22.24,22.67,22.14,22.54
2024-10-30,SYN_POOL_A16,22.37,22.77,22.28,22.65
2024-10-31,SYN_POOL_A16,22.51,22.86,22.43,22.76
2024-11-01,SYN_POOL_A16,22.64,22.95,22.58,22.87
2024-11-04,SYN_POOL_A16,22.77,23.05,22.73,22.99
2024-11-05,SYN_POOL_A16,22.9,23.14,22.88,23.1
2024-11-06,SYN_POOL_A16,23.04,23.24,23.03,23.21
2024-11-07,SYN_POOL_A16,23.17,23.33,23.15,23.32
2024-11-08,SYN_POOL_A16,23.3,23.45,23.27,23.44
2024-11-11,SYN_POOL_A16,23.44,23.58,23.39,23.55
2024-11-12,SYN_POOL_A16,23.57,23.71,23.5,23.66
2024-11-13,SYN_POOL_A16,23.71,23.84,23.62,23.78
2024-11-14,SYN_POOL_A16,23.85,23.97,23.74,23.89
2024-11-15,SYN_POOL_A16,23.98,24.11,23.85,24.0
2024-11-18,SYN_POOL_A16,24.12,24.24,23.97,24.12
2024-11-19,SYN_POOL_A16,24.26,24.4,24.07,24.23
2024-11-20,SYN_POOL_A16,24.4,24.56,24.16,24.35
2024-11-21,SYN_POOL_A16,24.53,24.72,24.26,24.46
2024-11-22,SYN_POOL_A16,24.67,24.87,24.35,24.58
2024-11-25,SYN_POOL_A16,24.81,25.03,24.45,24.69
2024-11-26,SYN_POOL_A16,24.95,25.19,24.54,24.81
2024-11-27,SYN_POOL_A16,25.09,25.36,24.67,24.93
2024-11-28,SYN_POOL_A16,25.23,25.5,24.8,25.04
2024-11-29,SYN_POOL_A16,24.71,25.41,24.49,25.16
2024-12-02,SYN_POOL_A16,24.85,25.51,24.65,25.28
2024-12-03,SYN_POOL_A16,24.99,25.2,24.12,24.3
2024-12-04,SYN_POOL_A16,24.05,24.6,23.89,24.41
2024-12-05,SYN_POOL_A16,24.18,24.69,24.05,24.53
2024-12-06,SYN_POOL_A16,24.32,24.79,24.2,24.64
2024-12-09,SYN_POOL_A16,24.46,24.89,24.35,24.76
2024-12-10,SYN_POOL_A16,24.59,24.98,24.51,24.87
2024-12-11,SYN_POOL_A16,24.73,25.08,24.67,24.99
2024-12-12,SYN_POOL_A16,24.87,25.17,24.82,25.1
2024-12-13,SYN_POOL_A16,25.01,25.27,24.98,25.22
2024-12-16,SYN_POOL_A16,25.15,25.37,25.14,25.33
2024-12-17,SYN_POOL_A16,25.28,25.46,25.27,25.45
2024-12-18,SYN_POOL_A16,25.42,25.57,25.39,25.57
2024-12-19,SYN_POOL_A16,25.56,25.71,25.51,25.68
2024-12-20,SYN_POOL_A16,25.7,25.85,25.63,25.8
2024-12-23,SYN_POOL_A16,25.85,25.98,25.75,25.92
2024-12-24,SYN_POOL_A16,25.99,26.12,25.87,26.03
2024-12-25,SYN_POOL_A16,26.13,26.24,25.93,26.07
2024-12-26,SYN_POOL_A16,26.19,26.31,25.89,26.04
2024-12-27,SYN_POOL_A16,26.19,26.34,25.84,26.02
2024-12-30,SYN_POOL_A16,26.19,26.36,25.8,25.99
2024-12-31,SYN_POOL_A16,26.19,26.38,25.75,25.97
2025-01-01,SYN_POOL_A16,26.19,26.4,25.71,25.95
2025-01-02,SYN_POOL_A16,26.19,26.42,25.66,25.92
2025-01-03,SYN_POOL_A16,26.19,26.44,25.62,25.9
2025-01-06,SYN_POOL_A16,26.18,26.46,25.6,25.87
2025-01-07,SYN_POOL_A16,26.18,26.47,25.59,25.85
2025-01-08,SYN_POOL_A16,26.18,26.45,25.59,25.82
2025-01-09,SYN_POOL_A16,25.5,26.03,25.29,25.79
2025-01-10,SYN_POOL_A16,25.5,25.71,24.48,24.66
2025-01-13,SYN_POOL_A16,24.4,24.83,24.24,24.64
2025-01-14,SYN_POOL_A16,24.4,24.78,24.26,24.61
2025-01-15,SYN_POOL_A16,24.4,24.74,24.27,24.59
2025-01-16,SYN_POOL_A16,24.4,24.7,24.29,24.56
2025-01-17,SYN_POOL_A16,24.4,24.65,24.31,24.54
2025-01-20,SYN_POOL_A16,24.4,24.61,24.33,24.52
2025-01-21,SYN_POOL_A16,24.4,24.57,24.35,24.49
2025-01-22,SYN_POOL_A16,24.39,24.52,24.36,24.47
2025-01-23,SYN_POOL_A16,24.39,24.48,24.38,24.44
2025-01-24,SYN_POOL_A16,24.39,24.43,24.38,24.42
2025-01-27,SYN_POOL_A16,24.39,24.39,24.36,24.39
2025-01-28,SYN_POOL_A16,24.39,24.41,24.32,24.37
2025-01-29,SYN_POOL_A16,24.38,24.42,24.28,24.34
2025-01-30,SYN_POOL_A16,24.38,24.44,24.23,24.32
2025-01-31,SYN_POOL_A16,24.38,24.45,24.19,24.29
2025-02-03,SYN_POOL_A16,24.37,24.47,24.14,24.26
2025-02-04,SYN_POOL_A16,24.37,24.49,24.1,24.24
2025-02-05,SYN_POOL_A16,24.37,24.5,24.05,24.21
2025-02-06,SYN_POOL_A16,24.36,24.52,24.0,24.18
2025-02-07,SYN_POOL_A16,24.36,24.53,23.96,24.16
2025-02-10,SYN_POOL_A16,24.35,24.54,23.91,24.13
2025-02-11,SYN_POOL_A16,24.35,24.56,23.87,24.1
2025-02-12,SYN_POOL_A16,24.34,24.57,23.82,24.07
2025-02-13,SYN_POOL_A16,24.34,24.59,23.79,24.05
2025-02-14,SYN_POOL_A16,24.33,24.6,23.78,24.02
2025-02-17,SYN_POOL_A16,24.33,24.57,23.77,23.99
2025-02-18,SYN_POOL_A16,23.69,24.19,23.49,23.96
2025-02-19,SYN_POOL_A16,23.68,23.89,22.73,22.9
2025-02-20,SYN_POOL_A16,22.66,23.06,22.5,22.88
2025-02-21,SYN_POOL_A16,22.65,23.01,22.51,22.85
2025-02-24,SYN_POOL_A16,22.65,22.97,22.53,22.82
2025-02-25,SYN_POOL_A16,22.64,22.92,22.54,22.8
2025-02-26,SYN_POOL_A16,22.64,22.88,22.55,22.77
2025-02-27,SYN_POOL_A16,22.63,22.83,22.56,22.74
2025-02-28,SYN_POOL_A16,22.63,22.79,22.58,22.72
2025-03-03,SYN_POOL_A16,22.62,22.74,22.59,22.69
2025-03-04,SYN_POOL_A16,22.61,22.7,22.6,22.66
2025-03-05,SYN_POOL_A16,22.61,22.65,22.6,22.63
2025-03-06,SYN_POOL_A16,22.6,22.61,22.58,22.6
2025-03-07,SYN_POOL_A16,22.59,22.61,22.54,22.58
2025-03-10,SYN_POOL_A16,22.59,22.62,22.49,22.55
2025-03-11,SYN_POOL_A16,22.58,22.63,22.44,22.52
2025-03-12,SYN_POOL_A16,22.57,22.64,22.4,22.49
2025-03-13,SYN_POOL_A16,22.56,22.65,22.35,22.46
2025-03-14,SYN_POOL_A16,22.56,22.66,22.3,22.43
2025-03-17,SYN_POOL_A16,22.55,22.67,22.26,22.4
2025-03-18,SYN_POOL_A16,22.54,22.68,22.21,22.37
2025-03-19,SYN_POOL_A16,22.53,22.69,22.16,22.34
2025-03-20,SYN_POOL_A16,22.52,22.69,22.12,22.31
2025-03-21,SYN_POOL_A16,22.51,22.7,22.07,22.28
2025-03-24,SYN_POOL_A16,22.5,22.71,22.02,22.25
2025-03-25,SYN_POOL_A16,22.49,22.72,21.98,22.22
2025-03-26,SYN_POOL_A16,22.48,22.72,21.97,22.19
2025-03-27,SYN_POOL_A16,22.47,22.7,21.95,22.16
2025-03-28,SYN_POOL_A16,21.88,22.34,21.69,22.13
2025-03-31,SYN_POOL_A16,21.86,22.06,20.98,21.15
2025-04-01,SYN_POOL_A16,20.91,21.29,20.77,21.12
2025-04-02,SYN_POOL_A16,20.9,21.24,20.78,21.09
2025-04-03,SYN_POOL_A16,20.9,21.19,20.78,21.06
2025-04-04,SYN_POOL_A16,20.89,21.15,20.79,21.03
2025-04-07,SYN_POOL_A16,20.88,21.1,20.8,21.0
2025-04-08,SYN_POOL_A16,20.87,21.06,20.8,20.97
2025-04-09,SYN_POOL_A16,20.86,21.01,20.81,20.94
2025-04-10,SYN_POOL_A16,20.85,20.96,20.82,20.91
2025-04-11,SYN_POOL_A16,20.84,20.92,20.82,20.88
2025-04-14,SYN_POOL_A16,20.83,20.87,20.83,20.85
2025-04-15,SYN_POOL_A16,20.81,20.82,20.8,20.82
2025-04-16,SYN_POOL_A16,20.8,20.81,20.75,20.79
2025-04-17,SYN_POOL_A16,20.79,20.82,20.71,20.75
2025-04-18,SYN_POOL_A16,20.78,20.82,20.66,20.72
2025-04-21,SYN_POOL_A16,20.77,20.83,20.61,20.69
2025-04-22,SYN_POOL_A16,20.76,20.83,20.56,20.66
2025-04-23,SYN_POOL_A16,20.74,20.83,20.51,20.63
2025-04-24,SYN_POOL_A16,20.73,20.84,20.47,20.6
2025-04-25,SYN_POOL_A16,20.72,20.84,20.42,20.56
2025-04-28,SYN_POOL_A16,20.7,20.84,20.37,20.53
2025-04-29,SYN_POOL_A16,20.69,20.85,20.32,20.5
2025-04-30,SYN_POOL_A16,20.68,20.85,20.27,20.46
2025-05-01,SYN_POOL_A16,20.66,20.85,20.22,20.43
2025-05-02,SYN_POOL_A16,20.65,20.85,20.17,20.4
2025-05-05,SYN_POOL_A16,20.63,20.85,20.16,20.36
2025-05-06,SYN_POOL_A16,20.62,20.84,20.14,20.33
2025-05-07,SYN_POOL_A16,20.07,20.5,19.89,20.3
2025-05-08,SYN_POOL_A16,20.05,20.44,19.89,20.26
2025-05-09,SYN_POOL_A16,20.04,20.2,19.22,19.36
2025-05-12,SYN_POOL_A16,19.16,19.47,19.04,19.33
2025-05-13,SYN_POOL_A16,19.15,19.42,19.04,19.29
2025-05-14,SYN_POOL_A16,19.13,19.38,19.04,19.26
2025-05-15,SYN_POOL_A16,19.12,19.33,19.04,19.23
2025-05-16,SYN_POOL_A16,19.11,19.28,19.04,19.2
2025-05-19,SYN_POOL_A16,19.09,19.23,19.04,19.16
2025-05-20,SYN_POOL_A16,19.08,19.18,19.04,19.13
2025-05-21,SYN_POOL_A16,19.06,19.14,19.04,19.1
2025-05-22,SYN_POOL_A16,19.05,19.09,19.04,19.06
2025-05-23,SYN_POOL_A16,19.03,19.04,19.02,19.03
2025-05-26,SYN_POOL_A16,19.02,19.02,18.97,19.0
2025-05-27,SYN_POOL_A16,19.0,19.02,18.92,18.96
2025-05-28,SYN_POOL_A16,18.98,19.02,18.87,18.93
2025-05-29,SYN_POOL_A16,18.97,19.02,18.82,18.89
2025-05-30,SYN_POOL_A16,18.95,19.02,18.77,18.86
2025-06-02,SYN_POOL_A16,18.93,19.01,18.73,18.83
2025-06-03,SYN_POOL_A16,18.92,19.01,18.68,18.79
2025-06-04,SYN_POOL_A16,18.9,19.01,18.63,18.76
2025-06-05,SYN_POOL_A16,18.88,19.0,18.58,18.72
2025-06-06,SYN_POOL_A16,18.86,19.0,18.53,18.68
2025-06-09,SYN_POOL_A16,18.84,19.0,18.48,18.65
2025-06-10,SYN_POOL_A16,18.82,18.99,18.43,18.61
2025-06-11,SYN_POOL_A16,18.81,18.99,18.38,18.58
2025-06-12,SYN_POOL_A16,18.79,18.98,18.35,18.54
2025-06-13,SYN_POOL_A16,18.77,18.97,18.32,18.5
2025-06-16,SYN_POOL_A16,18.75,18.93,18.3,18.47
2025-06-17,SYN_POOL_A16,18.24,18.6,18.09,18.43
2025-06-18,SYN_POOL_A16,18.22,18.37,17.47,17.6
2025-06-19,SYN_POOL_A16,17.42,17.7,17.3,17.57
2025-06-20,SYN_POOL_A16,17.4,17.65,17.3,17.53
2025-06-23,SYN_POOL_A16,17.38,17.6,17.3,17.5
2025-06-24,SYN_POOL_A16,17.36,17.55,17.29,17.46
2025-06-25,SYN_POOL_A16,17.35,17.5,17.29,17.43
2025-06-26,SYN_POOL_A16,17.33,17.46,17.28,17.39
2025-06-27,SYN_POOL_A16,17.31,17.41,17.28,17.36
2025-06-30,SYN_POOL_A16,17.29,17.36,17.27,17.32
2025-07-01,SYN_POOL_A16,17.27,17.31,17.26,17.28
2025-07-02,SYN_POOL_A16,17.25,17.26,17.24,17.25
2025-07-03,SYN_POOL_A16,17.23,17.23,17.19,17.21
2025-07-04,SYN_POOL_A16,17.21,17.22,17.14,17.17
2025-07-07,SYN_POOL_A16,17.19,17.22,17.09,17.14
2025-07-08,SYN_POOL_A16,17.17,17.21,17.04,17.1
2025-07-09,SYN_POOL_A16,17.15,17.2,16.99,17.06
2025-07-10,SYN_POOL_A16,17.12,17.19,16.94,17.02
2025-07-11,SYN_POOL_A16,17.1,17.19,16.89,16.99
2025-07-14,SYN_POOL_A16,17.08,17.18,16.83,16.95
2025-07-15,SYN_POOL_A16,17.06,17.17,16.78,16.91
2025-07-16,SYN_POOL_A16,17.04,17.16,16.73,16.87
2025-07-17,SYN_POOL_A16,17.01,17.15,16.68,16.83
2025-07-18,SYN_POOL_A16,16.99,17.14,16.63,16.79
2025-07-21,SYN_POOL_A16,16.97,17.13,16.58,16.76
2025-07-22,SYN_POOL_A16,16.94,17.12,16.54,16.72
2025-07-23,SYN_POOL_A16,16.92,17.1,16.51,16.68
2025-07-24,SYN_POOL_A16,16.89,17.06,16.49,16.64
2025-07-25,SYN_POOL_A16,16.43,16.75,16.29,16.6
2025-07-28,SYN_POOL_A16,16.41,16.55,15.73,15.85
2025-07-29,SYN_POOL_A16,15.68,15.93,15.57,15.81
2025-07-30,SYN_POOL_A16,15.66,15.88,15.56,15.77
2025-07-31,SYN_POOL_A16,15.63,15.83,15.55,15.73
